url,path,type,source,status,finalUrl,title,titleLength,metaDescription,metaDescriptionLength,canonical,canonicalSelf,robots,h1Count,h1,headingCount,wordCount,restWordCount,images,imagesBadAlt,internalLinks,externalLinks,schemaTypes,lastmod
https://www.tulasihealthcare.com/blog/,/blog/,about/info,post-sitemap,200,,Blog - Tulasi Healthcare,24,,0,https://www.tulasihealthcare.com/blog/,true,"index, follow, max-image-preview:large, max-snippet:-1, max-video-preview:-1",0,,23,785,1651,5,5,230,5,WebPage CollectionPage BreadcrumbList WebSite Organization,2026-10-03T06:24:41+00:00
https://www.tulasihealthcare.com/blog/why-do-i-feel-disconnected-from-everyone/,/blog/why-do-i-feel-disconnected-from-everyone/,blog-post,post-sitemap,200,,Why do I Feel Disconnected from Everyone? - Tulasi Healthcare,61,"Feeling disconnected from everyone? Learn about loneliness, emotional disconnection, causes, and when a psychologist in Delhi can help.",135,https://www.tulasihealthcare.com/blog/why-do-i-feel-disconnected-from-everyone/,true,"index, follow, max-image-preview:large, max-snippet:-1, max-video-preview:-1",1,Feeling Disconnected from Everyone? Understanding Loneliness and,24,1218,784,7,6,225,5,Article WebPage ImageObject BreadcrumbList WebSite Organization Person,2026-09-18T03:36:43+00:00
https://www.tulasihealthcare.com/blog/how-therapy-helps-with-depression/,/blog/how-therapy-helps-with-depression/,blog-post,post-sitemap,200,,How Therapy Helps with Depression? - Tulasi Healthcare,54,"Looking for a psychologist in Delhi for depression? Learn symptoms, diagnosis, therapy options, and expert support for recovery.",128,https://www.tulasihealthcare.com/blog/how-therapy-helps-with-depression/,true,"index, follow, max-image-preview:large, max-snippet:-1, max-video-preview:-1",1,Why Is Therapy Important for Depression?,24,1216,780,7,6,228,5,Article WebPage ImageObject BreadcrumbList WebSite Organization Person,2026-09-18T03:36:43+00:00
https://www.tulasihealthcare.com/blog/what-is-dbt-therapy/,/blog/what-is-dbt-therapy/,blog-post,post-sitemap,200,,What is DBT Therapy? - Tulasi Healthcare,40,"Learn how DBT therapy helps manage emotions, reduce self-harm, and build coping skill. Get expert DBT therapy in Gurgaon at Tulasi Healthcare.",142,https://www.tulasihealthcare.com/blog/what-is-dbt-therapy/,true,"index, follow, max-image-preview:large, max-snippet:-1, max-video-preview:-1",0,,37,1313,915,7,6,226,5,Article WebPage ImageObject BreadcrumbList WebSite Organization Person,2026-09-18T03:36:43+00:00
https://www.tulasihealthcare.com/blog/what-is-it-like-to-have-schizophrenia/,/blog/what-is-it-like-to-have-schizophrenia/,blog-post,post-sitemap,200,,What is It Like to Have Schizophrenia? - Tulasi Healthcare,58,"Looking for a psychologist in Delhi for schizophrenia? Learn about symptoms, diagnosis, treatment, recovery, and expert mental health care.",139,https://www.tulasihealthcare.com/blog/what-is-it-like-to-have-schizophrenia/,true,"index, follow, max-image-preview:large, max-snippet:-1, max-video-preview:-1",1,What should You Know About Schizophrenia?,24,1491,1059,7,6,226,5,Article WebPage ImageObject BreadcrumbList WebSite Organization Person,2026-09-18T03:36:43+00:00
https://www.tulasihealthcare.com/blog/can-a-psychologist-diagnose-bipolar-disorder/,/blog/can-a-psychologist-diagnose-bipolar-disorder/,blog-post,post-sitemap,200,,Can a Psychologist Diagnose Bipolar Disorder? - Tulasi Healthcare,65,"Learn how bipolar disorder is assessed, diagnosed, and treated. Consult a trusted psychologist in Delhi for expert care and guidance today.",139,https://www.tulasihealthcare.com/blog/can-a-psychologist-diagnose-bipolar-disorder/,true,"index, follow, max-image-preview:large, max-snippet:-1, max-video-preview:-1",1,Can a Psychologist Diagnose Bipolar Disorder?,24,1229,792,7,6,230,5,Article WebPage ImageObject BreadcrumbList WebSite Organization Person,2026-09-18T03:36:43+00:00
https://www.tulasihealthcare.com/blog/why-is-mental-health-recovery-often-misunderstood/,/blog/why-is-mental-health-recovery-often-misunderstood/,blog-post,post-sitemap,200,,Why is Mental Health Recovery Often Misunderstood? - Tulasi Healthcare,70,"Understand mental health recovery, rehab progress, and when seeking support from a trusted rehab centre in Gurgaon can help you heal.",133,https://www.tulasihealthcare.com/blog/why-is-mental-health-recovery-often-misunderstood/,true,"index, follow, max-image-preview:large, max-snippet:-1, max-video-preview:-1",1,Mental Health Recovery: What You Need to Know,23,1005,567,7,6,225,5,Article WebPage ImageObject BreadcrumbList WebSite Organization Person,2026-09-18T03:36:43+00:00
https://www.tulasihealthcare.com/blog/what-is-psychosis-causes-symptoms-treatment/,/blog/what-is-psychosis-causes-symptoms-treatment/,blog-post,post-sitemap,200,,"Psychosis: Symptoms, Causes & Treatment - Tulasi Healthcare",59,"Looking for psychosis treatment in Delhi? Learn about symptoms, causes, diagnosis, treatment option, medication, therapy and recovery support.",142,https://www.tulasihealthcare.com/blog/what-is-psychosis-causes-symptoms-treatment/,true,"index, follow, max-image-preview:large, max-snippet:-1, max-video-preview:-1",1,"Psychosis: Symptoms, Causes, Diagnosis and Treatment",26,1255,821,7,7,227,5,Article WebPage ImageObject BreadcrumbList WebSite Organization Person,2026-09-18T03:36:43+00:00
https://www.tulasihealthcare.com/blog/act-therapy-a-simple-guide/,/blog/act-therapy-a-simple-guide/,blog-post,post-sitemap,200,,"ACT Therapy: A Simple Guide, Benefits & Techniques - Tulasi Healthcare",70,"Learn what ACT therapy is, its six core skills, techniques, benefits, and effectiveness for anxiety, depression, stress, and more.",130,https://www.tulasihealthcare.com/blog/act-therapy-a-simple-guide/,true,"index, follow, max-image-preview:large, max-snippet:-1, max-video-preview:-1",1,What is ACT therapy?,42,1670,1271,7,6,228,5,Article WebPage ImageObject BreadcrumbList WebSite Organization Person,2026-09-18T03:36:43+00:00
https://www.tulasihealthcare.com/blog/understanding-psychological-terms/,/blog/understanding-psychological-terms/,blog-post,post-sitemap,200,,Understanding Psychological Terms: What They Really Mean - Tulasi Healthcare,76,"Learn what OCD, trauma, narcissism and gaslighting mean, why these terms are often misunderstood, and when to see a psychologist in Gurgaon.",140,https://www.tulasihealthcare.com/blog/understanding-psychological-terms/,true,"index, follow, max-image-preview:large, max-snippet:-1, max-video-preview:-1",1,Understanding Psychological Terms: What They Really Mean and Why They Matter,22,999,554,7,6,226,5,Article WebPage ImageObject BreadcrumbList WebSite Organization Person,2026-09-18T03:36:43+00:00
https://www.tulasihealthcare.com/blog/why-does-couples-therapy-work/,/blog/why-does-couples-therapy-work/,blog-post,post-sitemap,200,,Why does Couples Therapy Work? - Tulasi Healthcare,50,"Learn how couples therapy works, what to expect in sessions, and how counselling can help build healthier, stronger relationships.",130,https://www.tulasihealthcare.com/blog/why-does-couples-therapy-work/,true,"index, follow, max-image-preview:large, max-snippet:-1, max-video-preview:-1",1,Couples Therapy: How It Works and What to Expect,23,1131,693,7,6,224,5,Article WebPage ImageObject BreadcrumbList WebSite Organization Person,2026-09-18T03:36:43+00:00
https://www.tulasihealthcare.com/blog/psychodynamic-therapy-what-it-is-and-how-it-works/,/blog/psychodynamic-therapy-what-it-is-and-how-it-works/,blog-post,post-sitemap,200,,Psychodynamic Therapy: What It Is and How It Works - Tulasi Healthcare,70,"Explore psychodynamic therapy, understand how past experiences shape your present, and build deeper self-understanding through therapy.",135,https://www.tulasihealthcare.com/blog/psychodynamic-therapy-what-it-is-and-how-it-works/,true,"index, follow, max-image-preview:large, max-snippet:-1, max-video-preview:-1",1,Psychodynamic Therapy: Understanding the Approach,25,1143,711,7,6,224,5,Article WebPage ImageObject BreadcrumbList WebSite Organization Person,2026-09-18T03:36:43+00:00
https://www.tulasihealthcare.com/blog/how-to-verify-psychologist-rci-registration/,/blog/how-to-verify-psychologist-rci-registration/,blog-post,post-sitemap,200,,How to Verify a Psychologist's RCI Registration- Tulasi Healthcare,66,"Learn how to verify a psychologist's RCI registration, qualifications, and experience before booking a trusted psychologist in Delhi today.",139,https://www.tulasihealthcare.com/blog/how-to-verify-psychologist-rci-registration/,true,"index, follow, max-image-preview:large, max-snippet:-1, max-video-preview:-1",1,RCI Registered Psychologist: What to Check Before Booking?,30,1136,706,7,6,227,5,Article WebPage ImageObject BreadcrumbList WebSite Organization Person,2026-09-18T03:36:44+00:00
https://www.tulasihealthcare.com/blog/understanding-bipolar-disorder-signs-symptoms/,/blog/understanding-bipolar-disorder-signs-symptoms/,blog-post,post-sitemap,200,,"Bipolar Disorder: Symptoms, Signs & Treatment Guide - Tulasi Healthcare",71,"Explore bipolar disorder signs, symptoms, diagnosis, treatment, and how the right support can help people live healthy, meaningful lives",136,https://www.tulasihealthcare.com/blog/understanding-bipolar-disorder-signs-symptoms/,true,"index, follow, max-image-preview:large, max-snippet:-1, max-video-preview:-1",1,"Bipolar Disorder Explained: Signs, Symptoms, Daily Life, and Treatment",31,1725,1295,7,6,226,5,Article WebPage ImageObject BreadcrumbList WebSite Organization Person,2026-09-18T03:36:44+00:00
https://www.tulasihealthcare.com/blog/when-should-you-go-to-a-deaddiction-centre-for-help/,/blog/when-should-you-go-to-a-deaddiction-centre-for-help/,blog-post,post-sitemap,200,,When Should You go to a Deaddiction Centre for Help? - Tulasi Healthcare,72,"Learn substance abuse symptoms, causes, and treatment options. Find trusted support at a deaddiction centre near me with expert care today.",139,https://www.tulasihealthcare.com/blog/when-should-you-go-to-a-deaddiction-centre-for-help/,true,"index, follow, max-image-preview:large, max-snippet:-1, max-video-preview:-1",1,"Understanding Substance Abuse: Symptoms, Causes and Treatment",23,1160,717,7,6,228,5,Article WebPage ImageObject BreadcrumbList WebSite Organization Person,2026-09-18T03:36:44+00:00
https://www.tulasihealthcare.com/blog/what-happens-during-the-deaddiction-treatment-programme/,/blog/what-happens-during-the-deaddiction-treatment-programme/,blog-post,post-sitemap,200,,What Happens During the Deaddiction Treatment Programme? - Tulasi Healthcare,76,"Learn about addiction signs, causes, and treatment at a deaddiction center with detox, therapy, counselling, and long-term recovery support.",140,https://www.tulasihealthcare.com/blog/what-happens-during-the-deaddiction-treatment-programme/,true,"index, follow, max-image-preview:large, max-snippet:-1, max-video-preview:-1",1,"Deaddiction Treatment Programme: Signs, Causes & Treatment Process",32,1330,895,8,6,226,5,Article WebPage ImageObject BreadcrumbList WebSite Organization Person,2026-09-18T03:36:44+00:00
https://www.tulasihealthcare.com/blog/top-5-questions-to-ask-a-psychologist-before-your-first-appointment/,/blog/top-5-questions-to-ask-a-psychologist-before-your-first-appointment/,blog-post,post-sitemap,200,,What Are the Top 5 Questions to Ask a Psychologist? - Tulasi Healthcare,71,"Learn top 5 questions to ask a psychologist before therapy. Know signs, treatment options, and mental health guidance for support.",130,https://www.tulasihealthcare.com/blog/top-5-questions-to-ask-a-psychologist-before-your-first-appointment/,true,"index, follow, max-image-preview:large, max-snippet:-1, max-video-preview:-1",1,What are the Top 5 Questions to Ask a Psychologist Before Therapy,35,1311,874,8,6,230,5,Article WebPage ImageObject BreadcrumbList WebSite Organization Person,2026-09-18T03:36:44+00:00
https://www.tulasihealthcare.com/blog/what-happens-in-your-first-therapy-session/,/blog/what-happens-in-your-first-therapy-session/,blog-post,post-sitemap,200,,First Therapy Session: What to Expect and How to Prepare - Tulasi Healthcare,76,"What happens in your first therapy session? Learn therapist questions, treatment options, common concerns from the best psychologist in India.",142,https://www.tulasihealthcare.com/blog/what-happens-in-your-first-therapy-session/,true,"index, follow, max-image-preview:large, max-snippet:-1, max-video-preview:-1",1,First Therapy Session: What to Expect and How to Prepare,32,1374,945,7,6,230,5,Article WebPage ImageObject BreadcrumbList WebSite Organization Person,2026-09-18T03:36:44+00:00
https://www.tulasihealthcare.com/blog/what-to-expect-during-your-childs-first-counseling-session/,/blog/what-to-expect-during-your-childs-first-counseling-session/,blog-post,post-sitemap,200,,What to Expect During Your Child’s First Counseling Session? - Tulasi Healthcare,80,"Child counseling guide for parents in Gurgaon explaining symptoms, causes, treatment options and what to expect in first counseling session.",140,https://www.tulasihealthcare.com/blog/what-to-expect-during-your-childs-first-counseling-session/,true,"index, follow, max-image-preview:large, max-snippet:-1, max-video-preview:-1",1,Child Counseling: A Parent's Complete Guide,30,1234,795,8,6,228,5,Article WebPage ImageObject BreadcrumbList WebSite Organization Person,2026-09-18T03:36:44+00:00
https://www.tulasihealthcare.com/blog/7-signs-you-need-to-see-a-psychologist/,/blog/7-signs-you-need-to-see-a-psychologist/,blog-post,post-sitemap,200,,7 Signs You Need to See a Psychologist - Tulasi Healthcare,58,"Discover 7 signs it's time to see a psychologist and learn about common symptoms, diagnosis, and treatment options for better mental health.",140,https://www.tulasihealthcare.com/blog/7-signs-you-need-to-see-a-psychologist/,true,"index, follow, max-image-preview:large, max-snippet:-1, max-video-preview:-1",1,7 Signs You Need to See a Psychologist,30,1313,870,8,6,230,5,Article WebPage ImageObject BreadcrumbList WebSite Organization Person,2026-09-18T03:36:44+00:00
https://www.tulasihealthcare.com/blog/cbt-vs-dbt-vs-emdr-for-anxiety-and-depression/,/blog/cbt-vs-dbt-vs-emdr-for-anxiety-and-depression/,blog-post,post-sitemap,200,,CBT vs DBT vs EMDR: Best Therapy for Anxiety & Depression - Tulasi Healthcare,77,"Discover how CBT, DBT, and EMDR help manage anxiety and depression. Understand symptoms, causes, and the best therapy for your needs.",133,https://www.tulasihealthcare.com/blog/cbt-vs-dbt-vs-emdr-for-anxiety-and-depression/,true,"index, follow, max-image-preview:large, max-snippet:-1, max-video-preview:-1",1,CBT vs DBT vs EMDR: Choosing the Right Therapy for Anxiety and Depression,33,1271,831,8,6,229,6,Article WebPage ImageObject BreadcrumbList WebSite Organization Person,2026-09-18T03:36:44+00:00
https://www.tulasihealthcare.com/blog/corporate-burnout-delhi-ncr-hustle-culture-brain-effects/,/blog/corporate-burnout-delhi-ncr-hustle-culture-brain-effects/,blog-post,post-sitemap,200,,Corporate Burnout in Delhi NCR | Brain Effects & Recovery - Tulasi Healthcare,77,"Corporate burnout in Delhi NCR can impact your focus, mood, and brain health. Learn the signs and when to consult a psychologist in Delhi.",138,https://www.tulasihealthcare.com/blog/corporate-burnout-delhi-ncr-hustle-culture-brain-effects/,true,"index, follow, max-image-preview:large, max-snippet:-1, max-video-preview:-1",1,Corporate Burnout in Delhi NCR: How Hustle Culture Damages Your Brain,29,1350,914,7,7,227,5,Article WebPage ImageObject BreadcrumbList WebSite Organization Person,2026-09-18T03:36:44+00:00
https://www.tulasihealthcare.com/blog/how-can-a-psychologist-help-with-stress-and-anxiety/,/blog/how-can-a-psychologist-help-with-stress-and-anxiety/,blog-post,post-sitemap,200,,Psychologist for Stress & Anxiety - Tulasi Healthcare,53,"Get expert help for stress and anxiety with CBT, therapy, and coping strategies at Tulasi Healthcare. Regain balance and control.",129,https://www.tulasihealthcare.com/blog/how-can-a-psychologist-help-with-stress-and-anxiety/,true,"index, follow, max-image-preview:large, max-snippet:-1, max-video-preview:-1",1,How Do Psychologists Treat Stress and Anxiety?,18,605,154,7,6,226,6,Article WebPage ImageObject BreadcrumbList WebSite Organization Person,2026-09-18T03:36:45+00:00
https://www.tulasihealthcare.com/blog/how-long-does-therapy-take-with-a-psychiatrist/,/blog/how-long-does-therapy-take-with-a-psychiatrist/,blog-post,post-sitemap,200,,How Long is Psychiatric Therapy? - Tulasi Healthcare,52,The duration of therapy with a psychiatrist in Noida varies by condition. Get personalized care and a structured treatment plan today.,134,https://www.tulasihealthcare.com/blog/how-long-does-therapy-take-with-a-psychiatrist/,true,"index, follow, max-image-preview:large, max-snippet:-1, max-video-preview:-1",1,How long does treatment with a Psychiatrist Take?,18,601,149,7,6,225,6,Article WebPage ImageObject BreadcrumbList WebSite Organization Person,2026-09-18T03:36:45+00:00
https://www.tulasihealthcare.com/blog/what-are-the-best-treatments-for-depression/,/blog/what-are-the-best-treatments-for-depression/,blog-post,post-sitemap,200,,What are the Best Treatments for Depression? - Tulasi Healthcare,64,"Consult a trusted psychiatrist for depression in Delhi for personalized treatment combining therapy, medication, and lifestyle changes.",135,https://www.tulasihealthcare.com/blog/what-are-the-best-treatments-for-depression/,true,"index, follow, max-image-preview:large, max-snippet:-1, max-video-preview:-1",1,Best Treatments for Depression,18,602,155,7,6,226,5,Article WebPage ImageObject BreadcrumbList WebSite Organization Person,2026-09-18T03:36:45+00:00
https://www.tulasihealthcare.com/blog/what-are-the-most-common-misconceptions-about-therapy/,/blog/what-are-the-most-common-misconceptions-about-therapy/,blog-post,post-sitemap,200,,Common Misconceptions About Therapy - Tulasi Healthcare,55,Learn the most common myths about therapy and the truth behind them. Get expert guidance from a trusted psychiatrist in Bangalore today.,136,https://www.tulasihealthcare.com/blog/what-are-the-most-common-misconceptions-about-therapy/,true,"index, follow, max-image-preview:large, max-snippet:-1, max-video-preview:-1",1,What Are the Biggest Misconceptions About Therapy?,18,597,148,7,6,224,5,Article WebPage ImageObject BreadcrumbList WebSite Organization Person,2026-09-18T03:36:45+00:00
https://www.tulasihealthcare.com/blog/how-to-motivate-someone-to-seek-help-for-addiction/,/blog/how-to-motivate-someone-to-seek-help-for-addiction/,blog-post,post-sitemap,200,,How to Help a Loved One Overcome Addiction? - Tulasi Healthcare,63,"Gently guide a loved one through addiction and consult psychiatrist in Delhi for professional help, therapy, and long-term recovery support.",140,https://www.tulasihealthcare.com/blog/how-to-motivate-someone-to-seek-help-for-addiction/,true,"index, follow, max-image-preview:large, max-snippet:-1, max-video-preview:-1",1,How do you Motivate Someone to Get Addiction Treatment?,21,962,513,7,6,226,5,Article WebPage ImageObject BreadcrumbList WebSite Organization Person,2026-09-18T03:36:45+00:00
https://www.tulasihealthcare.com/blog/what-is-the-difference-between-stress-and-anxiety/,/blog/what-is-the-difference-between-stress-and-anxiety/,blog-post,post-sitemap,200,,Stress vs Anxiety: What is the Real Difference? - Tulasi Healthcare,67,"Understand difference between stress and anxiety, symptoms, causes and treatment. Consult best psychiatrist in delhi for expert care.",133,https://www.tulasihealthcare.com/blog/what-is-the-difference-between-stress-and-anxiety/,true,"index, follow, max-image-preview:large, max-snippet:-1, max-video-preview:-1",1,Stress vs Anxiety: What is the Real Difference?,24,986,544,7,6,225,6,Article WebPage ImageObject BreadcrumbList WebSite Organization Person,2026-09-18T03:36:45+00:00
https://www.tulasihealthcare.com/blog/can-a-schizophrenic-live-a-normal-life/,/blog/can-a-schizophrenic-live-a-normal-life/,blog-post,post-sitemap,200,,Can a Schizophrenic Live a Normal Life? - Tulasi Healthcare,59,"Schizophrenia can be managed with care from a psychiatrist in Delhi, therapy, and support, helping individuals lead stable, meaningful lives.",141,https://www.tulasihealthcare.com/blog/can-a-schizophrenic-live-a-normal-life/,true,"index, follow, max-image-preview:large, max-snippet:-1, max-video-preview:-1",1,Can you Live a Normal Life with Schizophrenia?,18,607,156,7,6,225,5,Article WebPage ImageObject BreadcrumbList WebSite Organization Person,2026-09-18T03:36:45+00:00
https://www.tulasihealthcare.com/blog/how-does-therapy-help-with-work-related-stress/,/blog/how-does-therapy-help-with-work-related-stress/,blog-post,post-sitemap,200,,How Does Therapy Help with Work Stress? - Tulasi Healthcare,59,Work stress can impact your daily life. Connect with a therapist near me to understand triggers and find healthy ways to cope better.,133,https://www.tulasihealthcare.com/blog/how-does-therapy-help-with-work-related-stress/,true,"index, follow, max-image-preview:large, max-snippet:-1, max-video-preview:-1",1,How to Manage Work-Related Stress?,18,605,156,7,6,224,5,Article WebPage ImageObject BreadcrumbList WebSite Organization Person,2026-09-18T03:36:45+00:00
https://www.tulasihealthcare.com/blog/how-does-cbt-therapy-work/,/blog/how-does-cbt-therapy-work/,blog-post,post-sitemap,200,,How does CBT Therapy Work? - Tulasi Healthcare,46,Learn how CBT therapy works to change thoughts and behaviors. Find the right therapist near me and start your journey to better mental health.,142,https://www.tulasihealthcare.com/blog/how-does-cbt-therapy-work/,true,"index, follow, max-image-preview:large, max-snippet:-1, max-video-preview:-1",1,How CBT Therapy Works: A Simple Guide,22,905,465,7,6,226,5,Article WebPage ImageObject BreadcrumbList WebSite Organization Person,2026-09-18T03:36:45+00:00
https://www.tulasihealthcare.com/blog/what-is-dtms-therapy/,/blog/what-is-dtms-therapy/,blog-post,post-sitemap,200,,What is DTMS Therapy? - Tulasi Healthcare,41,"Learn about dTMS therapy, how it works for mental health conditions, and when to search therapist near me for proper support and care.",134,https://www.tulasihealthcare.com/blog/what-is-dtms-therapy/,true,"index, follow, max-image-preview:large, max-snippet:-1, max-video-preview:-1",1,How does dTMS Therapy Help?,22,918,481,7,6,229,5,Article WebPage ImageObject BreadcrumbList WebSite Organization Person,2026-09-18T03:36:45+00:00
https://www.tulasihealthcare.com/blog/what-does-art-therapy-do/,/blog/what-does-art-therapy-do/,blog-post,post-sitemap,200,,What does Art Therapy Do? - Tulasi Healthcare,45,"Discover how art therapy supports emotional healing, stress relief, and self-awareness with a psychologist near me for mental health.",133,https://www.tulasihealthcare.com/blog/what-does-art-therapy-do/,true,"index, follow, max-image-preview:large, max-snippet:-1, max-video-preview:-1",1,How does Art Therapy Help?,22,997,559,7,6,227,5,Article WebPage ImageObject BreadcrumbList WebSite Organization Person,2026-09-18T03:36:45+00:00
https://www.tulasihealthcare.com/blog/what-is-family-therapy-types-benefits-and-solution/,/blog/what-is-family-therapy-types-benefits-and-solution/,blog-post,post-sitemap,200,,"What is Family Therapy? Types, Benefits, and Solution - Tulasi Healthcare",73,"Learn how family therapy improves communication, relationships, and mental health with support from a trusted psychologist near me.",131,https://www.tulasihealthcare.com/blog/what-is-family-therapy-types-benefits-and-solution/,true,"index, follow, max-image-preview:large, max-snippet:-1, max-video-preview:-1",1,"What is Family Therapy? Types, Benefits & How It Works",26,1087,649,7,6,227,6,Article WebPage ImageObject BreadcrumbList WebSite Organization Person,2026-09-18T03:36:45+00:00
https://www.tulasihealthcare.com/blog/how-dbt-therapy-works/,/blog/how-dbt-therapy-works/,blog-post,post-sitemap,200,,DBT Explained: How Dialectical Behaviour Therapy Works - Tulasi Healthcare,74,"Looking for a psychologist near me? Learn how DBT therapy helps manage emotions, anxiety, stress, relationship issues, and more.",128,https://www.tulasihealthcare.com/blog/how-dbt-therapy-works/,true,"index, follow, max-image-preview:large, max-snippet:-1, max-video-preview:-1",1,DBT: What It Is and How It Helps,23,1040,597,7,6,228,5,Article WebPage ImageObject BreadcrumbList WebSite Organization Person,2026-09-18T03:36:45+00:00
https://www.tulasihealthcare.com/blog/what-is-act-therapy-used-for/,/blog/what-is-act-therapy-used-for/,blog-post,post-sitemap,200,,What is ACT Therapy Used For? - Tulasi Healthcare,49,"Discover how ACT therapy helps with anxiety, stress, and overthinking through support from a psychologist near me for emotional balance.",136,https://www.tulasihealthcare.com/blog/what-is-act-therapy-used-for/,true,"index, follow, max-image-preview:large, max-snippet:-1, max-video-preview:-1",1,How does ACT Therapy Work?,22,1021,580,7,6,228,5,Article WebPage ImageObject BreadcrumbList WebSite Organization Person,2026-09-18T03:36:45+00:00
https://www.tulasihealthcare.com/blog/can-a-psychiatrist-treats-stress/,/blog/can-a-psychiatrist-treats-stress/,blog-post,post-sitemap,200,,Can a Psychiatrist Treats Stress? - Tulasi Healthcare,53,"When stress feels overwhelming, a psychiatrist in bangalore can help manage it with guidance, coping strategies, and treatment.",127,https://www.tulasihealthcare.com/blog/can-a-psychiatrist-treats-stress/,true,"index, follow, max-image-preview:large, max-snippet:-1, max-video-preview:-1",1,When Should You Seek Help for Stress?,22,893,453,7,6,226,5,Article WebPage ImageObject BreadcrumbList WebSite Organization Person,2026-09-18T03:36:45+00:00
https://www.tulasihealthcare.com/blog/when-should-you-seek-a-therapist-for-anxiety/,/blog/when-should-you-seek-a-therapist-for-anxiety/,blog-post,post-sitemap,200,,When should You Seek a Therapist for Anxiety? - Tulasi Healthcare,65,"Spot early anxiety signs like uneasiness, restlessness, and fatigue. Know when to seek a therapist near me for timely support and care.",135,https://www.tulasihealthcare.com/blog/when-should-you-seek-a-therapist-for-anxiety/,true,"index, follow, max-image-preview:large, max-snippet:-1, max-video-preview:-1",1,When does Anxiety Begin? Early Signs You Shouldn’t Ignore,23,895,452,7,6,227,5,Article WebPage ImageObject BreadcrumbList WebSite Organization Person,2026-09-18T03:36:45+00:00
https://www.tulasihealthcare.com/blog/what-are-the-most-common-treatments-for-drug-addiction/,/blog/what-are-the-most-common-treatments-for-drug-addiction/,blog-post,post-sitemap,200,,Drug Addiction Treatment & Recovery - Tulasi Healthcare,55,"Explore drug addiction treatments, early signs, therapy, and recovery options with guidance from the best psychiatrist in Delhi.",128,https://www.tulasihealthcare.com/blog/what-are-the-most-common-treatments-for-drug-addiction/,true,"index, follow, max-image-preview:large, max-snippet:-1, max-video-preview:-1",1,What Are the Most Effective Treatments for Drug Addiction and Recovery?,20,918,468,7,6,226,6,Article WebPage ImageObject BreadcrumbList WebSite Organization Person,2026-09-18T03:36:45+00:00
https://www.tulasihealthcare.com/blog/how-do-i-know-if-therapy-is-working-for-me/,/blog/how-do-i-know-if-therapy-is-working-for-me/,blog-post,post-sitemap,200,,How do I Know if Therapy is Working for Me? - Tulasi Healthcare,63,Track therapy progress through small emotional and behavioral changes. Consult a trusted psychiatrist in Noida for guided mental health care.,141,https://www.tulasihealthcare.com/blog/how-do-i-know-if-therapy-is-working-for-me/,true,"index, follow, max-image-preview:large, max-snippet:-1, max-video-preview:-1",1,Understanding Therapy Working: Key Indicators,20,898,451,7,6,227,6,Article WebPage ImageObject BreadcrumbList WebSite Organization Person,2026-09-18T03:36:45+00:00
https://www.tulasihealthcare.com/blog/is-a-psychiatrist-only-for-depression/,/blog/is-a-psychiatrist-only-for-depression/,blog-post,post-sitemap,200,,Is a Psychiatrist Only for Depression? - Tulasi Healthcare,58,"Looking for a psychiatrist in Delhi? A psychiatrist can help with depression, anxiety, stress, sleep, mood, trauma, and emotional problems.",139,https://www.tulasihealthcare.com/blog/is-a-psychiatrist-only-for-depression/,true,"index, follow, max-image-preview:large, max-snippet:-1, max-video-preview:-1",1,What can a Psychiatrist Really Help With?,24,911,475,7,6,228,6,Article WebPage ImageObject BreadcrumbList WebSite Organization Person,2026-09-18T03:36:45+00:00
https://www.tulasihealthcare.com/blog/what-is-considered-an-alcohol-disorder/,/blog/what-is-considered-an-alcohol-disorder/,blog-post,post-sitemap,200,,What is Considered an Alcohol Disorder? - Tulasi Healthcare,59,"Alcohol use disorder affects mental health, behavior, and relationships. Get expert diagnosis and treatment from a psychiatrist in Delhi.",137,https://www.tulasihealthcare.com/blog/what-is-considered-an-alcohol-disorder/,true,"index, follow, max-image-preview:large, max-snippet:-1, max-video-preview:-1",1,What Is Alcohol Use Disorder and How Can It Be Treated?,19,747,296,7,6,225,6,Article WebPage ImageObject BreadcrumbList WebSite Organization Person,2026-09-18T03:36:45+00:00
https://www.tulasihealthcare.com/blog/what-type-of-counseling-is-best-for-anxiety/,/blog/what-type-of-counseling-is-best-for-anxiety/,blog-post,post-sitemap,200,,What Type of Counseling is Best for Anxiety? - Tulasi Healthcare,64,"Wondering what type of counseling is best for anxiety? A psychologist in Gurgaon explains CBT, ACT, and mindfulness-based therapy options.",138,https://www.tulasihealthcare.com/blog/what-type-of-counseling-is-best-for-anxiety/,true,"index, follow, max-image-preview:large, max-snippet:-1, max-video-preview:-1",1,What is the Best Type of Counseling for Anxiety?,18,907,456,7,6,227,5,Article WebPage ImageObject BreadcrumbList WebSite Organization Person,2026-09-18T03:36:46+00:00
https://www.tulasihealthcare.com/blog/what-are-the-condition-and-types-of-diseases-treated-by-a-psychiatrist/,/blog/what-are-the-condition-and-types-of-diseases-treated-by-a-psychiatrist/,blog-post,post-sitemap,200,,What Conditions does a Psychiatrist Treat? – Tulasi Healthcare,62,"A psychiatrist in Delhi treats anxiety, depression, psychotic and behavioral disorders, helping children and adults improve mental health.",138,https://www.tulasihealthcare.com/blog/what-are-the-condition-and-types-of-diseases-treated-by-a-psychiatrist/,true,"index, follow, max-image-preview:large, max-snippet:-1, max-video-preview:-1",1,What Mental Health Conditions Does a Psychiatrist Treat?,22,927,479,7,6,228,6,Article WebPage ImageObject BreadcrumbList WebSite Organization Person,2026-09-18T03:36:46+00:00
https://www.tulasihealthcare.com/blog/what-not-to-say-to-your-psychiatrist/,/blog/what-not-to-say-to-your-psychiatrist/,blog-post,post-sitemap,200,,What not to Say to Your Psychiatrist? - Tulasi Healthcare,57,"Learn what not to say to a psychiatrist, why honesty matters in therapy, and how a psychiatrist in Bangalore helps guide better mental care.",140,https://www.tulasihealthcare.com/blog/what-not-to-say-to-your-psychiatrist/,true,"index, follow, max-image-preview:large, max-snippet:-1, max-video-preview:-1",1,What should You not Say to a Psychiatrist During Therapy?,22,989,546,7,6,224,6,Article WebPage ImageObject BreadcrumbList WebSite Organization Person,2026-09-18T03:36:46+00:00
https://www.tulasihealthcare.com/blog/how-quickly-can-a-psychiatrist-make-a-diagnosis/,/blog/how-quickly-can-a-psychiatrist-make-a-diagnosis/,blog-post,post-sitemap,200,,Can a Psychiatrist Diagnose You Right Away? - Tulasi Healthcare,63,Learn why a psychiatrist in Gurgaon takes time for an accurate mental health diagnosis. Accuracy matters more than speed.,121,https://www.tulasihealthcare.com/blog/how-quickly-can-a-psychiatrist-make-a-diagnosis/,true,"index, follow, max-image-preview:large, max-snippet:-1, max-video-preview:-1",1,How Long Does a Psychiatrist Take to Diagnose?,21,1015,565,7,6,227,6,Article WebPage ImageObject BreadcrumbList WebSite Organization Person,2026-09-18T03:36:46+00:00
https://www.tulasihealthcare.com/blog/is-it-okay-to-cry-in-front-of-a-psychiatrist/,/blog/is-it-okay-to-cry-in-front-of-a-psychiatrist/,blog-post,post-sitemap,200,,Is it Okay to Cry in Front of a Psychiatrist? - Tulasi Healthcare,65,"Crying in front of a psychiatrist in Delhi is normal and helpful. Learn why tears aren’t judged, don’t affect diagnosis, and support healing.",141,https://www.tulasihealthcare.com/blog/is-it-okay-to-cry-in-front-of-a-psychiatrist/,true,"index, follow, max-image-preview:large, max-snippet:-1, max-video-preview:-1",1,Is It Okay to Cry During a Psychiatric Session?,21,912,462,7,6,225,5,Article WebPage ImageObject BreadcrumbList WebSite Organization Person,2026-09-18T03:36:46+00:00
https://www.tulasihealthcare.com/blog/how-are-patients-treated-in-a-mental-hospital/,/blog/how-are-patients-treated-in-a-mental-hospital/,blog-post,post-sitemap,200,,How are Patients Treated in a Mental Hospital? - Tulasi Healthcare,66,"Mental hospital in India offers compassionate care, not control- structured routines, expert therapy, dignity, and healing for safe recovery.",141,https://www.tulasihealthcare.com/blog/how-are-patients-treated-in-a-mental-hospital/,true,"index, follow, max-image-preview:large, max-snippet:-1, max-video-preview:-1",1,How do Mental Hospitals actually Treat their Patients?,21,957,509,7,6,224,5,Article WebPage ImageObject BreadcrumbList WebSite Organization Person,2026-09-18T03:36:46+00:00
https://www.tulasihealthcare.com/blog/what-is-a-red-flag-in-therapy/,/blog/what-is-a-red-flag-in-therapy/,blog-post,post-sitemap,200,,What is a Red Flag in Therapy? - Tulasi Healthcare,50,Learn how to identify red flags in therapy and protect your mental health. Find support from a trusted psychiatrist in Mumbai today now.,136,https://www.tulasihealthcare.com/blog/what-is-a-red-flag-in-therapy/,true,"index, follow, max-image-preview:large, max-snippet:-1, max-video-preview:-1",1,How to Identify Red Flags in Therapy?,20,961,512,7,6,225,5,Article WebPage ImageObject BreadcrumbList WebSite Organization Person,2026-09-18T03:36:46+00:00
https://www.tulasihealthcare.com/blog/is-overthinking-a-form-of-ocd/,/blog/is-overthinking-a-form-of-ocd/,blog-post,post-sitemap,200,,Is Overthinking a Form of OCD? - Tulasi Healthcare,50,Struggling with overthinking? Consult a psychiatrist in Bangalore to manage intrusive thoughts and build healthier mental habits.,129,https://www.tulasihealthcare.com/blog/is-overthinking-a-form-of-ocd/,true,"index, follow, max-image-preview:large, max-snippet:-1, max-video-preview:-1",1,When Overthinking Becomes a Problem: Is It OCD,22,923,481,7,6,228,5,Article WebPage ImageObject BreadcrumbList WebSite Organization Person,2026-09-18T03:36:46+00:00
https://www.tulasihealthcare.com/blog/what-is-the-three-month-role-in-mental-health/,/blog/what-is-the-three-month-role-in-mental-health/,blog-post,post-sitemap,200,,What is the three Month Role in Mental Health? - Tulasi Healthcare,66,Learn how the three month rule in mental health helps you decide when to seek support from a psychiatrist in mumbai for lasting symptoms.,137,https://www.tulasihealthcare.com/blog/what-is-the-three-month-role-in-mental-health/,true,"index, follow, max-image-preview:large, max-snippet:-1, max-video-preview:-1",1,Understanding the Three Month Rule in Mental Health,21,946,497,7,6,225,5,Article WebPage ImageObject BreadcrumbList WebSite Organization Person,2026-09-18T03:36:46+00:00
https://www.tulasihealthcare.com/blog/what-habits-reduce-depression/,/blog/what-habits-reduce-depression/,blog-post,post-sitemap,200,,What Habits Reduce Depression? - Tulasi Healthcare,50,Simple daily habits can reduce depression and support recovery with guidance from an experienced psychiatrist in Bangalore.,123,https://www.tulasihealthcare.com/blog/what-habits-reduce-depression/,true,"index, follow, max-image-preview:large, max-snippet:-1, max-video-preview:-1",0,,22,922,489,7,6,226,5,Article WebPage ImageObject BreadcrumbList WebSite Organization Person,2026-09-18T03:36:46+00:00
https://www.tulasihealthcare.com/blog/what-kind-of-questions-do-psychiatrists-ask/,/blog/what-kind-of-questions-do-psychiatrists-ask/,blog-post,post-sitemap,200,,What Kind of Questions do Psychiatrists Ask? - Tulasi Healthcare,64,"Learn what questions a psychiatrist in Noida asks during a mental health check, including symptoms, history, and daily life - without fear.",139,https://www.tulasihealthcare.com/blog/what-kind-of-questions-do-psychiatrists-ask/,true,"index, follow, max-image-preview:large, max-snippet:-1, max-video-preview:-1",1,What Questions do Psychiatrists Ask?,22,923,481,7,6,224,6,Article WebPage ImageObject BreadcrumbList WebSite Organization Person,2026-09-18T03:36:46+00:00
https://www.tulasihealthcare.com/blog/how-to-see-a-psychiatrist-immediately/,/blog/how-to-see-a-psychiatrist-immediately/,blog-post,post-sitemap,200,,How to See a Psychiatrist Immediately? - Tulasi Healthcare,58,"Looking for a psychiatrist in Delhi? Discover how to get immediate mental health support, quick appointments, and reliable psychiatric care.",140,https://www.tulasihealthcare.com/blog/how-to-see-a-psychiatrist-immediately/,true,"index, follow, max-image-preview:large, max-snippet:-1, max-video-preview:-1",1,How to Get Immediate Psychiatric Support,18,603,156,7,6,225,5,Article WebPage ImageObject BreadcrumbList WebSite Organization Person,2026-09-18T03:36:46+00:00
https://www.tulasihealthcare.com/blog/how-to-identify-a-good-psychiatrist/,/blog/how-to-identify-a-good-psychiatrist/,blog-post,post-sitemap,200,,How to Identify a Good Psychiatrist? - Tulasi Healthcare,56,"Learn how to identify a good psychiatrist, check credentials, and find a safe space for mental health support and evidence-based treatment.",139,https://www.tulasihealthcare.com/blog/how-to-identify-a-good-psychiatrist/,true,"index, follow, max-image-preview:large, max-snippet:-1, max-video-preview:-1",1,Finding the Right Psychiatrist for Your Mental Health Needs,18,607,158,7,6,226,5,Article WebPage ImageObject BreadcrumbList WebSite Organization Person,2026-09-18T03:36:46+00:00
https://www.tulasihealthcare.com/blog/which-hormone-is-tested-for-anxiety/,/blog/which-hormone-is-tested-for-anxiety/,blog-post,post-sitemap,200,,Which Hormone is Tested for Anxiety? - Tulasi Healthcare,56,"Consult a psychiatrist in noida to understand if anxiety is linked to hormones, thyroid, or other medical causes. Get expert guidance today.",140,https://www.tulasihealthcare.com/blog/which-hormone-is-tested-for-anxiety/,true,"index, follow, max-image-preview:large, max-snippet:-1, max-video-preview:-1",1,Hormone Testing for Anxiety: What You Need to Know,19,902,455,7,6,226,5,Article WebPage ImageObject BreadcrumbList WebSite Organization Person,2026-09-18T03:36:46+00:00
https://www.tulasihealthcare.com/blog/can-i-talk-to-a-psychologist-online/,/blog/can-i-talk-to-a-psychologist-online/,blog-post,post-sitemap,200,,Can I Talk to a Psychologist Online? - Tulasi Healthcare,56,"Searching for a therapist near me? Learn how online therapy works, its benefits, and how to talk to a psychologist from home safely now.",136,https://www.tulasihealthcare.com/blog/can-i-talk-to-a-psychologist-online/,true,"index, follow, max-image-preview:large, max-snippet:-1, max-video-preview:-1",1,How to Talk to a Psychologist Online: A Complete Guide,24,993,553,7,6,225,5,Article WebPage ImageObject BreadcrumbList WebSite Organization Person,2026-09-18T03:36:46+00:00
https://www.tulasihealthcare.com/blog/what-does-a-psychiatrist-do-in-a-session/,/blog/what-does-a-psychiatrist-do-in-a-session/,blog-post,post-sitemap,200,,What does a Psychiatrist do in a Session? - Tulasi Healthcare,61,"Consult a psychiatrist in Mumbai to understand what happens in a session, including diagnosis, therapy, and personalized mental health care.",140,https://www.tulasihealthcare.com/blog/what-does-a-psychiatrist-do-in-a-session/,true,"index, follow, max-image-preview:large, max-snippet:-1, max-video-preview:-1",1,What to Expect in a Psychiatrist Session?,18,610,156,7,6,225,5,Article WebPage ImageObject BreadcrumbList WebSite Organization Person,2026-09-18T03:36:46+00:00
https://www.tulasihealthcare.com/blog/is-anxiety-a-mental-illness/,/blog/is-anxiety-a-mental-illness/,blog-post,post-sitemap,200,,Is Anxiety a Mental Illness? - Tulasi Healthcare,48,"Understand anxiety, its symptoms, and when it may become a disorder. Consult an experienced psychiatrist in Delhi for mental health support.",140,https://www.tulasihealthcare.com/blog/is-anxiety-a-mental-illness/,true,"index, follow, max-image-preview:large, max-snippet:-1, max-video-preview:-1",1,Understanding Anxiety: When Does It Become a Mental Illness?,23,937,496,7,6,226,6,Article WebPage ImageObject BreadcrumbList WebSite Organization Person,2026-09-18T03:36:46+00:00
https://www.tulasihealthcare.com/blog/how-to-reset-your-body-from-chronic-stress/,/blog/how-to-reset-your-body-from-chronic-stress/,blog-post,post-sitemap,200,,How to Reset Your Body From Chronic Stress? - Tulasi Healthcare,63,Learn how to reset your body from chronic stress with expert tips from a psychiatrist in Delhi for better sleep and calm.,121,https://www.tulasihealthcare.com/blog/how-to-reset-your-body-from-chronic-stress/,true,"index, follow, max-image-preview:large, max-snippet:-1, max-video-preview:-1",1,Reset Your Body from Chronic Stress Naturally,22,904,463,7,6,226,5,Article WebPage ImageObject BreadcrumbList WebSite Organization Person,2026-09-18T03:36:46+00:00
https://www.tulasihealthcare.com/blog/importance-of-meditation-and-handling-anxiety/,/blog/importance-of-meditation-and-handling-anxiety/,blog-post,post-sitemap,200,,Importance of Meditation and Handling Anxiety - Tulasi Healthcare,65,"Discover how meditation helps manage anxiety naturally, with guidance from a psychiatrist in Chandigarh for a healthier, calmer life.",133,https://www.tulasihealthcare.com/blog/importance-of-meditation-and-handling-anxiety/,true,"index, follow, max-image-preview:large, max-snippet:-1, max-video-preview:-1",0,,20,883,444,7,6,226,5,Article WebPage ImageObject BreadcrumbList WebSite Organization Person,2026-09-18T03:36:47+00:00
https://www.tulasihealthcare.com/blog/what-is-high-functioning-anxiety/,/blog/what-is-high-functioning-anxiety/,blog-post,post-sitemap,200,,What is high functioning anxiety? - Tulasi Healthcare,53,,0,https://www.tulasihealthcare.com/blog/what-is-high-functioning-anxiety/,true,"index, follow, max-image-preview:large, max-snippet:-1, max-video-preview:-1",0,,20,959,526,7,6,225,6,Article WebPage ImageObject BreadcrumbList WebSite Organization Person,2026-09-18T03:36:47+00:00
https://www.tulasihealthcare.com/blog/which-is-the-hardest-mental-illness-to-live-with/,/blog/which-is-the-hardest-mental-illness-to-live-with/,blog-post,post-sitemap,200,,Which is the Hardest Mental Illness to Live With - Tulasi Healthcare,68,Discover insights from a psychiatrist in Mumbai on the hardest mental illnesses to live with and the role of support in managing them.,134,https://www.tulasihealthcare.com/blog/which-is-the-hardest-mental-illness-to-live-with/,true,"index, follow, max-image-preview:large, max-snippet:-1, max-video-preview:-1",1,Understanding the Hardest Mental Illness to Live With,21,870,422,7,6,227,5,Article WebPage ImageObject BreadcrumbList WebSite Organization Person,2026-09-18T03:36:47+00:00
https://www.tulasihealthcare.com/blog/how-do-people-with-anxiety-act/,/blog/how-do-people-with-anxiety-act/,blog-post,post-sitemap,200,,How do People with Anxiety Act? - Tulasi Healthcare,51,"Discover common anxiety behaviors like avoidance and restlessness, and know when reaching out to a psychiatrist in Delhi can help.",130,https://www.tulasihealthcare.com/blog/how-do-people-with-anxiety-act/,true,"index, follow, max-image-preview:large, max-snippet:-1, max-video-preview:-1",0,,17,924,481,7,6,225,6,Article WebPage ImageObject BreadcrumbList WebSite Organization Person,2026-09-18T03:36:47+00:00
https://www.tulasihealthcare.com/blog/what-happens-when-mental-illness-goes-untreated/,/blog/what-happens-when-mental-illness-goes-untreated/,blog-post,post-sitemap,200,,Why Untreated Mental Illness Is Harmful - Tulasi Healthcare,59,Learn how untreated mental illness harms life and why early support from the best mental hospital in India can help restore wellbeing.,134,https://www.tulasihealthcare.com/blog/what-happens-when-mental-illness-goes-untreated/,true,"index, follow, max-image-preview:large, max-snippet:-1, max-video-preview:-1",1,What Happens When You Ignore Mental Health Problems?,23,947,505,7,6,226,5,Article WebPage ImageObject BreadcrumbList WebSite Organization Person,2026-09-18T03:36:47+00:00
https://www.tulasihealthcare.com/blog/signs-of-depression-in-adolescents/,/blog/signs-of-depression-in-adolescents/,blog-post,post-sitemap,200,,Signs of Depression in Adolescents - Tulasi Healthcare,54,"Early signs of depression in adolescents can be serious. Seek help from a trusted psychiatrist in Gurgaon for guidance, care, and support.",138,https://www.tulasihealthcare.com/blog/signs-of-depression-in-adolescents/,true,"index, follow, max-image-preview:large, max-snippet:-1, max-video-preview:-1",1,How Do You Recognize Depression in Adolescents?,23,929,492,7,6,226,5,Article WebPage ImageObject BreadcrumbList WebSite Organization Person,2026-09-18T03:36:47+00:00
https://www.tulasihealthcare.com/blog/how-do-i-prepare-for-my-first-psychiatry-appointment/,/blog/how-do-i-prepare-for-my-first-psychiatry-appointment/,blog-post,post-sitemap,200,,First Psychiatry Visit? Here’s How to Prepare - Tulasi Heatlhcare,65,"Get ready for your first psychiatry appointment in Noida with simple tips, honest reflections, and what to expect from your visit.",130,https://www.tulasihealthcare.com/blog/how-do-i-prepare-for-my-first-psychiatry-appointment/,true,"index, follow, max-image-preview:large, max-snippet:-1, max-video-preview:-1",1,Your First Psychiatry Appointment: What to Expect and How to Prepare,22,1008,558,7,6,224,5,Article WebPage ImageObject BreadcrumbList WebSite Organization Person,2026-09-18T03:36:47+00:00
https://www.tulasihealthcare.com/blog/different-aspects-of-consulting-with-a-psychiatrist/,/blog/different-aspects-of-consulting-with-a-psychiatrist/,blog-post,post-sitemap,200,,What to Expect in a Psychiatric Consultation – Tulasi Healthcare,64,"Unsure about seeing a psychiatrist? Learn the process, care approach, and when to consult a psychiatrist in Delhi with confidence.",130,https://www.tulasihealthcare.com/blog/different-aspects-of-consulting-with-a-psychiatrist/,true,"index, follow, max-image-preview:large, max-snippet:-1, max-video-preview:-1",1,What to Expect When Consulting a Psychiatrist?,27,1568,1131,7,6,227,6,Article WebPage ImageObject BreadcrumbList WebSite Organization Person,2026-09-18T03:36:47+00:00
https://www.tulasihealthcare.com/blog/can-a-test-detect-all-mental-illnesses/,/blog/can-a-test-detect-all-mental-illnesses/,blog-post,post-sitemap,200,,Can a Test Detect all Mental Illnesses? - Tulasi Healthcare,59,Googling symptoms at 2 AM? Learn why no single test diagnoses mental illness and how a psychiatrist in Delhi understands your story.,132,https://www.tulasihealthcare.com/blog/can-a-test-detect-all-mental-illnesses/,true,"index, follow, max-image-preview:large, max-snippet:-1, max-video-preview:-1",0,,22,942,509,7,6,226,6,Article WebPage ImageObject BreadcrumbList WebSite Organization Person,2026-09-18T03:36:47+00:00
https://www.tulasihealthcare.com/blog/will-a-psychiatrist-prescribed-medication-in-the-first-visit/,/blog/will-a-psychiatrist-prescribed-medication-in-the-first-visit/,blog-post,post-sitemap,200,,Will You Get Medicine on First Psychiatrist Visit - Tulasi Healthcare,69,Wondering if a psychiatrist in Mumbai will prescribe medication on your first visit? Learn what to expect from the initial assessment.,134,https://www.tulasihealthcare.com/blog/will-a-psychiatrist-prescribed-medication-in-the-first-visit/,true,"index, follow, max-image-preview:large, max-snippet:-1, max-video-preview:-1",1,Do Psychiatrists Prescribe Medication on the First Visit?,22,980,532,7,6,225,6,Article WebPage ImageObject BreadcrumbList WebSite Organization Person,2026-09-18T03:36:47+00:00
https://www.tulasihealthcare.com/blog/what-are-the-five-golden-rules-of-mental-health/,/blog/what-are-the-five-golden-rules-of-mental-health/,blog-post,post-sitemap,200,,5 Golden Rules of Mental Health - Tulasi Healthcare,51,Discover five simple rules to support mental well-being and know when to seek help from a trusted psychiatrist in Noida.,120,https://www.tulasihealthcare.com/blog/what-are-the-five-golden-rules-of-mental-health/,true,"index, follow, max-image-preview:large, max-snippet:-1, max-video-preview:-1",1,How Can You Maintain 5 Golden Rules of Mental Health?,18,1000,545,7,6,224,5,Article WebPage ImageObject BreadcrumbList WebSite Organization Person,2026-09-18T03:36:47+00:00
https://www.tulasihealthcare.com/blog/what-are-the-signs-of-a-mental-breakdown/,/blog/what-are-the-signs-of-a-mental-breakdown/,blog-post,post-sitemap,200,,What are the Signs of a Mental Breakdown? - Tulasi Healthcare,61,Learn the early signs of a mental breakdown and how consulting a psychiatrist in Mumbai can help restore balance and well-being.,128,https://www.tulasihealthcare.com/blog/what-are-the-signs-of-a-mental-breakdown/,true,"index, follow, max-image-preview:large, max-snippet:-1, max-video-preview:-1",1,Recognizing and Understanding Mental Breakdown Symptoms,25,955,518,7,6,224,5,Article WebPage ImageObject BreadcrumbList WebSite Organization Person,2026-09-18T03:36:47+00:00
https://www.tulasihealthcare.com/blog/sedentary-lifestyle-and-impact-on-mental-well-being/,/blog/sedentary-lifestyle-and-impact-on-mental-well-being/,blog-post,post-sitemap,200,,Sedentary Lifestyle & Mental Health Risks - Tulasi Healthcare,61,"Learn how lack of activity harms mental well-being. Connect with a psychiatrist in Mumbai for guidance on stress, anxiety & emotional balance.",142,https://www.tulasihealthcare.com/blog/sedentary-lifestyle-and-impact-on-mental-well-being/,true,"index, follow, max-image-preview:large, max-snippet:-1, max-video-preview:-1",1,Is a Sedentary Lifestyle Affecting Your Mental Health? Consult a Psychiatrist in Mumbai,21,886,436,7,6,227,5,Article WebPage ImageObject BreadcrumbList WebSite Organization Person,2026-09-18T03:36:48+00:00
https://www.tulasihealthcare.com/blog/can-a-normal-person-go-to-a-psychiatrist/,/blog/can-a-normal-person-go-to-a-psychiatrist/,blog-post,post-sitemap,200,,Can a Normal Person Go to a Psychiatrist? - Tulasi Healthcare,61,"Wondering if you can visit a psychiatrist in Mumbai without illness? Learn how mental health support is for everyone, not just for diagnoses.",141,https://www.tulasihealthcare.com/blog/can-a-normal-person-go-to-a-psychiatrist/,true,"index, follow, max-image-preview:large, max-snippet:-1, max-video-preview:-1",1,Why Normal People Should See a Psychiatrist Too?,20,891,442,7,6,227,6,Article WebPage ImageObject BreadcrumbList WebSite Organization Person,2026-09-18T03:36:48+00:00
https://www.tulasihealthcare.com/blog/what-are-the-first-signs-of-anxiety/,/blog/what-are-the-first-signs-of-anxiety/,blog-post,post-sitemap,200,,What are the First Signs of Anxiety? - Tulasi Healthcare,56,Are you noticing early signs of anxiety? Find support and care from an experienced psychiatrist in Bangalore to manage your mental health.,138,https://www.tulasihealthcare.com/blog/what-are-the-first-signs-of-anxiety/,true,"index, follow, max-image-preview:large, max-snippet:-1, max-video-preview:-1",1,Is It Anxiety? Spotting the Early Signs,19,861,412,7,6,225,6,Article WebPage ImageObject BreadcrumbList WebSite Organization Person,2026-09-18T03:36:48+00:00
https://www.tulasihealthcare.com/blog/can-diet-affect-depression/,/blog/can-diet-affect-depression/,blog-post,post-sitemap,200,,Can Diet Affect Depression? - Tulasi Healthcare,47,Can diet affect depression? Discover the gut-brain link and how food impacts mood. Consult a psychiatrist in Bangalore for expert guidance.,139,https://www.tulasihealthcare.com/blog/can-diet-affect-depression/,true,"index, follow, max-image-preview:large, max-snippet:-1, max-video-preview:-1",1,Can Diet Affect Depression? Here’s What Science Says,19,875,430,7,6,226,6,Article WebPage ImageObject BreadcrumbList WebSite Organization Person,2026-09-18T03:36:48+00:00
https://www.tulasihealthcare.com/blog/how-does-depression-emerge/,/blog/how-does-depression-emerge/,blog-post,post-sitemap,200,,How does Depression Emerge? - Tulasi Healthcare,47,"Discover how depression emerges through biological, emotional, and social factors, and learn how a qualified psychiatrist in Mumbai can help.",141,https://www.tulasihealthcare.com/blog/how-does-depression-emerge/,true,"index, follow, max-image-preview:large, max-snippet:-1, max-video-preview:-1",1,How and Why Does Depression Emerge?,22,906,467,7,6,225,5,Article WebPage ImageObject BreadcrumbList WebSite Organization Person,2026-09-18T03:36:48+00:00
https://www.tulasihealthcare.com/blog/can-ocd-be-100-percent-cured/,/blog/can-ocd-be-100-percent-cured/,blog-post,post-sitemap,200,,Can OCD be 100 Percent Cured? - Tulasi Healthcare,49,Find compassionate care with an experienced psychiatrist in Noida. Tulasi Healthcare helps you manage OCD and restore balance in your life.,139,https://www.tulasihealthcare.com/blog/can-ocd-be-100-percent-cured/,true,"index, follow, max-image-preview:large, max-snippet:-1, max-video-preview:-1",1,Understanding OCD: Is Complete Recovery Possible?,21,840,400,7,6,227,5,Article WebPage ImageObject BreadcrumbList WebSite Organization Person,2026-09-18T03:36:48+00:00
https://www.tulasihealthcare.com/blog/what-is-the-best-therapy-for-anxiety/,/blog/what-is-the-best-therapy-for-anxiety/,blog-post,post-sitemap,200,,What is the Best Therapy for Anxiety? - Tulasi Healthcare,57,Discover the most effective therapies for anxiety with expert guidance from a trusted psychiatrist in Chandigarh for lasting relief.,132,https://www.tulasihealthcare.com/blog/what-is-the-best-therapy-for-anxiety/,true,"index, follow, max-image-preview:large, max-snippet:-1, max-video-preview:-1",1,What Are the Most Effective Therapies for Anxiety?,22,810,368,7,6,226,6,Article WebPage ImageObject BreadcrumbList WebSite Organization Person,2026-09-18T03:36:48+00:00
https://www.tulasihealthcare.com/blog/top-five-signs-of-bipolar-disorder-you-should-know/,/blog/top-five-signs-of-bipolar-disorder-you-should-know/,blog-post,post-sitemap,200,,Top Five Signs of Bipolar Disorder - Tulasi Healthcare,54,Discover the top five signs of bipolar disorder and learn when to seek help. Get expert support from a trusted psychiatrist in Noida.,133,https://www.tulasihealthcare.com/blog/top-five-signs-of-bipolar-disorder-you-should-know/,true,"index, follow, max-image-preview:large, max-snippet:-1, max-video-preview:-1",1,Understanding Bipolar Disorder: Key Symptoms You Shouldn’t Ignore,19,901,452,7,6,225,5,Article WebPage ImageObject BreadcrumbList WebSite Organization Person,2026-09-18T03:36:48+00:00
https://www.tulasihealthcare.com/blog/can-anxiety-be-felt-in-the-body/,/blog/can-anxiety-be-felt-in-the-body/,blog-post,post-sitemap,200,,Can Anxiety be Felt in the Body? - Tulasi Healthcare,52,Feeling anxiety in your body? Learn the signs and get expert help from a trusted psychiatrist in Noida for relief and support today.,132,https://www.tulasihealthcare.com/blog/can-anxiety-be-felt-in-the-body/,true,"index, follow, max-image-preview:large, max-snippet:-1, max-video-preview:-1",1,Why Anxiety Shows Up in the Body: Causes and Key Symptoms,22,891,449,7,6,226,5,Article WebPage ImageObject BreadcrumbList WebSite Organization Person,2026-09-18T03:36:48+00:00
https://www.tulasihealthcare.com/blog/how-to-pick-a-good-psychiatrist/,/blog/how-to-pick-a-good-psychiatrist/,blog-post,post-sitemap,200,,How to Pick a Good Psychiatrist? - Tulasi Healthcare,52,"Find the right psychiatrist in Noida with tips on qualifications, approach, and reviews to start your mental health journey with confidence.",140,https://www.tulasihealthcare.com/blog/how-to-pick-a-good-psychiatrist/,true,"index, follow, max-image-preview:large, max-snippet:-1, max-video-preview:-1",1,How to Find the Right Psychiatrist in Noida: A Step-by-Step Guide,18,877,425,7,6,226,6,Article WebPage ImageObject BreadcrumbList WebSite Organization Person,2026-09-18T03:36:48+00:00
https://www.tulasihealthcare.com/blog/what-are-the-signs-of-a-mental-health-issue/,/blog/what-are-the-signs-of-a-mental-health-issue/,blog-post,post-sitemap,200,,What are the Signs of a Mental Health Issue? - Tulasi Healthcare,64,Early signs of mental health issues are easy to miss. Learn to recognize them and get timely care from an expert psychiatrist in Noida.,135,https://www.tulasihealthcare.com/blog/what-are-the-signs-of-a-mental-health-issue/,true,"index, follow, max-image-preview:large, max-snippet:-1, max-video-preview:-1",0,,18,853,409,7,6,226,5,Article WebPage ImageObject BreadcrumbList WebSite Organization Person,2026-09-18T03:36:48+00:00
https://www.tulasihealthcare.com/blog/why-are-mental-health-services-important/,/blog/why-are-mental-health-services-important/,blog-post,post-sitemap,200,,Why are Mental Health Services Important? - Tulasi Healthcare,61,Discover how early mental health support from an experienced psychiatrist in Bangalore can improve your overall happiness and peace of mind.,140,https://www.tulasihealthcare.com/blog/why-are-mental-health-services-important/,true,"index, follow, max-image-preview:large, max-snippet:-1, max-video-preview:-1",1,Understanding the Importance of Mental Health Services in Bangalore,21,901,458,7,6,228,6,Article WebPage ImageObject BreadcrumbList WebSite Organization Person,2026-09-18T03:36:48+00:00
https://www.tulasihealthcare.com/blog/what-is-the-right-treatment-plan-for-ocd/,/blog/what-is-the-right-treatment-plan-for-ocd/,blog-post,post-sitemap,200,,What is the Right Treatment Plan for OCD? - Tulasi Healthcare,61,"Discover the right treatment plan for OCD with therapy, medication, and expert care from experienced psychiatrists in Mumbai.",125,https://www.tulasihealthcare.com/blog/what-is-the-right-treatment-plan-for-ocd/,true,"index, follow, max-image-preview:large, max-snippet:-1, max-video-preview:-1",1,Finding the Right Treatment for OCD: A Complete Guide,21,945,496,7,6,228,5,Article WebPage ImageObject BreadcrumbList WebSite Organization Person,2026-09-18T03:36:48+00:00
https://www.tulasihealthcare.com/blog/what-does-schizophrenia-look-like/,/blog/what-does-schizophrenia-look-like/,blog-post,post-sitemap,200,,What does Schizophrenia Look Like? - Tulasi Healthcare,54,Learn to recognize schizophrenia symptoms and seek help from the best psychiatrist in Bangalore for effective treatment and support.,132,https://www.tulasihealthcare.com/blog/what-does-schizophrenia-look-like/,true,"index, follow, max-image-preview:large, max-snippet:-1, max-video-preview:-1",1,"Understanding Schizophrenia: Signs, Symptoms, and Treatment",18,840,392,7,6,225,6,Article WebPage ImageObject BreadcrumbList WebSite Organization Person,2026-09-18T03:36:48+00:00
https://www.tulasihealthcare.com/blog/is-alcoholism-an-illness/,/blog/is-alcoholism-an-illness/,blog-post,post-sitemap,200,,Is Alcoholism an Illness? - Tulasi Healthcare,45,Learn why alcoholism is considered an illness and how a psychiatrist in Bangalore can help with treatment and recovery.,119,https://www.tulasihealthcare.com/blog/is-alcoholism-an-illness/,true,"index, follow, max-image-preview:large, max-snippet:-1, max-video-preview:-1",1,Is Alcoholism an Illness? Key Facts You Should Know,20,908,466,7,6,225,6,Article WebPage ImageObject BreadcrumbList WebSite Organization Person,2026-09-18T03:36:48+00:00
https://www.tulasihealthcare.com/blog/which-foods-are-good-for-anxiety-and-depression/,/blog/which-foods-are-good-for-anxiety-and-depression/,blog-post,post-sitemap,200,,Which Foods are Good for Anxiety and Depression?,48,Discover how a healthy diet can support emotional well-being and reduce anxiety and depression with expert-backed nutritional strategies.,137,https://www.tulasihealthcare.com/blog/which-foods-are-good-for-anxiety-and-depression/,true,"index, follow, max-image-preview:large, max-snippet:-1, max-video-preview:-1",1,How Diet Can Help Relieve Anxiety and Depression?,21,772,325,7,6,226,6,Article WebPage ImageObject BreadcrumbList WebSite Organization Person,2026-09-18T03:36:49+00:00
https://www.tulasihealthcare.com/blog/is-schizophrenia-treatable/,/blog/is-schizophrenia-treatable/,blog-post,post-sitemap,200,,Is Schizophrenia Treatable? - Tulasi Healthcare,47,"Early diagnosis and care from the best psychiatrist improve schizophrenia treatment outcomes through medication, therapy, and ongoing support.",142,https://www.tulasihealthcare.com/blog/is-schizophrenia-treatable/,true,"index, follow, max-image-preview:large, max-snippet:-1, max-video-preview:-1",1,What Is Schizophrenia and How Is It Treated?,21,865,424,7,6,227,6,Article WebPage ImageObject BreadcrumbList WebSite Organization Person,2026-09-18T03:36:49+00:00
https://www.tulasihealthcare.com/blog/tips-to-get-out-of-depression/,/blog/tips-to-get-out-of-depression/,blog-post,post-sitemap,200,,Tips to Get Out of Depression - Tulasi Healthcare,49,Struggling with depression? Discover expert-backed tips and lifestyle changes to help manage symptoms and improve your mental well-being.,137,https://www.tulasihealthcare.com/blog/tips-to-get-out-of-depression/,true,"index, follow, max-image-preview:large, max-snippet:-1, max-video-preview:-1",1,How to Manage Depression Naturally,24,1206,771,7,6,225,7,Article WebPage ImageObject BreadcrumbList WebSite Organization Person,2026-09-18T03:36:49+00:00
https://www.tulasihealthcare.com/blog/what-is-the-goal-of-acceptance-and-commitment-therapy/,/blog/what-is-the-goal-of-acceptance-and-commitment-therapy/,blog-post,post-sitemap,200,,What is the Goal of Acceptance and Commitment Therapy?,54,"Learn how ACT helps manage stress, anxiety, and depression with guidance from expert psychologists in Delhi.",108,https://www.tulasihealthcare.com/blog/what-is-the-goal-of-acceptance-and-commitment-therapy/,true,"index, follow, max-image-preview:large, max-snippet:-1, max-video-preview:-1",1,Understanding the Goal of Acceptance and Commitment Therapy,20,862,413,7,6,227,6,Article WebPage ImageObject BreadcrumbList WebSite Organization Person,2026-09-18T03:36:49+00:00
https://www.tulasihealthcare.com/blog/what-are-the-signs-of-a-narcissist-person/,/blog/what-are-the-signs-of-a-narcissist-person/,blog-post,post-sitemap,200,,What are the Signs of a Narcissist Person? - Tulasi Healthcare,62,Understand how to recognize narcissistic personality disorder through key behavioral signs backed by psychology and clinical insights.,134,https://www.tulasihealthcare.com/blog/what-are-the-signs-of-a-narcissist-person/,true,"index, follow, max-image-preview:large, max-snippet:-1, max-video-preview:-1",1,Understanding the Signs of a Narcissist,18,895,448,7,6,225,5,Article WebPage ImageObject BreadcrumbList WebSite Organization Person,2026-09-18T03:36:49+00:00
https://www.tulasihealthcare.com/blog/is-cbt-good-for-schizophreniai/,/blog/is-cbt-good-for-schizophreniai/,blog-post,post-sitemap,200,,Is CBT Good for SchizophreniaI? - Tulasi Healthcare,51,Discover how CBT can support schizophrenia treatment by managing symptoms and improving long-term mental health outcomes.,121,https://www.tulasihealthcare.com/blog/is-cbt-good-for-schizophreniai/,true,"index, follow, max-image-preview:large, max-snippet:-1, max-video-preview:-1",1,Can CBT Help with Schizophrenia? Exploring the Benefits,19,846,396,7,6,225,6,Article WebPage ImageObject BreadcrumbList WebSite Organization Person,2026-09-18T03:36:49+00:00
https://www.tulasihealthcare.com/blog/can-a-person-overcome-borderline-personality-disorder/,/blog/can-a-person-overcome-borderline-personality-disorder/,blog-post,post-sitemap,200,,Can a Person Overcome Borderline Personality Disorder?,54,Explore how dialectical behavior therapy and holistic care help manage borderline personality disorder symptoms and improve quality of life.,140,https://www.tulasihealthcare.com/blog/can-a-person-overcome-borderline-personality-disorder/,true,"index, follow, max-image-preview:large, max-snippet:-1, max-video-preview:-1",1,Is Recovery Possible from Borderline Personality Disorder?,20,853,409,7,6,225,5,Article WebPage ImageObject BreadcrumbList WebSite Organization Person,2026-09-18T03:36:49+00:00
https://www.tulasihealthcare.com/blog/how-does-cbt-treat-anxiety/,/blog/how-does-cbt-treat-anxiety/,blog-post,post-sitemap,200,,How does CBT Treat Anxiety? - Tulasi Healthcare,47,Discover how CBT effectively treats anxiety by changing thought patterns. Learn from expert psychiatrists in India.,115,https://www.tulasihealthcare.com/blog/how-does-cbt-treat-anxiety/,true,"index, follow, max-image-preview:large, max-snippet:-1, max-video-preview:-1",0,,21,837,401,7,6,226,6,Article WebPage ImageObject BreadcrumbList WebSite Organization Person,2026-09-18T03:36:49+00:00
https://www.tulasihealthcare.com/blog/what-is-it-like-to-live-with-antisocial-personality-disorder/,/blog/what-is-it-like-to-live-with-antisocial-personality-disorder/,blog-post,post-sitemap,200,,Living with Antisocial Personality Disorder- Tulasi Healthcare,62,"Explore the emotional, social, and neurological aspects of Antisocial Personality Disorder and discover effective treatment approaches.",135,https://www.tulasihealthcare.com/blog/what-is-it-like-to-live-with-antisocial-personality-disorder/,true,"index, follow, max-image-preview:large, max-snippet:-1, max-video-preview:-1",1,What Is Antisocial Personality Disorder?,21,854,407,7,6,225,5,Article WebPage ImageObject BreadcrumbList WebSite Organization Person,2026-09-18T03:36:49+00:00
https://www.tulasihealthcare.com/blog/what-are-the-4-domains-of-interpersonal-therapy/,/blog/what-are-the-4-domains-of-interpersonal-therapy/,blog-post,post-sitemap,200,,What are the 4 domains of Interpersonal Therapy?,48,"Understand how a psychologist in Delhi applies Interpersonal Therapy to help with grief, life changes, conflicts, and relationship challenges.",142,https://www.tulasihealthcare.com/blog/what-are-the-4-domains-of-interpersonal-therapy/,true,"index, follow, max-image-preview:large, max-snippet:-1, max-video-preview:-1",1,Understanding the 4 Core Domains of Interpersonal Therapy,23,888,447,7,6,225,6,Article WebPage ImageObject BreadcrumbList WebSite Organization Person,2026-09-18T03:36:49+00:00
https://www.tulasihealthcare.com/blog/is-alcholism-a-disability/,/blog/is-alcholism-a-disability/,blog-post,post-sitemap,200,,Is Alcholism a Disability? - Tulasi Healthcare,46,"Learn how alcoholism qualifies as a disability and discover how the best psychiatrist can guide diagnosis, treatment, and long-term recovery.",141,https://www.tulasihealthcare.com/blog/is-alcholism-a-disability/,true,"index, follow, max-image-preview:large, max-snippet:-1, max-video-preview:-1",1,Is Alcoholism Just a Habit or a Disability? Let’s Break It Down,21,856,411,7,6,226,6,Article WebPage ImageObject BreadcrumbList WebSite Organization Person,2026-09-18T03:36:49+00:00
https://www.tulasihealthcare.com/blog/what-is-histrionic-personality-disorder/,/blog/what-is-histrionic-personality-disorder/,blog-post,post-sitemap,200,,What Is Histrionic Personality Disorder? - Tulasi Healthcare,60,"Learn about Histrionic Personality Disorder, its symptoms, causes, and how therapy and empathy can help manage attention-seeking behaviors.",139,https://www.tulasihealthcare.com/blog/what-is-histrionic-personality-disorder/,true,"index, follow, max-image-preview:large, max-snippet:-1, max-video-preview:-1",1,What Causes Histrionic Personality Disorder?,22,856,416,7,6,225,5,Article WebPage ImageObject BreadcrumbList WebSite Organization Person,2026-09-18T03:36:49+00:00
https://www.tulasihealthcare.com/blog/how-does-cbt-help-in-rehabilitation/,/blog/how-does-cbt-help-in-rehabilitation/,blog-post,post-sitemap,200,,How does CBT Help in Rehabilitation? - Tulasi Healthcare,56,"Learn how top psychologist in Delhi use CBT to support rehabilitation, reduce relapse, and improve mental health for long-lasting recovery.",139,https://www.tulasihealthcare.com/blog/how-does-cbt-help-in-rehabilitation/,true,"index, follow, max-image-preview:large, max-snippet:-1, max-video-preview:-1",1,How CBT Enhances the Rehabilitation Journey,20,813,368,7,6,228,6,Article WebPage ImageObject BreadcrumbList WebSite Organization Person,2026-09-18T03:36:49+00:00
https://www.tulasihealthcare.com/blog/what-is-dbt-therapy-and-how-does-it-work/,/blog/what-is-dbt-therapy-and-how-does-it-work/,blog-post,post-sitemap,200,,What is DBT Therapy and How does It Work? - Tulasi Healthcare,61,"How DBT therapy helps manage emotions, reduce impulsive behavior, and build stability with insights from top psychologists in Gurugram.",135,https://www.tulasihealthcare.com/blog/what-is-dbt-therapy-and-how-does-it-work/,true,"index, follow, max-image-preview:large, max-snippet:-1, max-video-preview:-1",1,Understanding DBT Therapy: What It Is and How It Works,21,848,398,7,6,224,5,Article WebPage ImageObject BreadcrumbList WebSite Organization Person,2026-09-18T03:36:49+00:00
https://www.tulasihealthcare.com/blog/do-rehabilitation-centers-take-adolescents/,/blog/do-rehabilitation-centers-take-adolescents/,blog-post,post-sitemap,200,,Do rehabilitation centers take adolescents? - Tulasi Healthcare,63,,0,https://www.tulasihealthcare.com/blog/do-rehabilitation-centers-take-adolescents/,true,"index, follow, max-image-preview:large, max-snippet:-1, max-video-preview:-1",1,Do Rehab Centers Accept Teenagers?,18,849,408,7,6,224,5,Article WebPage ImageObject BreadcrumbList WebSite Organization Person,2026-09-18T03:36:50+00:00
https://www.tulasihealthcare.com/blog/do-rehabilitation-center-cure-addiction/,/blog/do-rehabilitation-center-cure-addiction/,blog-post,post-sitemap,200,,Do rehabilitation center cure addiction? - Tulasi Healthcare,60,,0,https://www.tulasihealthcare.com/blog/do-rehabilitation-center-cure-addiction/,true,"index, follow, max-image-preview:large, max-snippet:-1, max-video-preview:-1",0,,18,859,421,7,6,224,5,Article WebPage ImageObject BreadcrumbList WebSite Organization Person,2026-09-18T03:36:50+00:00
https://www.tulasihealthcare.com/blog/how-is-the-environment-of-a-rehabilitation-center/,/blog/how-is-the-environment-of-a-rehabilitation-center/,blog-post,post-sitemap,200,,How a Rehabilitation Center Supports Your Recovery,50,"Find out how the environment in a rehabilitation center promotes emotional well-being, stability, and a path to recovery.",121,https://www.tulasihealthcare.com/blog/how-is-the-environment-of-a-rehabilitation-center/,true,"index, follow, max-image-preview:large, max-snippet:-1, max-video-preview:-1",0,,21,838,401,7,6,224,5,Article WebPage ImageObject BreadcrumbList WebSite Organization Person,2026-09-18T03:36:50+00:00
https://www.tulasihealthcare.com/blog/what-are-the-best-resources-for-anxiety/,/blog/what-are-the-best-resources-for-anxiety/,blog-post,post-sitemap,200,,How to Manage Anxiety: The Best Resources to Help You,53,"Learn how to manage anxiety effectively with digital tools, lifestyle changes, and expert advice from a top psychiatrist in Delhi.",130,https://www.tulasihealthcare.com/blog/what-are-the-best-resources-for-anxiety/,true,"index, follow, max-image-preview:large, max-snippet:-1, max-video-preview:-1",0,,21,845,412,7,6,224,5,Article WebPage ImageObject BreadcrumbList WebSite Organization Person,2026-09-18T03:36:50+00:00
https://www.tulasihealthcare.com/blog/how-to-effectively-cope-with-depression/,/blog/how-to-effectively-cope-with-depression/,blog-post,post-sitemap,200,,What are the Best Ways to Manage Depression?,44,Struggling with depression? Discover coping tips and how a psychiatrist in India can help you heal and improve your mental health.,130,https://www.tulasihealthcare.com/blog/how-to-effectively-cope-with-depression/,true,"index, follow, max-image-preview:large, max-snippet:-1, max-video-preview:-1",1,What are the Best Ways to Manage Depression?,24,844,408,7,6,225,5,Article WebPage ImageObject BreadcrumbList WebSite Organization Person,2026-09-18T03:36:50+00:00
https://www.tulasihealthcare.com/blog/burnout-vs-depression-whats-the-difference/,/blog/burnout-vs-depression-whats-the-difference/,blog-post,post-sitemap,200,,Burnout vs Depression: What's the Difference? - Tulasi Healthcare,65,"Learn the difference between burnout and depression, and how a psychiatrist in India can guide you toward the right support and care.",133,https://www.tulasihealthcare.com/blog/burnout-vs-depression-whats-the-difference/,true,"index, follow, max-image-preview:large, max-snippet:-1, max-video-preview:-1",1,Burnout or Depression? Key Differences You Should Know,18,812,368,7,6,225,5,Article WebPage ImageObject BreadcrumbList WebSite Organization Person,2026-09-18T03:36:50+00:00
https://www.tulasihealthcare.com/blog/what-are-the-six-most-essential-questions-in-psychiatric-diagnosis/,/blog/what-are-the-six-most-essential-questions-in-psychiatric-diagnosis/,blog-post,post-sitemap,200,,6 Essential Psychiatric Diagnostic Questions,44,"Discover the 6 key questions every psychiatrist in Delhi asks to understand your mental health and guide accurate, compassionate diagnosis.",139,https://www.tulasihealthcare.com/blog/what-are-the-six-most-essential-questions-in-psychiatric-diagnosis/,true,"index, follow, max-image-preview:large, max-snippet:-1, max-video-preview:-1",1,Essential Inquiry: Six Foundational Questions in Psychiatric Diagnosis,24,835,397,7,6,224,6,Article WebPage ImageObject BreadcrumbList WebSite Organization Person,2026-09-18T03:36:50+00:00
https://www.tulasihealthcare.com/blog/what-are-the-most-common-psychiatric-tests/,/blog/what-are-the-most-common-psychiatric-tests/,blog-post,post-sitemap,200,,What are the Most Common Psychiatric Tests - Tulasi Healthcare,62,Learn how a psychologist in Gurgaon can help you recognize burnout symptoms and guide you toward effective recovery.,116,https://www.tulasihealthcare.com/blog/what-are-the-most-common-psychiatric-tests/,true,"index, follow, max-image-preview:large, max-snippet:-1, max-video-preview:-1",1,A Guide to the Most Common Psychiatric Tests,23,833,393,7,6,225,7,Article WebPage ImageObject BreadcrumbList WebSite Organization Person,2026-09-18T03:36:50+00:00
https://www.tulasihealthcare.com/blog/can-depression-be-genetic/,/blog/can-depression-be-genetic/,blog-post,post-sitemap,200,,Can Depression be Genetic? - Tulasi Healthcare,46,"Wondering if depression is genetic? Learn how genes, environment, and expert help from a psychiatrist in Gurgaon all play a role in recovery.",141,https://www.tulasihealthcare.com/blog/can-depression-be-genetic/,true,"index, follow, max-image-preview:large, max-snippet:-1, max-video-preview:-1",1,Exploring the Genetic Basis of Depression,22,817,382,7,6,226,6,Article WebPage ImageObject BreadcrumbList WebSite Organization Person,2026-09-18T03:36:50+00:00
https://www.tulasihealthcare.com/blog/mental-health-stigma-in-india/,/blog/mental-health-stigma-in-india/,blog-post,post-sitemap,200,,Mental Health Stigma in India - Tulasi Healthcare,49,How is mental health stigma changing in India? By encouraging people to seek support from a psychiatrist in India and speak openly.,131,https://www.tulasihealthcare.com/blog/mental-health-stigma-in-india/,true,"index, follow, max-image-preview:large, max-snippet:-1, max-video-preview:-1",1,How Tulasi Healthcare is Breaking Mental Health Stigma in India,22,821,377,7,6,226,6,Article WebPage ImageObject BreadcrumbList WebSite Organization Person,2026-09-18T03:36:50+00:00
https://www.tulasihealthcare.com/blog/are-mood-swings-always-a-sign-of-bipolar-disorder/,/blog/are-mood-swings-always-a-sign-of-bipolar-disorder/,blog-post,post-sitemap,200,,Mood Swings or Bipolar? Consult a Psychiatrist in Delhi,55,Mood swings often? It may be stress or hormonal changes. Get clarity with expert help from a trusted psychiatrist in Delhi today.,129,https://www.tulasihealthcare.com/blog/are-mood-swings-always-a-sign-of-bipolar-disorder/,true,"index, follow, max-image-preview:large, max-snippet:-1, max-video-preview:-1",1,Is Every Mood Swing a Sign of Bipolar Disorder?,18,868,418,7,6,226,5,Article WebPage ImageObject BreadcrumbList WebSite Organization Person,2026-09-18T03:36:50+00:00
https://www.tulasihealthcare.com/blog/what-foods-help-with-depression/,/blog/what-foods-help-with-depression/,blog-post,post-sitemap,200,,What Foods Help with Depression? - Tulasi Healthcare,52,Discover how diet affects depression. Learn which foods support mental health with insights from top psychiatrist in Delhi and rehab centers.,141,https://www.tulasihealthcare.com/blog/what-foods-help-with-depression/,true,"index, follow, max-image-preview:large, max-snippet:-1, max-video-preview:-1",1,Can Food Help with Depression?,20,851,412,7,6,226,5,Article WebPage ImageObject BreadcrumbList WebSite Organization Person,2026-09-18T03:36:50+00:00
https://www.tulasihealthcare.com/blog/what-is-mect/,/blog/what-is-mect/,blog-post,post-sitemap,200,,What Is mECT? A Modern Take on Electroconvulsive Therapy,56,Explore how modified ECT (mECT) is reshaping mental health care. Trusted psychiatrist in India use it for treatment-resistant conditions.,137,https://www.tulasihealthcare.com/blog/what-is-mect/,true,"index, follow, max-image-preview:large, max-snippet:-1, max-video-preview:-1",1,Understanding MECT: A Comprehensive Overview,21,855,421,7,6,228,5,Article WebPage ImageObject BreadcrumbList WebSite Organization Person,2026-09-18T03:36:50+00:00
https://www.tulasihealthcare.com/blog/can-psychiatrist-treat-erectile-dysfunction/,/blog/can-psychiatrist-treat-erectile-dysfunction/,blog-post,post-sitemap,200,,Can Psychiatrist Treat Erectile Dysfunction - Tulasi Healthcare,63,"Discover a psychiatrist in Gurgaon treats ED through therapy, medication & support. Take the first step toward better sexual health today.",138,https://www.tulasihealthcare.com/blog/can-psychiatrist-treat-erectile-dysfunction/,true,"index, follow, max-image-preview:large, max-snippet:-1, max-video-preview:-1",1,Understanding How Psychiatrists Address Erectile Dysfunction,20,841,400,7,6,228,6,Article WebPage ImageObject BreadcrumbList WebSite Organization Person,2026-09-18T03:36:50+00:00
https://www.tulasihealthcare.com/blog/what-is-the-success-rate-for-psychiatric-treatment/,/blog/what-is-the-success-rate-for-psychiatric-treatment/,blog-post,post-sitemap,200,,What is the Success Rate for Psychiatric Treatment,50,Looking for a psychiatrist in Gurgaon? Learn about high success rates in psychiatric treatment through expert care and early intervention.,138,https://www.tulasihealthcare.com/blog/what-is-the-success-rate-for-psychiatric-treatment/,true,"index, follow, max-image-preview:large, max-snippet:-1, max-video-preview:-1",1,Understanding the Success Rate of Psychiatric Treatment,21,816,374,7,6,226,6,Article WebPage ImageObject BreadcrumbList WebSite Organization Person,2026-09-18T03:36:50+00:00
https://www.tulasihealthcare.com/blog/why-mental-health-is-important/,/blog/why-mental-health-is-important/,blog-post,post-sitemap,200,,Why Mental Health is Important? - Tulasi Healthcare,51,Untreated mental health issues can lead to chronic illness. Early help from a psychiatrist in Gurgaon makes a real difference in recovery.,138,https://www.tulasihealthcare.com/blog/why-mental-health-is-important/,true,"index, follow, max-image-preview:large, max-snippet:-1, max-video-preview:-1",1,The Importance of Mental Health,21,781,339,7,6,225,6,Article WebPage ImageObject BreadcrumbList WebSite Organization Person,2026-09-18T03:36:50+00:00
https://www.tulasihealthcare.com/blog/what-is-deep-tms-therapy/,/blog/what-is-deep-tms-therapy/,blog-post,post-sitemap,200,,What is Deep TMS Therapy? - Tulasi Healthcare,45,"Discover Deep TMS therapy an advanced, non-invasive treatment for depression, anxiety & OCD. Speak to a trusted psychiatrist in India today.",140,https://www.tulasihealthcare.com/blog/what-is-deep-tms-therapy/,true,"index, follow, max-image-preview:large, max-snippet:-1, max-video-preview:-1",1,Deep TMS Therapy: What You Need to Know,22,811,365,7,6,228,5,Article WebPage ImageObject BreadcrumbList WebSite Organization Person,2026-09-18T03:36:50+00:00
https://www.tulasihealthcare.com/blog/can-bpd-be-cured/,/blog/can-bpd-be-cured/,blog-post,post-sitemap,200,,Can BPD be Cured? - Tulasi Healthcare,37,"Learn how a psychiatrist in Gurgaon can help treat BPD. Discover effective therapies, recovery tips, and the hope of long-term healing.",135,https://www.tulasihealthcare.com/blog/can-bpd-be-cured/,true,"index, follow, max-image-preview:large, max-snippet:-1, max-video-preview:-1",0,,20,837,402,7,6,225,6,Article WebPage ImageObject BreadcrumbList WebSite Organization Person,2026-09-18T03:36:50+00:00
https://www.tulasihealthcare.com/blog/what-causes-cluster-a-personality-disorder/,/blog/what-causes-cluster-a-personality-disorder/,blog-post,post-sitemap,200,,What Causes Cluster A Personality Disorder? - Tulasi Healthcare,63,"Discover the key causes of Cluster A personality disorders genetics, upbringing, and social factors. Learn how early help in Gurgaon matters.",141,https://www.tulasihealthcare.com/blog/what-causes-cluster-a-personality-disorder/,true,"index, follow, max-image-preview:large, max-snippet:-1, max-video-preview:-1",1,Understanding the Causes of Cluster A Personality Disorders,21,858,419,7,6,227,6,Article WebPage ImageObject BreadcrumbList WebSite Organization Person,2026-09-18T03:36:50+00:00
https://www.tulasihealthcare.com/blog/does-alcoholism-run-in-families/,/blog/does-alcoholism-run-in-families/,blog-post,post-sitemap,200,,Does Alcoholism Run in Families? - Tulasi Healthcare,52,"Explore how alcoholism can run in families through genetics and environment, and learn how early intervention can help break the cycle.",135,https://www.tulasihealthcare.com/blog/does-alcoholism-run-in-families/,true,"index, follow, max-image-preview:large, max-snippet:-1, max-video-preview:-1",0,,20,841,403,7,6,225,6,Article WebPage ImageObject BreadcrumbList WebSite Organization Person,2026-09-18T03:36:50+00:00
https://www.tulasihealthcare.com/blog/how-does-environment-affect-mental-health/,/blog/how-does-environment-affect-mental-health/,blog-post,post-sitemap,200,,How does Environment Affect Mental Health? - Tulasi Healthcare,62,Learn how daily surroundings affect your mental health. Expert tips and insights from a trusted mental hospital in Gurgaon to help you heal.,140,https://www.tulasihealthcare.com/blog/how-does-environment-affect-mental-health/,true,"index, follow, max-image-preview:large, max-snippet:-1, max-video-preview:-1",1,The Impact of Environment on Mental Health,20,850,402,7,6,227,6,Article WebPage ImageObject BreadcrumbList WebSite Organization Person,2026-09-18T03:36:50+00:00
https://www.tulasihealthcare.com/blog/what-happens-in-a-rehabilitation-center/,/blog/what-happens-in-a-rehabilitation-center/,blog-post,post-sitemap,200,,What happens in a rehabilitation center? - Tulasi Healthcare,60,,0,https://www.tulasihealthcare.com/blog/what-happens-in-a-rehabilitation-center/,true,"index, follow, max-image-preview:large, max-snippet:-1, max-video-preview:-1",1,What to expect in a rehabilitation centre?,20,928,487,7,6,224,5,Article WebPage ImageObject BreadcrumbList WebSite Organization Person,2026-09-18T03:36:50+00:00
https://www.tulasihealthcare.com/blog/blood-tests-indicating-risk-of-future-mental-illness/,/blog/blood-tests-indicating-risk-of-future-mental-illness/,blog-post,post-sitemap,200,,blood tests indicating risk of future mental illness - Tulasi Healthcare,72,,0,https://www.tulasihealthcare.com/blog/blood-tests-indicating-risk-of-future-mental-illness/,true,"index, follow, max-image-preview:large, max-snippet:-1, max-video-preview:-1",0,,22,1232,802,6,6,227,5,Article WebPage BreadcrumbList WebSite Organization Person,2026-09-18T03:36:50+00:00
https://www.tulasihealthcare.com/blog/how-to-know-if-your-child-needs-psychiatric-support/,/blog/how-to-know-if-your-child-needs-psychiatric-support/,blog-post,post-sitemap,200,,How to Know if Your Child Needs Psychiatric Support,51,Learn how to spot signs your child may need psychiatric care. Get expert insights and connect with a psychiatrist in Delhi for early support.,141,https://www.tulasihealthcare.com/blog/how-to-know-if-your-child-needs-psychiatric-support/,true,"index, follow, max-image-preview:large, max-snippet:-1, max-video-preview:-1",1,When to Seek Psychiatric Help for Your Child,21,817,370,7,6,227,5,Article WebPage ImageObject BreadcrumbList WebSite Organization Person,2026-09-18T03:36:50+00:00
https://www.tulasihealthcare.com/blog/ocd-treatment-options-and-management-strategies/,/blog/ocd-treatment-options-and-management-strategies/,blog-post,post-sitemap,200,,OCD Treatment Options and Management Strategies - Tulasi Healthcare,67,,0,https://www.tulasihealthcare.com/blog/ocd-treatment-options-and-management-strategies/,true,"index, follow, max-image-preview:large, max-snippet:-1, max-video-preview:-1",0,,21,1448,1010,7,6,225,6,Article WebPage ImageObject BreadcrumbList WebSite Organization Person,2026-09-18T03:36:51+00:00
https://www.tulasihealthcare.com/blog/sexologist-for-female-sexual-disorder/,/blog/sexologist-for-female-sexual-disorder/,blog-post,post-sitemap,200,,Sexologist for Female Sexual Disorder - Tulasi Healthcare,57,Consult the best Sexologist in Delhi for expert care and treatment of female sexual disorders at Tulasi Healthcare.,115,https://www.tulasihealthcare.com/blog/sexologist-for-female-sexual-disorder/,true,"index, follow, max-image-preview:large, max-snippet:-1, max-video-preview:-1",1,How to Seek help for Female Sexual Disorders? How to approach an Expert?,21,1440,1000,7,6,225,5,Article WebPage ImageObject BreadcrumbList WebSite Organization Person,2026-09-18T03:36:51+00:00
https://www.tulasihealthcare.com/blog/signs-of-alcoholism/,/blog/signs-of-alcoholism/,blog-post,post-sitemap,200,,Signs of Alcoholism - Tulasi Healthcare,39,,0,https://www.tulasihealthcare.com/blog/signs-of-alcoholism/,true,"index, follow, max-image-preview:large, max-snippet:-1, max-video-preview:-1",1,How to Identify and Assess Alcoholism?,23,1408,979,7,6,225,5,Article WebPage ImageObject BreadcrumbList WebSite Organization Person,2026-09-18T03:36:51+00:00
https://www.tulasihealthcare.com/blog/a-day-at-tulasi-healthcare-our-rehab-centre-in-delhi/,/blog/a-day-at-tulasi-healthcare-our-rehab-centre-in-delhi/,blog-post,post-sitemap,200,,A Day at Tulasi Healthcare: Our Rehab Centre in Delhi - Tulasi Healthcare,73,"Tulasi Healthcare is a leading rehab centre in Delhi, providing expert care for addiction and mental illness.",109,https://www.tulasihealthcare.com/blog/a-day-at-tulasi-healthcare-our-rehab-centre-in-delhi/,true,"index, follow, max-image-preview:large, max-snippet:-1, max-video-preview:-1",1,Rehabilitation Centre Meaning,20,1578,1138,7,6,224,5,Article WebPage ImageObject BreadcrumbList WebSite Organization Person,2026-09-18T03:36:51+00:00
https://www.tulasihealthcare.com/blog/bipolar-disorder-specialists/,/blog/bipolar-disorder-specialists/,blog-post,post-sitemap,200,,Bipolar Disorder Specialists - Tulasi Healthcare,48,"At Tulasi Healthcare, our bipolar disorder specialists are providing effective treatment plans to help you lead a balanced life.",128,https://www.tulasihealthcare.com/blog/bipolar-disorder-specialists/,true,"index, follow, max-image-preview:large, max-snippet:-1, max-video-preview:-1",1,Routine and Mindfulness is the Way: From the lens of Bipolar Disorder Specialists,25,1424,989,7,6,225,5,Article WebPage ImageObject BreadcrumbList WebSite Organization Person,2026-09-18T03:36:51+00:00
https://www.tulasihealthcare.com/blog/personality-disorder-and-its-treatment/,/blog/personality-disorder-and-its-treatment/,blog-post,post-sitemap,200,,Personality Disorder and its Treatment - Tulasi Healthcare,58,Get the right care for personality disorder at Tulasi Healthcare. We support your recovery with expert and personalized treatment.,130,https://www.tulasihealthcare.com/blog/personality-disorder-and-its-treatment/,true,"index, follow, max-image-preview:large, max-snippet:-1, max-video-preview:-1",1,Understanding the Personality Disorders,39,1420,992,7,6,226,6,Article WebPage ImageObject BreadcrumbList WebSite Organization Person,2026-09-18T03:36:51+00:00
https://www.tulasihealthcare.com/blog/coping-skills-for-depression-by-best-psychiatrist-in-delhi/,/blog/coping-skills-for-depression-by-best-psychiatrist-in-delhi/,blog-post,post-sitemap,200,,Coping Skills for Depression by Best Psychiatrist in Delhi - Tulasi Healthcare,78,,0,https://www.tulasihealthcare.com/blog/coping-skills-for-depression-by-best-psychiatrist-in-delhi/,true,"index, follow, max-image-preview:large, max-snippet:-1, max-video-preview:-1",1,Coping Skills for Depression by Best Psychiatrist in Delhi,28,1468,1048,6,6,224,6,Article WebPage BreadcrumbList WebSite Organization Person,2026-09-18T03:36:51+00:00
https://www.tulasihealthcare.com/blog/is-dementia-curable/,/blog/is-dementia-curable/,blog-post,post-sitemap,200,,Is dementia curable? - Tulasi Healthcare,40,,0,https://www.tulasihealthcare.com/blog/is-dementia-curable/,true,"index, follow, max-image-preview:large, max-snippet:-1, max-video-preview:-1",0,,21,1442,1005,6,6,224,5,Article WebPage BreadcrumbList WebSite Organization Person,2026-09-18T03:36:51+00:00
https://www.tulasihealthcare.com/blog/how-rehabilitation-centers-tailor-treatment-plans-for-individual-needs-debunking-myths/,/blog/how-rehabilitation-centers-tailor-treatment-plans-for-individual-needs-debunking-myths/,blog-post,post-sitemap,200,,How Rehabilitation Centers Tailor Treatment Plans for Individual Needs- debunking myths - Tulasi Healthcare,107,,0,https://www.tulasihealthcare.com/blog/how-rehabilitation-centers-tailor-treatment-plans-for-individual-needs-debunking-myths/,true,"index, follow, max-image-preview:large, max-snippet:-1, max-video-preview:-1",0,,25,1455,1028,7,6,226,5,Article WebPage ImageObject BreadcrumbList WebSite Organization Person,2026-09-18T03:36:51+00:00
https://www.tulasihealthcare.com/blog/how-can-a-psychiatrist-help-me/,/blog/how-can-a-psychiatrist-help-me/,blog-post,post-sitemap,200,,How can a psychiatrist help me?  - Tulasi Healthcare,52,,0,https://www.tulasihealthcare.com/blog/how-can-a-psychiatrist-help-me/,true,"index, follow, max-image-preview:large, max-snippet:-1, max-video-preview:-1",0,,33,1596,1186,6,6,232,7,Article WebPage BreadcrumbList WebSite Organization Person,2026-09-18T03:36:51+00:00
https://www.tulasihealthcare.com/blog/how-do-i-know-if-i-need-a-psychiatrist/,/blog/how-do-i-know-if-i-need-a-psychiatrist/,blog-post,post-sitemap,200,,How Do I know if I need a psychiatrist? - Tulasi Healthcare,59,,0,https://www.tulasihealthcare.com/blog/how-do-i-know-if-i-need-a-psychiatrist/,true,"index, follow, max-image-preview:large, max-snippet:-1, max-video-preview:-1",1,How Do I know if I need a psychiatrist?,27,1455,1028,6,6,225,6,Article WebPage BreadcrumbList WebSite Organization Person,2026-09-18T03:36:51+00:00
https://www.tulasihealthcare.com/blog/early-signs-of-relapse-you-shouldnt-ignore/,/blog/early-signs-of-relapse-you-shouldnt-ignore/,blog-post,post-sitemap,200,,Early signs of relapse you shouldn't ignore - Tulasi Healthcare,63,,0,https://www.tulasihealthcare.com/blog/early-signs-of-relapse-you-shouldnt-ignore/,true,"index, follow, max-image-preview:large, max-snippet:-1, max-video-preview:-1",0,,17,918,482,6,6,226,6,Article WebPage BreadcrumbList WebSite Organization Person,2026-09-18T03:36:51+00:00
https://www.tulasihealthcare.com/blog/adult-adhd/,/blog/adult-adhd/,blog-post,post-sitemap,200,,Adult ADHD - Tulasi Healthcare,30,,0,https://www.tulasihealthcare.com/blog/adult-adhd/,true,"index, follow, max-image-preview:large, max-snippet:-1, max-video-preview:-1",0,,20,886,460,6,6,225,5,Article WebPage BreadcrumbList WebSite Organization Person,2026-09-18T03:36:51+00:00
https://www.tulasihealthcare.com/blog/role-of-therapy-in-de-addiction-cbt-dbt-and-more/,/blog/role-of-therapy-in-de-addiction-cbt-dbt-and-more/,blog-post,post-sitemap,200,,"Role of therapy in de-addiction CBT, DBT and more - Tulasi Healthcare",69,,0,https://www.tulasihealthcare.com/blog/role-of-therapy-in-de-addiction-cbt-dbt-and-more/,true,"index, follow, max-image-preview:large, max-snippet:-1, max-video-preview:-1",0,,17,834,394,6,6,225,5,Article WebPage BreadcrumbList WebSite Organization Person,2026-09-18T03:36:51+00:00
https://www.tulasihealthcare.com/blog/how-to-approach-mental-health-concerns-the-right-way/,/blog/how-to-approach-mental-health-concerns-the-right-way/,blog-post,post-sitemap,200,,How to Approach Mental Health Concerns the Right Way - Tulasi Healthcare,72,,0,https://www.tulasihealthcare.com/blog/how-to-approach-mental-health-concerns-the-right-way/,true,"index, follow, max-image-preview:large, max-snippet:-1, max-video-preview:-1",0,,18,891,463,6,6,224,6,Article WebPage BreadcrumbList WebSite Organization Person,2026-09-18T03:36:51+00:00
https://www.tulasihealthcare.com/blog/who-is-a-psychiatrist/,/blog/who-is-a-psychiatrist/,blog-post,post-sitemap,200,,Who is a psychiatrist? What does a psychiatrist do? - Tulasi Healthcare,71,,0,https://www.tulasihealthcare.com/blog/who-is-a-psychiatrist/,true,"index, follow, max-image-preview:large, max-snippet:-1, max-video-preview:-1",1,Who is a psychiatrist?,19,915,485,7,6,226,6,Article WebPage ImageObject BreadcrumbList WebSite Organization Person,2026-09-18T03:36:51+00:00
https://www.tulasihealthcare.com/blog/female-sexual-disorders-treatment-options-with-best-sexologist-in-delhi/,/blog/female-sexual-disorders-treatment-options-with-best-sexologist-in-delhi/,blog-post,post-sitemap,200,,Female Sexual Disorders: Treatment options with Best Sexologist in Delhi - Tulasi Healthcare,92,Looking for the best female sexologist in Delhi? Tulasi Healthcare provides professional sexual health counseling and treatments.,129,https://www.tulasihealthcare.com/blog/female-sexual-disorders-treatment-options-with-best-sexologist-in-delhi/,true,"index, follow, max-image-preview:large, max-snippet:-1, max-video-preview:-1",1,Prevalence in Indian Subcontinent,22,1455,1012,7,6,225,5,Article WebPage ImageObject BreadcrumbList WebSite Organization Person,2026-09-18T03:36:51+00:00
https://www.tulasihealthcare.com/blog/ocd-treatment-by-the-best-psychiatrist-in-delhi/,/blog/ocd-treatment-by-the-best-psychiatrist-in-delhi/,blog-post,post-sitemap,200,,OCD Treatment by The Best Psychiatrist in Delhi - Tulasi Healthcare,67,Find the best psychiatrist in Delhi for effective OCD treatment at tulasi healthcare. Contact us today at: 8800000255,117,https://www.tulasihealthcare.com/blog/ocd-treatment-by-the-best-psychiatrist-in-delhi/,true,"index, follow, max-image-preview:large, max-snippet:-1, max-video-preview:-1",1,Impact of OCD on a Person’s Lives,23,1437,1004,7,6,224,6,Article WebPage ImageObject BreadcrumbList WebSite Organization Person,2026-09-18T03:36:51+00:00
https://www.tulasihealthcare.com/blog/geriatric-therapy-how-to-help-aging-adults-with-mental-health-issues/,/blog/geriatric-therapy-how-to-help-aging-adults-with-mental-health-issues/,blog-post,post-sitemap,200,,Geriatric therapy: How to help aging adults with mental health issues? - Tulasi Healthcare,90,Geriatric behavioral therapy is a specialized form of mental health therapy that focuses on addressing the psychological needs of older adults.,143,https://www.tulasihealthcare.com/blog/geriatric-therapy-how-to-help-aging-adults-with-mental-health-issues/,true,"index, follow, max-image-preview:large, max-snippet:-1, max-video-preview:-1",0,,22,1426,988,7,6,226,5,Article WebPage ImageObject BreadcrumbList WebSite Organization Person,2026-09-18T03:36:51+00:00
https://www.tulasihealthcare.com/blog/what-is-alzehimers-disease-how-can-we-treat-manage-it/,/blog/what-is-alzehimers-disease-how-can-we-treat-manage-it/,blog-post,post-sitemap,200,,What is Alzehimer’s disease? How can we treat & manage it? - Tulasi Healthcare,78,,0,https://www.tulasihealthcare.com/blog/what-is-alzehimers-disease-how-can-we-treat-manage-it/,true,"index, follow, max-image-preview:large, max-snippet:-1, max-video-preview:-1",1,What is Alzheimer’s disease? How can we treat & manage it?,31,1481,1026,6,6,224,5,Article WebPage BreadcrumbList WebSite Organization Person,2026-09-18T03:36:51+00:00
https://www.tulasihealthcare.com/blog/purpose-of-a-rehabilitation-centre/,/blog/purpose-of-a-rehabilitation-centre/,blog-post,post-sitemap,200,,Purpose of a rehabilitation centre - Tulasi Healthcare,54,,0,https://www.tulasihealthcare.com/blog/purpose-of-a-rehabilitation-centre/,true,"index, follow, max-image-preview:large, max-snippet:-1, max-video-preview:-1",1,What is the Purpose of a Rehabilitation Centre?,19,831,387,6,6,225,5,Article WebPage BreadcrumbList WebSite Organization Person,2026-09-18T03:36:51+00:00
https://www.tulasihealthcare.com/blog/approach-towards-anxiety-treatment/,/blog/approach-towards-anxiety-treatment/,blog-post,post-sitemap,200,,Approach towards Anxiety Treatment - Tulasi Healthcare,54,,0,https://www.tulasihealthcare.com/blog/approach-towards-anxiety-treatment/,true,"index, follow, max-image-preview:large, max-snippet:-1, max-video-preview:-1",0,,21,1436,999,7,6,227,6,Article WebPage ImageObject BreadcrumbList WebSite Organization Person,2026-09-18T03:36:52+00:00
https://www.tulasihealthcare.com/blog/borderline-personality-disorder-case-study/,/blog/borderline-personality-disorder-case-study/,blog-post,post-sitemap,200,,Dealing With Borderline Personality Disorder : Case Study With Management Strategies - Tulasi Healthcare,104,Tulasi Healthcare offers expert treatment for Borderline Personality Disorder. Contact us now to start your journey to better mental health.,140,https://www.tulasihealthcare.com/blog/borderline-personality-disorder-case-study/,true,"index, follow, max-image-preview:large, max-snippet:-1, max-video-preview:-1",0,,23,1393,952,7,6,227,6,Article WebPage ImageObject BreadcrumbList WebSite Organization Person,2026-09-18T03:38:14+00:00
https://www.tulasihealthcare.com/blog/borderline-personality-disorder-treatment-case-study/,/blog/borderline-personality-disorder-treatment-case-study/,blog-post,post-sitemap,200,,Borderline Personality Disorder: Treatment Modalities For Recovery - Tulasi Healthcare,86,"Borderline personality disorder is usually diagnosed in early adulthood, with its onset from adolescence. Call us for more info.",128,https://www.tulasihealthcare.com/blog/borderline-personality-disorder-treatment-case-study/,true,"index, follow, max-image-preview:large, max-snippet:-1, max-video-preview:-1",1,What is Borderline Personality Disorder ? What Entails It?,23,1449,1004,7,6,229,5,Article WebPage ImageObject BreadcrumbList WebSite Organization Person,2026-09-18T03:38:14+00:00
https://www.tulasihealthcare.com/blog/why-consider-a-rehabilitation-centre-for-your-mental-well-being/,/blog/why-consider-a-rehabilitation-centre-for-your-mental-well-being/,blog-post,post-sitemap,200,,Why Consider a Rehabilitation Centre For Your Mental Well Being? - Tulasi Healthcare,84,Tulasi Healthcare is the best rehabilitation Centre For Your Mental Well Being. For more information contact us :8800000255,123,https://www.tulasihealthcare.com/blog/why-consider-a-rehabilitation-centre-for-your-mental-well-being/,true,"index, follow, max-image-preview:large, max-snippet:-1, max-video-preview:-1",0,,22,1408,974,7,6,227,6,Article WebPage ImageObject BreadcrumbList WebSite Organization Person,2026-09-18T03:38:14+00:00
https://www.tulasihealthcare.com/blog/top-4-rehabilitation-centre-in-india/,/blog/top-4-rehabilitation-centre-in-india/,blog-post,post-sitemap,200,,Top 4 Rehabilitation Centre in India - Tulasi Healthcare,56,Tulasi Healthcare is best rehabilitation centre in India offering expert care for addiction recovery and mental health treatments.,130,https://www.tulasihealthcare.com/blog/top-4-rehabilitation-centre-in-india/,true,"index, follow, max-image-preview:large, max-snippet:-1, max-video-preview:-1",0,,22,1419,990,6,6,227,5,Article WebPage BreadcrumbList WebSite Organization Person,2026-09-18T03:38:14+00:00
https://www.tulasihealthcare.com/blog/harmful-effects-of-alcohol-addiction-why-consider-an-alcohol-rehabilitation-center/,/blog/harmful-effects-of-alcohol-addiction-why-consider-an-alcohol-rehabilitation-center/,blog-post,post-sitemap,200,,Harmful effects of alcohol addiction: Why consider an alcohol rehabilitation center? - Tulasi Healthcare,104,,0,https://www.tulasihealthcare.com/blog/harmful-effects-of-alcohol-addiction-why-consider-an-alcohol-rehabilitation-center/,true,"index, follow, max-image-preview:large, max-snippet:-1, max-video-preview:-1",0,,21,1436,1000,6,6,227,5,Article WebPage BreadcrumbList WebSite Organization Person,2026-09-18T03:38:14+00:00
https://www.tulasihealthcare.com/blog/erectile-dysfunction-treatment/,/blog/erectile-dysfunction-treatment/,blog-post,post-sitemap,200,,Erectile Dysfunction Treatment - Tulasi Healthcare,50,"Erectile Dysfunction treatment at Tulasi Healthcare. Proven, expert care to help you regain sexual health and confidence. Call us:8800000255.",141,https://www.tulasihealthcare.com/blog/erectile-dysfunction-treatment/,true,"index, follow, max-image-preview:large, max-snippet:-1, max-video-preview:-1",0,,23,1446,1020,7,6,226,5,Article WebPage ImageObject BreadcrumbList WebSite Organization Person,2026-09-18T03:38:14+00:00
https://www.tulasihealthcare.com/blog/how-to-tackle-depression-finding-the-right-treatment-plan/,/blog/how-to-tackle-depression-finding-the-right-treatment-plan/,blog-post,post-sitemap,200,,How to tackle depression: Finding the right treatment plan - Tulasi Healthcare,78,,0,https://www.tulasihealthcare.com/blog/how-to-tackle-depression-finding-the-right-treatment-plan/,true,"index, follow, max-image-preview:large, max-snippet:-1, max-video-preview:-1",1,Depression- a common term but taboo follows it around,22,1457,1018,7,6,228,7,Article WebPage ImageObject BreadcrumbList WebSite Organization Person,2026-09-18T03:38:14+00:00
https://www.tulasihealthcare.com/blog/delusional-disorder-causes-symptoms-types-treatment/,/blog/delusional-disorder-causes-symptoms-types-treatment/,blog-post,post-sitemap,200,,"Delusional Disorder: Causes, Symptoms, Types & Treatment - Tulasi Healthcare",76,"Learn the symptoms, causes, types, and treatment of delusional disorder, a mental health condition that affects perception and reality.",135,https://www.tulasihealthcare.com/blog/delusional-disorder-causes-symptoms-types-treatment/,true,"index, follow, max-image-preview:large, max-snippet:-1, max-video-preview:-1",0,,23,1470,1048,7,6,229,5,Article WebPage ImageObject BreadcrumbList WebSite Organization Person,2026-09-18T03:38:15+00:00
https://www.tulasihealthcare.com/blog/overcoming-challenges-of-substance-abuse/,/blog/overcoming-challenges-of-substance-abuse/,blog-post,post-sitemap,200,,Overcoming Challenges of Substance Abuse - Tulasi Healthcare,60,"Substance abuse or substance misuse, as newly termed by DSM-5-TR, is a condition where an individual struggles to deal with the negative consequences of their substance misuse.",176,https://www.tulasihealthcare.com/blog/overcoming-challenges-of-substance-abuse/,true,"index, follow, max-image-preview:large, max-snippet:-1, max-video-preview:-1",0,,22,1378,957,7,6,227,6,Article WebPage ImageObject BreadcrumbList WebSite Organization Person,2026-09-18T03:38:15+00:00
https://www.tulasihealthcare.com/blog/why-is-importance-of-mental-health/,/blog/why-is-importance-of-mental-health/,blog-post,post-sitemap,200,,Why is Mental Health Important? - Tulasi Healthcare,51,,0,https://www.tulasihealthcare.com/blog/why-is-importance-of-mental-health/,true,"index, follow, max-image-preview:large, max-snippet:-1, max-video-preview:-1",1,What is Mental Health and It's Importance?,25,1457,1033,6,6,232,5,Article WebPage BreadcrumbList WebSite Organization Person,2026-09-18T03:38:15+00:00
https://www.tulasihealthcare.com/blog/new-treatment-approaches-to-ocd-erp-and-dtms/,/blog/new-treatment-approaches-to-ocd-erp-and-dtms/,blog-post,post-sitemap,200,,New Treatment Approaches to OCD : ERP and dTMS - Tulasi Healthcare,66,ERP and DTMS as some of the new OCD treatment modalities that allows us to explore the disorder in a new light. Tulasi Healthcare provides..,140,https://www.tulasihealthcare.com/blog/new-treatment-approaches-to-ocd-erp-and-dtms/,true,"index, follow, max-image-preview:large, max-snippet:-1, max-video-preview:-1",0,,25,1420,996,8,6,227,5,Article WebPage ImageObject BreadcrumbList WebSite Organization Person,2026-09-18T03:38:15+00:00
https://www.tulasihealthcare.com/blog/addiction-and-rehabilitation-treating-alcohol-abuse-at-a-rehab-centre/,/blog/addiction-and-rehabilitation-treating-alcohol-abuse-at-a-rehab-centre/,blog-post,post-sitemap,200,,Addiction and Rehabilitation- Treating Alcohol Abuse at a rehab centre - Tulasi Healthcare,90,,0,https://www.tulasihealthcare.com/blog/addiction-and-rehabilitation-treating-alcohol-abuse-at-a-rehab-centre/,true,"index, follow, max-image-preview:large, max-snippet:-1, max-video-preview:-1",0,,24,1388,963,7,6,226,5,Article WebPage ImageObject BreadcrumbList WebSite Organization Person,2026-09-18T03:38:15+00:00
https://www.tulasihealthcare.com/blog/how-does-addiction-begin/,/blog/how-does-addiction-begin/,blog-post,post-sitemap,200,,How does addiction begin? - Tulasi Healthcare,45,,0,https://www.tulasihealthcare.com/blog/how-does-addiction-begin/,true,"index, follow, max-image-preview:large, max-snippet:-1, max-video-preview:-1",0,,23,1388,968,7,6,226,5,Article WebPage ImageObject BreadcrumbList WebSite Organization Person,2026-09-18T03:38:15+00:00
https://www.tulasihealthcare.com/blog/role-of-a-psychiatrist-in-rehabilitating-from-substance-abuse/,/blog/role-of-a-psychiatrist-in-rehabilitating-from-substance-abuse/,blog-post,post-sitemap,200,,Role of a psychiatrist in rehabilitating from substance abuse - Tulasi Healthcare,81,Tulasi healthcare is best rehabiltation centre for treatment of both addiction and Substance abuse. For more information : 8800000255,133,https://www.tulasihealthcare.com/blog/role-of-a-psychiatrist-in-rehabilitating-from-substance-abuse/,true,"index, follow, max-image-preview:large, max-snippet:-1, max-video-preview:-1",0,,22,1232,807,7,6,227,5,Article WebPage ImageObject BreadcrumbList WebSite Organization Person,2026-09-18T03:38:15+00:00
https://www.tulasihealthcare.com/blog/interventions-for-treatment-resistant-depression/,/blog/interventions-for-treatment-resistant-depression/,blog-post,post-sitemap,200,,Interventions for treatment resistant depression - Tulasi Healthcare,68,Tulasi Healthcare provides the best treatment for resistant depression and substance abuse. Contact us today at: 880002555,122,https://www.tulasihealthcare.com/blog/interventions-for-treatment-resistant-depression/,true,"index, follow, max-image-preview:large, max-snippet:-1, max-video-preview:-1",0,,20,1157,732,7,6,229,6,Article WebPage ImageObject BreadcrumbList WebSite Organization Person,2026-09-18T03:38:15+00:00
https://www.tulasihealthcare.com/blog/lifestyle-regimen-for-alcohol-addiction/,/blog/lifestyle-regimen-for-alcohol-addiction/,blog-post,post-sitemap,200,,Lifestyle regimen for Alcohol Addiction - Tulasi Healthcare,59,Tulasi healthcare provides the best course of action for treating your loved one’s alcohol addiction issues.,108,https://www.tulasihealthcare.com/blog/lifestyle-regimen-for-alcohol-addiction/,true,"index, follow, max-image-preview:large, max-snippet:-1, max-video-preview:-1",0,,21,1408,995,7,6,226,5,Article WebPage ImageObject BreadcrumbList WebSite Organization Person,2026-09-18T03:38:15+00:00
https://www.tulasihealthcare.com/blog/treatment-modalities-by-psychiatrist-delhi/,/blog/treatment-modalities-by-psychiatrist-delhi/,blog-post,post-sitemap,200,,Treatment Options: How to know the best course of action for your loved ones? - Tulasi Healthcare,97,Tulasi Healthcare best team of psychiatrists in delhi offers different treatment modalities for psychiatric illness.,116,https://www.tulasihealthcare.com/blog/treatment-modalities-by-psychiatrist-delhi/,true,"index, follow, max-image-preview:large, max-snippet:-1, max-video-preview:-1",0,,19,1219,792,7,7,228,5,Article WebPage ImageObject BreadcrumbList WebSite Organization Person,2026-09-18T03:38:15+00:00
https://www.tulasihealthcare.com/blog/the-best-resources-for-your-mental-health/,/blog/the-best-resources-for-your-mental-health/,blog-post,post-sitemap,200,,How to find the best resources for your mental health? - Tulasi Healthcare,74,Visit tulasi healthcare for top-rated psychiatrist in gurgaon. For more information call us at: 8800000255,106,https://www.tulasihealthcare.com/blog/the-best-resources-for-your-mental-health/,true,"index, follow, max-image-preview:large, max-snippet:-1, max-video-preview:-1",0,,20,1253,821,7,6,230,5,Article WebPage ImageObject BreadcrumbList WebSite Organization Person,2026-09-18T03:38:15+00:00
https://www.tulasihealthcare.com/blog/best-treatment-modalities-for-bipolar-disorder/,/blog/best-treatment-modalities-for-bipolar-disorder/,blog-post,post-sitemap,200,,Best treatment modalities for Bipolar Disorder - Tulasi Healthcare,66,Tulasi healthcare provides best treatment modalities for Bipolar Disorder For more information contact us at: 8800000255,120,https://www.tulasihealthcare.com/blog/best-treatment-modalities-for-bipolar-disorder/,true,"index, follow, max-image-preview:large, max-snippet:-1, max-video-preview:-1",0,,24,1214,791,7,6,226,5,Article WebPage ImageObject BreadcrumbList WebSite Organization Person,2026-09-18T03:38:15+00:00
https://www.tulasihealthcare.com/blog/the-journey-of-a-mental-health-patient-a-case-study-at-tulasi-healthcare/,/blog/the-journey-of-a-mental-health-patient-a-case-study-at-tulasi-healthcare/,blog-post,post-sitemap,200,,The Journey of a Mental Health Patient: A Case Study at Tulasi Healthcare - Tulasi Healthcare,93,The Journey of a Mental Health Patient: A Case Study at Tulasi Healthcare,73,https://www.tulasihealthcare.com/blog/the-journey-of-a-mental-health-patient-a-case-study-at-tulasi-healthcare/,true,"index, follow, max-image-preview:large, max-snippet:-1, max-video-preview:-1",0,,30,1338,919,7,6,228,6,Article WebPage ImageObject BreadcrumbList WebSite Organization Person,2026-09-18T03:38:15+00:00
https://www.tulasihealthcare.com/blog/top-5-mental-hospitals-in-india/,/blog/top-5-mental-hospitals-in-india/,blog-post,post-sitemap,200,,Top 5 Mental Hospitals In India - Tulasi Healthcare,51,,0,https://www.tulasihealthcare.com/blog/top-5-mental-hospitals-in-india/,true,"index, follow, max-image-preview:large, max-snippet:-1, max-video-preview:-1",1,The best options to seek for your mental rehabilitation: Top 5 mental hospitals in India,24,1422,982,7,6,230,6,Article WebPage ImageObject BreadcrumbList WebSite Organization Person,2026-09-18T03:38:15+00:00
https://www.tulasihealthcare.com/blog/tulasi-healthcare-the-best-rehabilitation-centre/,/blog/tulasi-healthcare-the-best-rehabilitation-centre/,blog-post,post-sitemap,200,,Tulasi Healthcare: A New Era Of The Best Rehabilitation Centre - Tulasi Healthcare,82,"Tulasi Healthcare is one of the best rehabilitation centre in Gurgaon, Delhi. Contact us today at : 88000255",108,https://www.tulasihealthcare.com/blog/tulasi-healthcare-the-best-rehabilitation-centre/,true,"index, follow, max-image-preview:large, max-snippet:-1, max-video-preview:-1",0,,22,1284,855,7,6,225,5,Article WebPage ImageObject BreadcrumbList WebSite Organization Person,2026-09-18T03:38:15+00:00
https://www.tulasihealthcare.com/blog/top-3-psychiatrists-in-delhi/,/blog/top-3-psychiatrists-in-delhi/,blog-post,post-sitemap,200,,Exploring The Skills Of Top 3 Psychiatrists In Delhi - Tulasi Healthcare,72,Looking for top Psychiatrists in Delhi? Here is the list of the top 3 Psychiatrists in Delhi who offers best mental health care treatments.,139,https://www.tulasihealthcare.com/blog/top-3-psychiatrists-in-delhi/,true,"index, follow, max-image-preview:large, max-snippet:-1, max-video-preview:-1",0,,26,1252,814,7,6,228,6,Article WebPage ImageObject BreadcrumbList WebSite Organization Person,2026-09-18T03:38:15+00:00
https://www.tulasihealthcare.com/blog/case-study-of-an-ocd-patient/,/blog/case-study-of-an-ocd-patient/,blog-post,post-sitemap,200,,Living With OCD: Case Study Of An OCD Patient And Treatment Modalities - Tulasi Healthcare,90,Living With OCD: Case Study Of An OCD Patient And Treatment Modalities For more information contact us at : 8800000255,118,https://www.tulasihealthcare.com/blog/case-study-of-an-ocd-patient/,true,"index, follow, max-image-preview:large, max-snippet:-1, max-video-preview:-1",0,,24,1434,994,7,6,227,5,Article WebPage ImageObject BreadcrumbList WebSite Organization Person,2026-09-18T03:38:15+00:00
https://www.tulasihealthcare.com/blog/benefit-choosing-right-deaddiction-center/,/blog/benefit-choosing-right-deaddiction-center/,blog-post,post-sitemap,200,,Benefits of Choosing The Right Deaddiction Center - Tulasi Healthcare,69,"At Tulasi Healthcare’s De-Addiction Center, we offer expert, personalized care to support your journey to recovery. Call us at : 8800000255",139,https://www.tulasihealthcare.com/blog/benefit-choosing-right-deaddiction-center/,true,"index, follow, max-image-preview:large, max-snippet:-1, max-video-preview:-1",1,Best De Addiction Centre : Tulasi Healthcare,23,1474,1030,8,6,224,5,Article WebPage ImageObject BreadcrumbList WebSite Organization Person,2026-09-18T03:38:15+00:00
https://www.tulasihealthcare.com/blog/mindfulness-and-mental-health/,/blog/mindfulness-and-mental-health/,blog-post,post-sitemap,200,,Mindfulness and Mental Health - Tulasi Healthcare,49,mindfulness refers to a practice in which one’s thoughts are focused on paying keen attention to the present without any judgment.,130,https://www.tulasihealthcare.com/blog/mindfulness-and-mental-health/,true,"index, follow, max-image-preview:large, max-snippet:-1, max-video-preview:-1",1,What is mindfulness?,20,1086,657,7,6,226,5,Article WebPage ImageObject BreadcrumbList WebSite Organization Person,2026-09-18T03:38:16+00:00
https://www.tulasihealthcare.com/blog/tips-for-caregivers-of-patients-of-schizophrenia-an-insight-by-psychiatrist-in-india/,/blog/tips-for-caregivers-of-patients-of-schizophrenia-an-insight-by-psychiatrist-in-india/,blog-post,post-sitemap,200,,Tips for caregivers of schizophrenia patient by psychiatrist in India,69,Caring for someone with schizophrenia can be a demanding yet rewarding role. Here are some insights and tips from a psychiatrist in India.,138,https://www.tulasihealthcare.com/blog/tips-for-caregivers-of-patients-of-schizophrenia-an-insight-by-psychiatrist-in-india/,true,"index, follow, max-image-preview:large, max-snippet:-1, max-video-preview:-1",1,Tips for Schizophrenia Caregivers an Insight by Psychiatrist in India,18,776,327,7,6,226,5,Article WebPage ImageObject BreadcrumbList WebSite Organization Person,2026-09-18T03:38:16+00:00
https://www.tulasihealthcare.com/blog/types-of-mood-stabilizers/,/blog/types-of-mood-stabilizers/,blog-post,post-sitemap,200,,Types of Mood Stabilizers | Tulasi Healthcare,45,"It's important to note that mood stabilizers are not the same as antidepressant medications, which are often used. Learn more!",126,https://www.tulasihealthcare.com/blog/types-of-mood-stabilizers/,true,"index, follow, max-image-preview:large, max-snippet:-1, max-video-preview:-1",1,Mood Stabilizers,18,809,384,7,6,227,5,Article WebPage ImageObject BreadcrumbList WebSite Organization Person,2026-09-18T03:38:16+00:00
https://www.tulasihealthcare.com/blog/lifestyle-impact-on-mental-health-insights-by-top-delhi-psychiatrist/,/blog/lifestyle-impact-on-mental-health-insights-by-top-delhi-psychiatrist/,blog-post,post-sitemap,200,,Lifestyle Impact on Mental Health Insights by Top Delhi Psychiatrist,68,Tulasi Healthcare's role as a leading mental rehabilitation center that embraces holistic approaches for mental well-being. Call Now!,133,https://www.tulasihealthcare.com/blog/lifestyle-impact-on-mental-health-insights-by-top-delhi-psychiatrist/,true,"index, follow, max-image-preview:large, max-snippet:-1, max-video-preview:-1",1,Lifestyle Impact on Mental Health,18,1102,648,7,6,227,5,Article WebPage ImageObject BreadcrumbList WebSite Organization Person,2026-09-18T03:38:16+00:00
https://www.tulasihealthcare.com/blog/role-of-aa-12-step-program-in-rehabilitation-centre-near-me/,/blog/role-of-aa-12-step-program-in-rehabilitation-centre-near-me/,blog-post,post-sitemap,200,,Role of AA 12 step program in rehabilitation centre near me - Tulasi Healthcare,79,"In a rehabilitation center, incorporating the AA 12-step program provides a structured framework for individuals to address the mental",134,https://www.tulasihealthcare.com/blog/role-of-aa-12-step-program-in-rehabilitation-centre-near-me/,true,"index, follow, max-image-preview:large, max-snippet:-1, max-video-preview:-1",1,Role of Alcoholic Anonymous 12 Step Program,19,889,444,7,6,225,5,Article WebPage ImageObject BreadcrumbList WebSite Organization Person,2026-09-18T03:38:16+00:00
https://www.tulasihealthcare.com/blog/what-are-the-different-types-of-schizophrenia/,/blog/what-are-the-different-types-of-schizophrenia/,blog-post,post-sitemap,200,,What are the different types of Schizophrenia? - Tulasi Healthcare,66,"Understanding the types of schizophrenia is crucial for accurate diagnosis, appropriate treatment, and effective management of the condition.",141,https://www.tulasihealthcare.com/blog/what-are-the-different-types-of-schizophrenia/,true,"index, follow, max-image-preview:large, max-snippet:-1, max-video-preview:-1",1,Types of Schizophrenia,25,1107,685,7,6,225,5,Article WebPage ImageObject BreadcrumbList WebSite Organization Person,2026-09-18T03:38:16+00:00
https://www.tulasihealthcare.com/blog/importance-of-family-therapy-a-guide-in-a-rehabilitation-centre/,/blog/importance-of-family-therapy-a-guide-in-a-rehabilitation-centre/,blog-post,post-sitemap,200,,Importance of family therapy a guide in a rehabilitation centre - Tulasi Healthcare,83,"Family therapy plays a crucial role in fostering positive relationships, resolving conflicts, and supporting individual and family well-being",141,https://www.tulasihealthcare.com/blog/importance-of-family-therapy-a-guide-in-a-rehabilitation-centre/,true,"index, follow, max-image-preview:large, max-snippet:-1, max-video-preview:-1",1,Importance of Family Therapy in Rehabilitation Centre,18,1032,590,7,6,226,5,Article WebPage ImageObject BreadcrumbList WebSite Organization Person,2026-09-18T03:38:16+00:00
https://www.tulasihealthcare.com/blog/how-to-control-your-teenager-screen-time/,/blog/how-to-control-your-teenager-screen-time/,blog-post,post-sitemap,200,,HOW TO CONTROL YOUR TEENAGER SCREEN TIME? - Tulasi Healthcare,61,"Regulating screen time for teenagers can be a challenge, but it’s crucial for their overall well-being. Set clear and consistent rules.",135,https://www.tulasihealthcare.com/blog/how-to-control-your-teenager-screen-time/,true,"index, follow, max-image-preview:large, max-snippet:-1, max-video-preview:-1",1,HOW TO CONTROL YOUR TEENAGER SCREEN TIME?,28,798,377,7,6,224,5,Article WebPage ImageObject BreadcrumbList WebSite Organization Person,2026-09-18T03:38:16+00:00
https://www.tulasihealthcare.com/blog/what-is-cognitive-rehabilitation-therapy/,/blog/what-is-cognitive-rehabilitation-therapy/,blog-post,post-sitemap,200,,What is Cognitive Rehabilitation Therapy? - Tulasi Healthcare,61,Tulasi Healthcare's team of experienced psychiatrists and therapists excels in cognitive rehabilitation therapy (CRT). Call us,126,https://www.tulasihealthcare.com/blog/what-is-cognitive-rehabilitation-therapy/,true,"index, follow, max-image-preview:large, max-snippet:-1, max-video-preview:-1",1,Cognitive Rehabilitation Therapy,18,1010,573,7,6,225,5,Article WebPage ImageObject BreadcrumbList WebSite Organization Person,2026-09-18T03:38:16+00:00
https://www.tulasihealthcare.com/blog/how-does-environment-influence-precipitation-of-mental-illness/,/blog/how-does-environment-influence-precipitation-of-mental-illness/,blog-post,post-sitemap,200,,How does environment influence precipitation of mental illness? - Tulasi Healthcare,83,The relationship between the environment and mental health is complex and multifaceted. which has a significant effect on mental health.,136,https://www.tulasihealthcare.com/blog/how-does-environment-influence-precipitation-of-mental-illness/,true,"index, follow, max-image-preview:large, max-snippet:-1, max-video-preview:-1",1,Environment influence precipitation of mental illness,19,913,476,7,6,225,5,Article WebPage ImageObject BreadcrumbList WebSite Organization Person,2026-09-18T03:38:16+00:00
https://www.tulasihealthcare.com/blog/menopausal-anxiety-understanding-coping-and-seeking-support/,/blog/menopausal-anxiety-understanding-coping-and-seeking-support/,blog-post,post-sitemap,200,,"Menopausal Anxiety: Understanding, Coping, and Seeking Support - Tulasi Healthcare",82,,0,https://www.tulasihealthcare.com/blog/menopausal-anxiety-understanding-coping-and-seeking-support/,true,"index, follow, max-image-preview:large, max-snippet:-1, max-video-preview:-1",1,What is menopausal Anxiety?,24,965,533,7,6,225,5,Article WebPage ImageObject BreadcrumbList WebSite Organization Person,2026-09-18T03:38:16+00:00
https://www.tulasihealthcare.com/blog/trusted-mental-facility-in-delhi-ncr/,/blog/trusted-mental-facility-in-delhi-ncr/,blog-post,post-sitemap,200,,Trusted Mental Facility in Delhi NCR - Tulasi Healthcare,56,Tulasi Healthcare is the name you can trust. Find the solution you need at one of the best mental facilitiy in the region. Call us now.,135,https://www.tulasihealthcare.com/blog/trusted-mental-facility-in-delhi-ncr/,true,"index, follow, max-image-preview:large, max-snippet:-1, max-video-preview:-1",1,Mental Facility in Delhi NCR,22,1262,837,7,6,230,6,Article WebPage ImageObject BreadcrumbList WebSite Organization Person,2026-09-18T03:38:16+00:00
https://www.tulasihealthcare.com/blog/top-4-rehabilitation-centre-in-delhi/,/blog/top-4-rehabilitation-centre-in-delhi/,blog-post,post-sitemap,200,,Top 4 Rehabilitation Centre in Delhi - Tulasi Healthcare,56,"At Tulasi Healthcare, Delhi, we provide specialized rehabilitation for addiction and mental disorders. Call us today",116,https://www.tulasihealthcare.com/blog/top-4-rehabilitation-centre-in-delhi/,true,"index, follow, max-image-preview:large, max-snippet:-1, max-video-preview:-1",1,Alleviating Healthcare anomalies with best Rehabilitation Center in Delhi,36,1600,1179,8,6,230,6,Article WebPage ImageObject BreadcrumbList WebSite Organization Person,2026-09-18T03:38:16+00:00
https://www.tulasihealthcare.com/blog/explore-tulasi-healthcare-as-your-psychiatric-care-facility/,/blog/explore-tulasi-healthcare-as-your-psychiatric-care-facility/,blog-post,post-sitemap,200,,Explore Tulasi Healthcare as your Psychiatric care facility - Tulasi Healthcare,79,,0,https://www.tulasihealthcare.com/blog/explore-tulasi-healthcare-as-your-psychiatric-care-facility/,true,"index, follow, max-image-preview:large, max-snippet:-1, max-video-preview:-1",0,,22,1432,1007,7,6,226,5,Article WebPage ImageObject BreadcrumbList WebSite Organization Person,2026-09-18T03:38:16+00:00
https://www.tulasihealthcare.com/blog/bipolar-disorder-its-symptoms-treatment/,/blog/bipolar-disorder-its-symptoms-treatment/,blog-post,post-sitemap,200,,"Bipolar disorder & It's symptoms, treatment - Tulasi Healthcare",63,,0,https://www.tulasihealthcare.com/blog/bipolar-disorder-its-symptoms-treatment/,true,"index, follow, max-image-preview:large, max-snippet:-1, max-video-preview:-1",0,,23,1330,910,7,6,226,5,Article WebPage ImageObject BreadcrumbList WebSite Organization Person,2026-09-18T03:38:16+00:00
https://www.tulasihealthcare.com/blog/best-care-modalities-with-our-mental-health-hospital/,/blog/best-care-modalities-with-our-mental-health-hospital/,blog-post,post-sitemap,200,,Best Care Modalities with our Mental Health Hospital - Tulasi Healthcare,72,,0,https://www.tulasihealthcare.com/blog/best-care-modalities-with-our-mental-health-hospital/,true,"index, follow, max-image-preview:large, max-snippet:-1, max-video-preview:-1",0,,23,1439,1017,7,6,227,5,Article WebPage ImageObject BreadcrumbList WebSite Organization Person,2026-09-18T03:38:16+00:00
https://www.tulasihealthcare.com/blog/healing-and-hope-at-tulasi-healthcare-rehabilitation-centre/,/blog/healing-and-hope-at-tulasi-healthcare-rehabilitation-centre/,blog-post,post-sitemap,200,,Your Path to Healing and Hope at Tulasi Healthcare Rehabilitation Centre - Tulasi Healthcare,92,"Tulasi Healthcare rehabilitation centre offer a lifeline to individuals battling addiction, whether it’s to substances or behaviors.",132,https://www.tulasihealthcare.com/blog/healing-and-hope-at-tulasi-healthcare-rehabilitation-centre/,true,"index, follow, max-image-preview:large, max-snippet:-1, max-video-preview:-1",1,Healing & Recovery at Tulasi Healthcare Rehabilitation Centre,23,932,498,7,6,225,5,Article WebPage ImageObject BreadcrumbList WebSite Organization Person,2026-09-18T03:38:17+00:00
https://www.tulasihealthcare.com/blog/the-role-of-psychiatric-rehabilitation-center-in-mental-health-recovery/,/blog/the-role-of-psychiatric-rehabilitation-center-in-mental-health-recovery/,blog-post,post-sitemap,200,,Role of Rehabilitation Center in Mental Health Recovery | THC,61,"Psychiatric rehabilitation center provide a structured environment where individuals can acquire essential life skills, such as coping",134,https://www.tulasihealthcare.com/blog/the-role-of-psychiatric-rehabilitation-center-in-mental-health-recovery/,true,"index, follow, max-image-preview:large, max-snippet:-1, max-video-preview:-1",1,Psychiatric Rehabilitation Center Role in Mental Health Recovery,21,1203,759,7,6,224,5,Article WebPage ImageObject BreadcrumbList WebSite Organization Person,2026-09-18T03:38:17+00:00
https://www.tulasihealthcare.com/blog/premature-ejaculation/,/blog/premature-ejaculation/,blog-post,post-sitemap,200,,"Premature Ejaculation: Causes, Symptoms & Treatment - THC",57,Premature Ejaculation is a sexual disorder when a man climaxes and ejaculates (releases semen) sooner than he or his partner would like.,136,https://www.tulasihealthcare.com/blog/premature-ejaculation/,true,"index, follow, max-image-preview:large, max-snippet:-1, max-video-preview:-1",1,An overview of Premature Ejaculation,23,1459,1036,7,6,225,5,Article WebPage ImageObject BreadcrumbList WebSite Organization Person,2026-09-18T03:38:17+00:00
https://www.tulasihealthcare.com/blog/erectile-dysfunction/,/blog/erectile-dysfunction/,blog-post,post-sitemap,200,,"Erectile Dysfunction: Causes, Symptoms and Treatment | THC",58,"Erectile dysfunction is growing at an exponential rate among young individuals day by day. A fast lifestyle, irregular and junk food habit..",140,https://www.tulasihealthcare.com/blog/erectile-dysfunction/,true,"index, follow, max-image-preview:large, max-snippet:-1, max-video-preview:-1",1,"Erectile Dysfunction: Causes, Symptoms and Treatment",22,1412,987,7,6,225,5,Article WebPage ImageObject BreadcrumbList WebSite Organization Person,2026-09-18T03:38:17+00:00
https://www.tulasihealthcare.com/blog/erectile-disorder-causes-and-treatment-by-psychiatrist-at-sexual-health-clinic-in-delhi-and-gurgaon/,/blog/erectile-disorder-causes-and-treatment-by-psychiatrist-at-sexual-health-clinic-in-delhi-and-gurgaon/,blog-post,post-sitemap,200,,Erectile Disorder Causes and Treatment by Psychiatrist | THC,60,Erectile dysfunction (ED) is a common medical condition that can have both physical and psychological causes. Contact Tulasi Healthcare.,136,https://www.tulasihealthcare.com/blog/erectile-disorder-causes-and-treatment-by-psychiatrist-at-sexual-health-clinic-in-delhi-and-gurgaon/,true,"index, follow, max-image-preview:large, max-snippet:-1, max-video-preview:-1",1,ERECTILE DISORDER CAUSES AND TREATMENT BY PSYCHIATRIST,21,1004,563,7,6,229,5,Article WebPage ImageObject BreadcrumbList WebSite Organization Person,2026-09-18T03:38:17+00:00
https://www.tulasihealthcare.com/blog/female-sexual-disorders-diagnosis-treatment/,/blog/female-sexual-disorders-diagnosis-treatment/,blog-post,post-sitemap,200,,Female Sexual Disorders: A Comprehensive Guide to Diagnosis and Treatment at Sexual Health Clinic - Tulasi Healthcare,117,Female sexual disorders can have an significant impact on the woman’s physical and emotional well-being. Don't hesitate to seek help.,133,https://www.tulasihealthcare.com/blog/female-sexual-disorders-diagnosis-treatment/,true,"index, follow, max-image-preview:large, max-snippet:-1, max-video-preview:-1",1,Female Sexual Disorders: Diagnosis and Treatment at Sexual Health Clinic,24,1431,1001,7,6,227,5,Article WebPage ImageObject BreadcrumbList WebSite Organization Person,2026-09-18T03:38:17+00:00
https://www.tulasihealthcare.com/blog/phobias-and-their-treatment-by-psychiatrists/,/blog/phobias-and-their-treatment-by-psychiatrists/,blog-post,post-sitemap,200,,Phobias and their Treatment by Psychiatrists - Tulasi Healthcare,64,Phobias are a common type of anxiety disorder and Tulasi Healthcare offer latest treatment for the phobias Virtual Reality Therapy.,131,https://www.tulasihealthcare.com/blog/phobias-and-their-treatment-by-psychiatrists/,true,"index, follow, max-image-preview:large, max-snippet:-1, max-video-preview:-1",1,Treatment of Phobias by Psychiatrist,23,1563,1134,7,6,226,5,Article WebPage ImageObject BreadcrumbList WebSite Organization Person,2026-09-18T03:38:17+00:00
https://www.tulasihealthcare.com/blog/comprehensive-guide-for-psychosis-treatment-by-psychiatrists-near-me/,/blog/comprehensive-guide-for-psychosis-treatment-by-psychiatrists-near-me/,blog-post,post-sitemap,200,,Comprehensive Guide for Psychosis Treatment by Psychiatrists Near me - Tulasi Healthcare,88,"Effective treatment of psychosis requires a multi-faceted approach, and qualified psychiatrists play a central role in this process.",132,https://www.tulasihealthcare.com/blog/comprehensive-guide-for-psychosis-treatment-by-psychiatrists-near-me/,true,"index, follow, max-image-preview:large, max-snippet:-1, max-video-preview:-1",1,Treatment of Psychosis by Psychiatrist,26,1012,589,7,6,224,6,Article WebPage ImageObject BreadcrumbList WebSite Organization Person,2026-09-18T03:38:17+00:00
https://www.tulasihealthcare.com/blog/obsessive-compulsive-disorder-effective-treatment/,/blog/obsessive-compulsive-disorder-effective-treatment/,blog-post,post-sitemap,200,,Obsessive-Compulsive Disorder (OCD): Effective Treatment in Rehabilitation Centers - Tulasi Healthcare,102,"Overcoming Obsessive-Compulsive Disorder is a journey that requires willpower, professional steerage, and a supportive surroundings.",132,https://www.tulasihealthcare.com/blog/obsessive-compulsive-disorder-effective-treatment/,true,"index, follow, max-image-preview:large, max-snippet:-1, max-video-preview:-1",1,OCD treatment in Rehabilitation Center,22,1186,756,7,6,227,5,Article WebPage ImageObject BreadcrumbList WebSite Organization Person,2026-09-18T03:38:17+00:00
https://www.tulasihealthcare.com/blog/treatment-of-mental-illnesses-in-a-rehabilitation-centre/,/blog/treatment-of-mental-illnesses-in-a-rehabilitation-centre/,blog-post,post-sitemap,200,,Treatment of Mental Illnesses in a Rehabilitation Centre | THC,62,Rehabilitation centre play a crucial role in providing comprehensive care for individuals struggling with mental illnesses. Connect with THC.,141,https://www.tulasihealthcare.com/blog/treatment-of-mental-illnesses-in-a-rehabilitation-centre/,true,"index, follow, max-image-preview:large, max-snippet:-1, max-video-preview:-1",1,Treatment of Mental illness in Rehabilitation Centre,26,889,457,6,6,225,5,Article WebPage BreadcrumbList WebSite Organization Person,2026-09-18T03:38:17+00:00
https://www.tulasihealthcare.com/blog/guidelines-for-the-treatment-of-mania-in-a-rehabilitation-centre/,/blog/guidelines-for-the-treatment-of-mania-in-a-rehabilitation-centre/,blog-post,post-sitemap,200,,Treatment of Mania in a Rehabilitation Centre | Tulasi Healthcare,65,Effective treatment of mania in Tulasi Healthcare rehabilitation center focuses on multidisciplinary approach that addresses the individual,139,https://www.tulasihealthcare.com/blog/guidelines-for-the-treatment-of-mania-in-a-rehabilitation-centre/,true,"index, follow, max-image-preview:large, max-snippet:-1, max-video-preview:-1",1,Mania Treatment in Rehabilitation Centre,23,924,484,7,6,226,5,Article WebPage ImageObject BreadcrumbList WebSite Organization Person,2026-09-18T03:38:17+00:00
https://www.tulasihealthcare.com/blog/treatment-of-suicidal-patients-in-a-mental-rehabilitation-center/,/blog/treatment-of-suicidal-patients-in-a-mental-rehabilitation-center/,blog-post,post-sitemap,200,,Suicidal Patients treatment in Rehabilitation Center | THC,58,"Suicidal patients in mental rehabilitation center require a specialized, comprehensive, and multidisciplinary approach to treatment.",132,https://www.tulasihealthcare.com/blog/treatment-of-suicidal-patients-in-a-mental-rehabilitation-center/,true,"index, follow, max-image-preview:large, max-snippet:-1, max-video-preview:-1",1,Treatment and Care for Suicidal in a Mental Rehabilitation Center,22,1408,968,7,6,229,5,Article WebPage ImageObject BreadcrumbList WebSite Organization Person,2026-09-18T03:38:17+00:00
https://www.tulasihealthcare.com/blog/therapies-for-substance-dependency-in-rehabilitation-centre/,/blog/therapies-for-substance-dependency-in-rehabilitation-centre/,blog-post,post-sitemap,200,,Therapies for Substance Dependency in Rehabilitation Centre - Tulasi Healthcare,79,TULASI HEALTHCARE professional team of highly skilled psychologists are trained to delivery therapies according to requirement of clients.,138,https://www.tulasihealthcare.com/blog/therapies-for-substance-dependency-in-rehabilitation-centre/,true,"index, follow, max-image-preview:large, max-snippet:-1, max-video-preview:-1",1,Therapies provided in Rehabilitation centre for Substance Dependency,28,1247,825,7,6,227,5,Article WebPage ImageObject BreadcrumbList WebSite Organization Person,2026-09-18T03:38:17+00:00
https://www.tulasihealthcare.com/blog/management-of-treatment-resistant-ocd-a-comprehensive-approach/,/blog/management-of-treatment-resistant-ocd-a-comprehensive-approach/,blog-post,post-sitemap,200,,Management of Treatment-Resistant OCD: A Comprehensive Approach - Tulasi Healthcare,83,Managing treatment-resistant OCD requires a multifaceted and individualized approach. Tulasi Healthcare offer a comprehensive treatment plan.,141,https://www.tulasihealthcare.com/blog/management-of-treatment-resistant-ocd-a-comprehensive-approach/,true,"index, follow, max-image-preview:large, max-snippet:-1, max-video-preview:-1",1,Treatment Resistant OCD,19,1030,597,7,6,229,5,Article WebPage ImageObject BreadcrumbList WebSite Organization Person,2026-09-18T03:38:17+00:00
https://www.tulasihealthcare.com/blog/comprehensive-alcohol-addiction-treatment-in-a-deaddiction-center/,/blog/comprehensive-alcohol-addiction-treatment-in-a-deaddiction-center/,blog-post,post-sitemap,200,,Comprehensive Alcohol Addiction Treatment in a Deaddiction Center - Tulasi Healthcare,85,Tulasi Healthcare a leading deaddiction centre provides a structured and supportive environment for alcohol addiction treatment.,128,https://www.tulasihealthcare.com/blog/comprehensive-alcohol-addiction-treatment-in-a-deaddiction-center/,true,"index, follow, max-image-preview:large, max-snippet:-1, max-video-preview:-1",1,Alcohol Addiction Treatment in Deaddiction Centre,21,917,483,7,6,228,5,Article WebPage ImageObject BreadcrumbList WebSite Organization Person,2026-09-18T03:38:17+00:00
https://www.tulasihealthcare.com/blog/understanding-schizophrenia-a-comprehensive-overview-by-the-best-psychiatrist-in-india/,/blog/understanding-schizophrenia-a-comprehensive-overview-by-the-best-psychiatrist-in-india/,blog-post,post-sitemap,200,,Schizophrenia: An Overview by the Best Psychiatrist in India | THC,66,For timely and accurate diagnosis and correct treatment of schizophrenia call 8800000255 for appointment with the best psychiatrist in INDIA.,141,https://www.tulasihealthcare.com/blog/understanding-schizophrenia-a-comprehensive-overview-by-the-best-psychiatrist-in-india/,true,"index, follow, max-image-preview:large, max-snippet:-1, max-video-preview:-1",1,Schizophrenia Overview by best psychiatrist in India,26,811,381,7,6,231,5,Article WebPage ImageObject BreadcrumbList WebSite Organization Person,2026-09-18T03:38:17+00:00
https://www.tulasihealthcare.com/blog/types-of-schizophrenia-with-their-treatment-in-mental-hospital-in-india/,/blog/types-of-schizophrenia-with-their-treatment-in-mental-hospital-in-india/,blog-post,post-sitemap,200,,Schizophrenia Types & Treatment in Mental Hospital in India | THC,65,Team of mental health professionals provides the best care for schizophrenia in TULASI HEALTHCARE best mental hospital in India.,128,https://www.tulasihealthcare.com/blog/types-of-schizophrenia-with-their-treatment-in-mental-hospital-in-india/,true,"index, follow, max-image-preview:large, max-snippet:-1, max-video-preview:-1",1,Schizophrenia Types & their treatment in Mental Hospital in India,31,982,559,7,6,227,5,Article WebPage ImageObject BreadcrumbList WebSite Organization Person,2026-09-18T03:38:17+00:00
https://www.tulasihealthcare.com/blog/overview-of-cluster-c-personality-disorders/,/blog/overview-of-cluster-c-personality-disorders/,blog-post,post-sitemap,200,,Overview of Cluster C Personality Disorders - Tulasi Healthcare,63,Cluster C personality disorders often require long-term treatment and support. Regular follow-up with a mental health professional can help.,140,https://www.tulasihealthcare.com/blog/overview-of-cluster-c-personality-disorders/,true,"index, follow, max-image-preview:large, max-snippet:-1, max-video-preview:-1",1,Treatment of Cluster C Personality Disorder,27,1191,768,7,6,227,5,Article WebPage ImageObject BreadcrumbList WebSite Organization Person,2026-09-18T03:38:17+00:00
https://www.tulasihealthcare.com/blog/treatment-of-catatonia-in-rehabilitation-centre/,/blog/treatment-of-catatonia-in-rehabilitation-centre/,blog-post,post-sitemap,200,,Treatment of Catatonia in Rehabilitation Centre | Tulasi Healthcare,67,"Catatonia can have various underlying causes, including psychiatric, medical, or neurological conditions. Call Now for Rehabilitation Centre!",141,https://www.tulasihealthcare.com/blog/treatment-of-catatonia-in-rehabilitation-centre/,true,"index, follow, max-image-preview:large, max-snippet:-1, max-video-preview:-1",1,Treatment of Catatonia in Rehabilitation centre,18,843,404,7,6,224,5,Article WebPage ImageObject BreadcrumbList WebSite Organization Person,2026-09-18T03:38:17+00:00
https://www.tulasihealthcare.com/blog/clozapine-an-atypical-antipsychotic/,/blog/clozapine-an-atypical-antipsychotic/,blog-post,post-sitemap,200,,CLOZAPINE – AN ATYPICAL ANTIPSYCHOTIC - Tulasi Healthcare,57,Antipsychotic which is a newer generation antipsychotic. This drug is used to restore the balance of neurotransmitters in the brain namely,138,https://www.tulasihealthcare.com/blog/clozapine-an-atypical-antipsychotic/,true,"index, follow, max-image-preview:large, max-snippet:-1, max-video-preview:-1",1,Clozapine: Antipsychotic,20,879,446,7,6,225,5,Article WebPage ImageObject BreadcrumbList WebSite Organization Person,2026-09-18T03:38:18+00:00
https://www.tulasihealthcare.com/blog/a-man-2/,/blog/a-man-2/,blog-post,post-sitemap,200,,A Man | Part 2 | Rehabilitation Centre | Tulasi Healthcare,58,"Whether it was with the doctor, the counsellors, at group discussions or one-on-one with one of the other residents, talking about where..",138,https://www.tulasihealthcare.com/blog/a-man-2/,true,"index, follow, max-image-preview:large, max-snippet:-1, max-video-preview:-1",0,,18,962,532,7,6,225,6,Article WebPage ImageObject BreadcrumbList WebSite Organization Person,2026-09-18T03:38:18+00:00
https://www.tulasihealthcare.com/blog/a-man/,/blog/a-man/,blog-post,post-sitemap,200,,A Man - Tulasi Healthcare,25,"Psychologically, I was in depression. My confidence shot to hell, I had no ambition or long-term goals for myself and with the exception",136,https://www.tulasihealthcare.com/blog/a-man/,true,"index, follow, max-image-preview:large, max-snippet:-1, max-video-preview:-1",1,A Man: Rehabilitation Centre,18,786,356,6,6,226,5,Article WebPage BreadcrumbList WebSite Organization Person,2026-09-18T03:38:18+00:00
https://www.tulasihealthcare.com/blog/look-offshore-de-addiction-treatment/,/blog/look-offshore-de-addiction-treatment/,blog-post,post-sitemap,200,,Why look offshore for de addiction treatment? - Tulasi Healthcare,65,"Professional private addiction treatment centres have opened up, with the aim of providing top quality alcohol de addiction treatment.",134,https://www.tulasihealthcare.com/blog/look-offshore-de-addiction-treatment/,true,"index, follow, max-image-preview:large, max-snippet:-1, max-video-preview:-1",1,Why look offshore for de addiction treatment?,20,1040,601,7,6,225,5,Article WebPage ImageObject BreadcrumbList WebSite Organization Person,2026-09-18T03:38:18+00:00
https://www.tulasihealthcare.com/blog/rehabilitation-centre/,/blog/rehabilitation-centre/,blog-post,post-sitemap,200,,REHABILITATION CENTRE - Tulasi Healthcare,41,Residential rehabilitation centre programs and outpatient clinics devoted to treating addiction. It is estimated that there are about 6.25,138,https://www.tulasihealthcare.com/blog/rehabilitation-centre/,true,"index, follow, max-image-preview:large, max-snippet:-1, max-video-preview:-1",1,REHABILITATION CENTRE,18,905,476,7,6,228,5,Article WebPage ImageObject BreadcrumbList WebSite Organization Person,2026-09-18T03:38:18+00:00
https://www.tulasihealthcare.com/blog/anxiety-boon-bane/,/blog/anxiety-boon-bane/,blog-post,post-sitemap,200,,Anxiety: a boon or a bane - Tulasi Healthcare,45,Anxiety disorder symptoms are different for different people. Some people get nervous while going to the social gatherings.,123,https://www.tulasihealthcare.com/blog/anxiety-boon-bane/,true,"index, follow, max-image-preview:large, max-snippet:-1, max-video-preview:-1",1,Anxiety: A Boon or A Bane,22,1026,589,7,6,225,5,Article WebPage ImageObject BreadcrumbList WebSite Organization Person,2026-09-18T03:38:18+00:00
https://www.tulasihealthcare.com/blog/sharing-insanity/,/blog/sharing-insanity/,blog-post,post-sitemap,200,,SHARING INSANITY - Tulasi Healthcare,36,Read the journey of paranoid schizophrenia patient. How treatment at Tulasi Healthcare enable him to lead a meaningful life.,124,https://www.tulasihealthcare.com/blog/sharing-insanity/,true,"index, follow, max-image-preview:large, max-snippet:-1, max-video-preview:-1",1,SHARING INSANITY,18,935,506,7,6,225,5,Article WebPage ImageObject BreadcrumbList WebSite Organization Person,2026-09-18T03:38:18+00:00
https://www.tulasihealthcare.com/blog/relapse-bitter-truth/,/blog/relapse-bitter-truth/,blog-post,post-sitemap,200,,Relapse: a bitter truth - Tulasi Healthcare,43,I took my sobriety lightly and hence the forecast of my relapse came true. The second time around I could see my problems clearly.,130,https://www.tulasihealthcare.com/blog/relapse-bitter-truth/,true,"index, follow, max-image-preview:large, max-snippet:-1, max-video-preview:-1",1,Relapse: A Bitter Truth,18,1046,613,7,6,225,5,Article WebPage ImageObject BreadcrumbList WebSite Organization Person,2026-09-18T03:38:18+00:00
https://www.tulasihealthcare.com/blog/bipolar-disorder/,/blog/bipolar-disorder/,blog-post,post-sitemap,200,,BIPOLAR DISORDER : WHY ME? - Tulasi Healthcare,46,Read the journey of patient struggling with bipolar disorder. How tulasi healthcare helps to manage symptoms of bipolar disorder.,129,https://www.tulasihealthcare.com/blog/bipolar-disorder/,true,"index, follow, max-image-preview:large, max-snippet:-1, max-video-preview:-1",1,Bipolar Disorder: Why Me?,18,1347,913,7,6,225,6,Article WebPage ImageObject BreadcrumbList WebSite Organization Person,2026-09-18T03:38:18+00:00
https://www.tulasihealthcare.com/blog/cbt-an-effective-treatment-for-schizophrenia/,/blog/cbt-an-effective-treatment-for-schizophrenia/,blog-post,post-sitemap,200,,CBT: An Effective Treatment for Schizophrenia - Tulasi Healthcare,65,Cognitive behaviour therapy is an evidence-based talking therapy that brings cognitive and behavioural changes. CBT technique is administered,141,https://www.tulasihealthcare.com/blog/cbt-an-effective-treatment-for-schizophrenia/,true,"index, follow, max-image-preview:large, max-snippet:-1, max-video-preview:-1",1,Effective Treatment of Schizophrenia,19,930,497,7,6,225,5,Article WebPage ImageObject BreadcrumbList WebSite Organization Person,2026-09-18T03:38:18+00:00
https://www.tulasihealthcare.com/blog/roller-coaster-ride-of-schizophrenia/,/blog/roller-coaster-ride-of-schizophrenia/,blog-post,post-sitemap,200,,Roller coaster ride of Schizophrenia - Tulasi Healthcare,56,The word Schizophrenia derives from the Greek for split mind but sufferers do not in fact have a split personality rather they undergo,134,https://www.tulasihealthcare.com/blog/roller-coaster-ride-of-schizophrenia/,true,"index, follow, max-image-preview:large, max-snippet:-1, max-video-preview:-1",1,Roller coaster ride of Schizophrenia,19,1104,669,7,6,225,5,Article WebPage ImageObject BreadcrumbList WebSite Organization Person,2026-09-18T03:38:18+00:00
https://www.tulasihealthcare.com/blog/how-to-deal-with-a-teenager-with-a-drug-abuse/,/blog/how-to-deal-with-a-teenager-with-a-drug-abuse/,blog-post,post-sitemap,200,,How to deal with a teenager with a drug abuse? - Tulasi Healthcare,66,In trying to look cool or under peer pressure our teens start experimenting with drug abuse and get trapped in the vicious cycle of addiction,141,https://www.tulasihealthcare.com/blog/how-to-deal-with-a-teenager-with-a-drug-abuse/,true,"index, follow, max-image-preview:large, max-snippet:-1, max-video-preview:-1",1,How to deal with a teenager with a drug abuse?,18,765,320,7,6,224,5,Article WebPage ImageObject BreadcrumbList WebSite Organization Person,2026-09-18T03:38:18+00:00
https://www.tulasihealthcare.com/blog/drug-and-alcohol-treatment-centre/,/blog/drug-and-alcohol-treatment-centre/,blog-post,post-sitemap,200,,Drug and Alcohol Treatment Centre - Tulasi Healthcare,53,Tulasi Healthcare is Drug and alcohol rehabilitation centre in Delhi NCR and Gurgaon. Contact us at +91-8800000255 for more information.,136,https://www.tulasihealthcare.com/blog/drug-and-alcohol-treatment-centre/,true,"index, follow, max-image-preview:large, max-snippet:-1, max-video-preview:-1",1,Drug and alcohol Rehabilition Centre,26,2042,1623,7,6,228,5,Article WebPage ImageObject BreadcrumbList WebSite Organization Person,2026-09-18T03:38:18+00:00
https://www.tulasihealthcare.com/blog/deaddiction-centre/,/blog/deaddiction-centre/,blog-post,post-sitemap,200,,Why Choosing Deaddiction Centre is important | Tulasi Healthcare,64,"Choosing the right deaddiction centre is a personal decision that should be based on individual needs, preferences, and circumstances.",134,https://www.tulasihealthcare.com/blog/deaddiction-centre/,true,"index, follow, max-image-preview:large, max-snippet:-1, max-video-preview:-1",1,Deaddiction Centre First Step to Recovery,24,2299,1863,7,6,227,5,Article WebPage ImageObject BreadcrumbList WebSite Organization Person,2026-09-18T03:38:18+00:00
https://www.tulasihealthcare.com/blog/transcranial-magnetic-stimulation/,/blog/transcranial-magnetic-stimulation/,blog-post,post-sitemap,200,,Transcranial Magnetic Stimulation (TMS) - Tulasi Healthcare,59,Transcranial Magnetic Stimulation (TMS) has emerged as a new option and has advanced from experimental to a more widely available therapy,137,https://www.tulasihealthcare.com/blog/transcranial-magnetic-stimulation/,true,"index, follow, max-image-preview:large, max-snippet:-1, max-video-preview:-1",1,Transcranial Magnetic Stimulation Overview,23,993,570,7,6,225,5,Article WebPage ImageObject BreadcrumbList WebSite Organization Person,2026-09-18T03:38:18+00:00
https://www.tulasihealthcare.com/blog/ocd-treatment/,/blog/ocd-treatment/,blog-post,post-sitemap,200,,What is OCD & it's treatment in Delhi - Tulasi Healthcare,57,Tulasi Healthcare provides holistic OCD treatment in Delhi. A team of 7 psychiatrists and 30 psychologists available 24*7. Call Us,130,https://www.tulasihealthcare.com/blog/ocd-treatment/,true,"index, follow, max-image-preview:large, max-snippet:-1, max-video-preview:-1",1,What is Obsessive Compulsive Disorder and it's treatment,23,1002,576,6,6,224,5,Article WebPage BreadcrumbList WebSite Organization Person,2026-09-18T03:38:18+00:00
https://www.tulasihealthcare.com/blog/%e0%a4%b8%e0%a4%b0%e0%a5%8d%e0%a4%b5%e0%a4%b6%e0%a5%8d%e0%a4%b0%e0%a5%87%e0%a4%b7%e0%a5%8d%e0%a4%a0-%e0%a4%a8%e0%a4%b6%e0%a4%be%e0%a4%ae%e0%a5%81%e0%a4%95%e0%a5%8d%e0%a4%a4%e0%a4%bf-%e0%a4%95%e0%a5%87/,/blog/%e0%a4%b8%e0%a4%b0%e0%a5%8d%e0%a4%b5%e0%a4%b6%e0%a5%8d%e0%a4%b0%e0%a5%87%e0%a4%b7%e0%a5%8d%e0%a4%a0-%e0%a4%a8%e0%a4%b6%e0%a4%be%e0%a4%ae%e0%a5%81%e0%a4%95%e0%a5%8d%e0%a4%a4%e0%a4%bf-%e0%a4%95%e0%a5%87/,blog-post,post-sitemap,200,,सर्वश्रेष्ठ नशामुक्ति केंद्र - Tulasi Healthcare,48,"तुलसी हेल्थकेयर दिल्ली-एनसीआर क्षेत्र में एकसर्वश्रेष्ठ नशामुक्ति केंद्र है जो शराब की लत, नशीली दवाओं की लत और अन्य मादक द्रव्यों और पदार्थ",140,https://www.tulasihealthcare.com/blog/सर्वश्रेष्ठ-नशामुक्ति-के/,false,"index, follow, max-image-preview:large, max-snippet:-1, max-video-preview:-1",1,तुलसी हेल्थकेयर दिल्ली-एनसीआर क्षेत्र में एक सर्वश्रेष्ठ नशामुक्ति पुनर्वास केंद्र,23,1030,603,6,6,224,5,Article WebPage BreadcrumbList WebSite Organization Person,2026-09-18T03:38:18+00:00
https://www.tulasihealthcare.com/blog/schizophrenia-treatment-in-rehabilitation-centre/,/blog/schizophrenia-treatment-in-rehabilitation-centre/,blog-post,post-sitemap,200,,Schizophrenia Treatment in Rehabilitation Centre - Tulasi Healthcare,68,Schizophrenia treatment in rehabilitation center normally includes comprehensive and multi-disciplinary methods to support individuals.,135,https://www.tulasihealthcare.com/blog/schizophrenia-treatment-in-rehabilitation-centre/,true,"index, follow, max-image-preview:large, max-snippet:-1, max-video-preview:-1",1,Rehabilitation Centre for the Treatment of Schizophrenia Disorder,28,5004,4588,7,6,224,5,Article WebPage ImageObject BreadcrumbList WebSite Organization Person,2026-09-18T03:38:18+00:00
https://www.tulasihealthcare.com/blog/ocd-treatment-dtms-therapy/,/blog/ocd-treatment-dtms-therapy/,blog-post,post-sitemap,200,,OCD Treatment - dTMS Therapy - Tulasi Healthcare,48,,0,https://www.tulasihealthcare.com/blog/ocd-treatment-dtms-therapy/,true,"index, follow, max-image-preview:large, max-snippet:-1, max-video-preview:-1",0,,17,442,0,6,6,223,5,Article WebPage BreadcrumbList WebSite Organization Person,2026-09-18T03:38:18+00:00
https://www.tulasihealthcare.com/blog/things-to-say-to-your-addicted-loved-one/,/blog/things-to-say-to-your-addicted-loved-one/,blog-post,post-sitemap,200,,Things to Say to Your Addicted Loved One - Tulasi Healthcare,60,"Addiction can seem hopeless. If you can take the time to reassure your loved one that things will get better, you can have a huge impact",136,https://www.tulasihealthcare.com/blog/things-to-say-to-your-addicted-loved-one/,true,"index, follow, max-image-preview:large, max-snippet:-1, max-video-preview:-1",1,How to manage loved one at home with Addiction,21,1145,703,7,6,224,5,Article WebPage ImageObject BreadcrumbList WebSite Organization Person,2026-09-18T03:38:19+00:00
https://www.tulasihealthcare.com/blog/methods-for-avoiding-relapse/,/blog/methods-for-avoiding-relapse/,blog-post,post-sitemap,200,,Methods for Avoiding Relapse - Tulasi Healthcare,48,,0,https://www.tulasihealthcare.com/blog/methods-for-avoiding-relapse/,true,"index, follow, max-image-preview:large, max-snippet:-1, max-video-preview:-1",1,Relapse Prevention Rehab Centre,18,1723,1290,7,6,227,5,Article WebPage ImageObject BreadcrumbList WebSite Organization Person,2026-09-18T03:38:19+00:00
https://www.tulasihealthcare.com/blog/tips-for-managing-boredom-in-recovery/,/blog/tips-for-managing-boredom-in-recovery/,blog-post,post-sitemap,200,,Tips for Managing Boredom in Recovery - Tulasi Healthcare,57,"Fortunately, there are certain strategies and methods which one can use to combat boredom in addiction recovery, which can help him/her lead.",141,https://www.tulasihealthcare.com/blog/tips-for-managing-boredom-in-recovery/,true,"index, follow, max-image-preview:large, max-snippet:-1, max-video-preview:-1",1,Addiction Recovery Tips,18,853,419,7,6,224,5,Article WebPage ImageObject BreadcrumbList WebSite Organization Person,2026-09-18T03:38:19+00:00
https://www.tulasihealthcare.com/blog/how-you-can-prevent-a-winter-relapse/,/blog/how-you-can-prevent-a-winter-relapse/,blog-post,post-sitemap,200,,How You Can Prevent A Winter Relapse - Tulasi Healthcare,56,"Don’t let winter be the cause of a relapse, or the cause of an addiction. Here are some things you can do to get through the winter happily.",140,https://www.tulasihealthcare.com/blog/how-you-can-prevent-a-winter-relapse/,true,"index, follow, max-image-preview:large, max-snippet:-1, max-video-preview:-1",1,Preventing Winter Relapse - Tips by Rehab Centre,18,776,336,7,6,224,5,Article WebPage ImageObject BreadcrumbList WebSite Organization Person,2026-09-18T03:38:19+00:00
https://www.tulasihealthcare.com/blog/how-to-tell-if-your-child-is-addicted-to-substances/,/blog/how-to-tell-if-your-child-is-addicted-to-substances/,blog-post,post-sitemap,200,,How to Tell if Your Child is Addicted to Substance(s) - Tulasi Healthcare,73,"Your child is more likely to get ill if he or she takes drugs, as the side effects of some drugs partially suppress the immune system.",134,https://www.tulasihealthcare.com/blog/how-to-tell-if-your-child-is-addicted-to-substances/,true,"index, follow, max-image-preview:large, max-snippet:-1, max-video-preview:-1",1,"Drug Deaddiction rehab centre in Delhi, Gurgaon",18,1127,685,7,6,225,5,Article WebPage ImageObject BreadcrumbList WebSite Organization Person,2026-09-18T03:38:19+00:00
https://www.tulasihealthcare.com/blog/cluster-a-personality-disorder/,/blog/cluster-a-personality-disorder/,blog-post,post-sitemap,200,,Cluster A Personality Disorder - Tulasi Healthcare,50,we are going to understand some personality disorders which come under cluster A personality disorder.This cluster of personality disorders.,140,https://www.tulasihealthcare.com/blog/cluster-a-personality-disorder/,true,"index, follow, max-image-preview:large, max-snippet:-1, max-video-preview:-1",1,What is Cluster A Personality Disorder,19,1563,1128,7,6,224,5,Article WebPage ImageObject BreadcrumbList WebSite Organization Person,2026-09-18T03:38:19+00:00
https://www.tulasihealthcare.com/blog/delusional-disorders/,/blog/delusional-disorders/,blog-post,post-sitemap,200,,THE DELUSIONAL DISORDERS - Tulasi Healthcare,44,"Clear cut identification of causes behind delusional disorders are very challenging. Nevertheless, there are some research finding showed",137,https://www.tulasihealthcare.com/blog/delusional-disorders/,true,"index, follow, max-image-preview:large, max-snippet:-1, max-video-preview:-1",1,What is delusional disorder?,21,1599,1167,7,6,224,5,Article WebPage ImageObject BreadcrumbList WebSite Organization Person,2026-09-18T03:38:19+00:00
https://www.tulasihealthcare.com/blog/coping-schizophrenia/,/blog/coping-schizophrenia/,blog-post,post-sitemap,200,,COPING WITH SCHIZOPHRENIA - Tulasi Healthcare,45,Schizophrenia is a mental disorder in which there is a gross disturbance of reality and distorted thought processes.,116,https://www.tulasihealthcare.com/blog/coping-schizophrenia/,true,"index, follow, max-image-preview:large, max-snippet:-1, max-video-preview:-1",1,"Rehab centre for schizophrenia disorder in Delhi, Gurgaon",20,934,504,7,6,226,5,Article WebPage ImageObject BreadcrumbList WebSite Organization Person,2026-09-18T03:38:19+00:00
https://www.tulasihealthcare.com/blog/relationship-parenting-style-mental-illness/,/blog/relationship-parenting-style-mental-illness/,blog-post,post-sitemap,200,,Relationship between Parenting and Mental illness - Tulasi Healthcare,69,"Her family was shocked at her behaviour. So they admitted her in a mental hospital, where she was diagnosed with mental illness.",128,https://www.tulasihealthcare.com/blog/relationship-parenting-style-mental-illness/,true,"index, follow, max-image-preview:large, max-snippet:-1, max-video-preview:-1",1,Parenting and Mental Illness,18,1084,649,7,6,224,5,Article WebPage ImageObject BreadcrumbList WebSite Organization Person,2026-09-18T03:38:19+00:00
https://www.tulasihealthcare.com/blog/challenges-after-initial-psychiatric-treatment/,/blog/challenges-after-initial-psychiatric-treatment/,blog-post,post-sitemap,200,,Challenges After Initial Psychiatric Treatment - Tulasi Healthcare,66,I’m in Psychiatric treatment with Dr. Gorav Gupta for 6 years after spiraling down into deep psychosis detected at a late stage.,128,https://www.tulasihealthcare.com/blog/challenges-after-initial-psychiatric-treatment/,true,"index, follow, max-image-preview:large, max-snippet:-1, max-video-preview:-1",1,Psychiatric Treatment Challenges,18,848,415,7,6,223,5,Article WebPage ImageObject BreadcrumbList WebSite Organization Person,2026-09-18T03:38:19+00:00
https://www.tulasihealthcare.com/blog/naltrexone-an-opiod-antagonist/,/blog/naltrexone-an-opiod-antagonist/,blog-post,post-sitemap,200,,Naltrexone: An Opiod Antagonist - Tulasi Healthcare,51,Naltrexone is a drug used as a complete treatment solution for drug abuse and alcoholism. Naltrexone and recovery choices makes an excellent,140,https://www.tulasihealthcare.com/blog/naltrexone-an-opiod-antagonist/,true,"index, follow, max-image-preview:large, max-snippet:-1, max-video-preview:-1",1,Medications for Drug Addiction,25,1007,574,7,6,224,5,Article WebPage ImageObject BreadcrumbList WebSite Organization Person,2026-09-18T03:38:19+00:00
https://www.tulasihealthcare.com/blog/co-existent-psychosis-with-obsessive-compulsive-disorder/,/blog/co-existent-psychosis-with-obsessive-compulsive-disorder/,blog-post,post-sitemap,200,,CO-EXISTENT PSYCHOSIS WITH OBSESSIVE COMPULSIVE DISORDER - Tulasi Healthcare,76,It is crucial to differentiate between a Psychotic disorder and obsessive-compulsive disorder because drugs that are prescribed for psychosis.,142,https://www.tulasihealthcare.com/blog/co-existent-psychosis-with-obsessive-compulsive-disorder/,true,"index, follow, max-image-preview:large, max-snippet:-1, max-video-preview:-1",1,Obsessive Compulsive Disorder and Psychosis,19,1384,947,7,6,225,5,Article WebPage ImageObject BreadcrumbList WebSite Organization Person,2026-09-18T03:38:19+00:00
https://www.tulasihealthcare.com/blog/harm-reduction-avoiding-trouble/,/blog/harm-reduction-avoiding-trouble/,blog-post,post-sitemap,200,,HARM REDUCTION: AVOIDING TROUBLE - Tulasi Healthcare,52,Many ways to avoid harm reduction. One commonly-suggested way is by reducing the intake amount. It also helps to have a glass of water,134,https://www.tulasihealthcare.com/blog/harm-reduction-avoiding-trouble/,true,"index, follow, max-image-preview:large, max-snippet:-1, max-video-preview:-1",1,What happens when you are not accident prone?,18,907,470,7,6,224,5,Article WebPage ImageObject BreadcrumbList WebSite Organization Person,2026-09-18T03:38:19+00:00
https://www.tulasihealthcare.com/blog/deal-behavioural-problems-teenagers/,/blog/deal-behavioural-problems-teenagers/,blog-post,post-sitemap,200,,How to Deal with Behavioural Problems in Teenagers? - Tulasi Healthcare,71,It is hard to draw the line between normal teenage behaviour and behaviour problems. Parents need to pay attention to their growing children,140,https://www.tulasihealthcare.com/blog/deal-behavioural-problems-teenagers/,true,"index, follow, max-image-preview:large, max-snippet:-1, max-video-preview:-1",1,Behavioural Problems in Teenagers,18,820,383,7,6,226,5,Article WebPage ImageObject BreadcrumbList WebSite Organization Person,2026-09-18T03:38:19+00:00
https://www.tulasihealthcare.com/blog/myths-and-facts-about-schizophrenia/,/blog/myths-and-facts-about-schizophrenia/,blog-post,post-sitemap,200,,MYTHS AND FACTS ABOUT SCHIZOPHRENIA: - Tulasi Healthcare,56,"There are common myths and facts about schizophrenia even today, In spite of new developments in the mental health field.",121,https://www.tulasihealthcare.com/blog/myths-and-facts-about-schizophrenia/,true,"index, follow, max-image-preview:large, max-snippet:-1, max-video-preview:-1",1,Schizophrenia Myths and Facts,18,937,503,7,6,224,5,Article WebPage ImageObject BreadcrumbList WebSite Organization Person,2026-09-18T03:38:19+00:00
https://www.tulasihealthcare.com/blog/story-woman-alcoholic/,/blog/story-woman-alcoholic/,blog-post,post-sitemap,200,,STORY OF A WOMAN ALCOHOLIC - Tulasi Healthcare,46,I’m an alcoholic. This statement was very difficult for me to accept. Let me tell you about my journey to Recovery.,115,https://www.tulasihealthcare.com/blog/story-woman-alcoholic/,true,"index, follow, max-image-preview:large, max-snippet:-1, max-video-preview:-1",1,A woman Alcoholic,18,1446,1013,7,6,224,6,Article WebPage ImageObject BreadcrumbList WebSite Organization Person,2026-09-18T03:38:19+00:00
https://www.tulasihealthcare.com/blog/nervous-breakdown/,/blog/nervous-breakdown/,blog-post,post-sitemap,200,,MYSTERY SURROUNDING NERVOUS BREAKDOWN - Tulasi Healthcare,57,"The term “nervous breakdown” is sometimes used to describe a stressful situation, in which someone becomes temporarily dysfunctional",132,https://www.tulasihealthcare.com/blog/nervous-breakdown/,true,"index, follow, max-image-preview:large, max-snippet:-1, max-video-preview:-1",1,What is Nervous Breakdown?,21,950,516,7,6,224,5,Article WebPage ImageObject BreadcrumbList WebSite Organization Person,2026-09-18T03:38:19+00:00
https://www.tulasihealthcare.com/blog/mysterious-world-delusions/,/blog/mysterious-world-delusions/,blog-post,post-sitemap,200,,THE MYSTERIOUS WORLD OF DELUSIONS - Tulasi Healthcare,53,"Anything in contrast to this truth is called false, fictional or to be more precise they are called “delusions”",111,https://www.tulasihealthcare.com/blog/mysterious-world-delusions/,true,"index, follow, max-image-preview:large, max-snippet:-1, max-video-preview:-1",1,Delusions and It's Mysterious world,19,948,513,7,6,227,5,Article WebPage ImageObject BreadcrumbList WebSite Organization Person,2026-09-18T03:38:19+00:00
https://www.tulasihealthcare.com/blog/binge-drinking/,/blog/binge-drinking/,blog-post,post-sitemap,200,,BINGE DRINKING - Tulasi Healthcare,34,"The binge drinking began with a gentlemanly ‘cheers’, followed by a few snacks. Soon, the atmosphere became charged with what can be termed",139,https://www.tulasihealthcare.com/blog/binge-drinking/,true,"index, follow, max-image-preview:large, max-snippet:-1, max-video-preview:-1",1,What is Binge Drinking?,19,1059,628,7,6,224,5,Article WebPage ImageObject BreadcrumbList WebSite Organization Person,2026-09-18T03:38:19+00:00
https://www.tulasihealthcare.com/blog/role-occupational-therapy-rehab-centre/,/blog/role-occupational-therapy-rehab-centre/,blog-post,post-sitemap,200,,Rehab centre and Importance of Occupational Therapy - Tulasi Healthcare,71,It is not easy to be living inside a rehab centre. By the time a person reaches a rehab centre he has already been failing at life constantly,141,https://www.tulasihealthcare.com/blog/role-occupational-therapy-rehab-centre/,true,"index, follow, max-image-preview:large, max-snippet:-1, max-video-preview:-1",1,Importance of Rehabilitation centre and Occupational Therapy,18,912,473,8,6,224,5,Article WebPage ImageObject BreadcrumbList WebSite Organization Person,2026-09-18T03:38:19+00:00
https://www.tulasihealthcare.com/blog/tips-overcome-alcohol-craving/,/blog/tips-overcome-alcohol-craving/,blog-post,post-sitemap,200,,TIPS TO OVERCOME ALCOHOL CRAVING - Tulasi Healthcare,52,"Craving for alcohol can be explained in simple words as an uncontrollable obsessive desire to consume more, and more… and still more,",133,https://www.tulasihealthcare.com/blog/tips-overcome-alcohol-craving/,true,"index, follow, max-image-preview:large, max-snippet:-1, max-video-preview:-1",1,HOW TO OVERCOME ALCOHOL CRAVING,18,1043,608,7,6,224,6,Article WebPage ImageObject BreadcrumbList WebSite Organization Person,2026-09-18T03:38:19+00:00
https://www.tulasihealthcare.com/blog/life-without-alcohol/,/blog/life-without-alcohol/,blog-post,post-sitemap,200,,WHAT IS LIFE WITHOUT ALCOHOL? - Tulasi Healthcare,49,"Initially, life without alcohol seems unimaginable. For an alcoholic, daily life begins and ends with the liquid. Alcoholism is not called",138,https://www.tulasihealthcare.com/blog/life-without-alcohol/,true,"index, follow, max-image-preview:large, max-snippet:-1, max-video-preview:-1",1,WHAT IS LIFE WITHOUT ALCOHOL?,18,954,519,7,6,224,5,Article WebPage ImageObject BreadcrumbList WebSite Organization Person,2026-09-18T03:38:19+00:00
https://www.tulasihealthcare.com/blog/alcoholism-disease-just-bad-habit/,/blog/alcoholism-disease-just-bad-habit/,blog-post,post-sitemap,200,,Alcoholism – Is it a Disease or Just a Bad Habit? - Tulasi Healthcare,69,There is a lot of confusion amongst the general public regarding the issue of alcoholism. Most people assume that an alcoholic is simply one,140,https://www.tulasihealthcare.com/blog/alcoholism-disease-just-bad-habit/,true,"index, follow, max-image-preview:large, max-snippet:-1, max-video-preview:-1",1,Alcoholism – Is it a Disease or Just a Bad Habit?,18,1211,764,7,6,225,6,Article WebPage ImageObject BreadcrumbList WebSite Organization Person,2026-09-18T03:38:19+00:00
https://www.tulasihealthcare.com/blog/schizophrenia-treatable-or-curable/,/blog/schizophrenia-treatable-or-curable/,blog-post,post-sitemap,200,,SCHIZOPHRENIA: TREATABLE OR CURABLE? - Tulasi Healthcare,56,"So, is there any cure for Schizophrenia? Probably not, because it’s like other illnesses which are not curable but can be treated well.",135,https://www.tulasihealthcare.com/blog/schizophrenia-treatable-or-curable/,true,"index, follow, max-image-preview:large, max-snippet:-1, max-video-preview:-1",1,Is Schizophrenia Treatable?,18,773,340,7,6,225,5,Article WebPage ImageObject BreadcrumbList WebSite Organization Person,2026-09-18T03:38:20+00:00
https://www.tulasihealthcare.com/blog/borderline-personality-disorder-part-ii/,/blog/borderline-personality-disorder-part-ii/,blog-post,post-sitemap,200,,Borderline Personality Disorder- Part II - Tulasi Healthcare,60,Patient with Borderline Personality Disorder are often initially seen in emergency department because of impulsive self-harm behaviour.,135,https://www.tulasihealthcare.com/blog/borderline-personality-disorder-part-ii/,true,"index, follow, max-image-preview:large, max-snippet:-1, max-video-preview:-1",1,I TAKE THE BORDERS OUT OF BORDERLINE PERSONALITY DISORDER- PART II,19,853,412,7,6,225,5,Article WebPage ImageObject BreadcrumbList WebSite Organization Person,2026-09-18T03:38:20+00:00
https://www.tulasihealthcare.com/blog/borderline-personality-disorder-part-i/,/blog/borderline-personality-disorder-part-i/,blog-post,post-sitemap,200,,Borderline Personality Disorder- Part I - Tulasi Healthcare,59,,0,https://www.tulasihealthcare.com/blog/borderline-personality-disorder-part-i/,true,"index, follow, max-image-preview:large, max-snippet:-1, max-video-preview:-1",1,Borderline Personality Disorder Treatment in Psychiatric Hospital,18,930,493,7,6,225,5,Article WebPage ImageObject BreadcrumbList WebSite Organization Person,2026-09-18T03:38:20+00:00
https://www.tulasihealthcare.com/blog/holistic-treatment-of-psychiatric-illnesses-hospitals/,/blog/holistic-treatment-of-psychiatric-illnesses-hospitals/,blog-post,post-sitemap,200,,Holistic Treatment of Psychiatric Illnesses - Tulasi Healthcare,63,,0,https://www.tulasihealthcare.com/blog/holistic-treatment-of-psychiatric-illnesses-hospitals/,true,"index, follow, max-image-preview:large, max-snippet:-1, max-video-preview:-1",1,Holistic Treatment of Psychiatric Illnesses at Psychiatric Hospitals,21,952,514,7,6,224,6,Article WebPage ImageObject BreadcrumbList WebSite Organization Person,2026-09-18T03:38:20+00:00
https://www.tulasihealthcare.com/blog/relearn-social-skills-while-in-a-psychiatric-hospital/,/blog/relearn-social-skills-while-in-a-psychiatric-hospital/,blog-post,post-sitemap,200,,Tips to relearn social skills while in a Psychiatric Hospital - Tulasi Healthcare,81,This modality of treatment at psychiatric hospitals and rehabilitation centers has been empirically validated for a broad range of mental,137,https://www.tulasihealthcare.com/blog/relearn-social-skills-while-in-a-psychiatric-hospital/,true,"index, follow, max-image-preview:large, max-snippet:-1, max-video-preview:-1",1,Best Psychiatric Hospital for Mental Illness Treatment,18,975,533,7,6,224,5,Article WebPage ImageObject BreadcrumbList WebSite Organization Person,2026-09-18T03:38:20+00:00
https://www.tulasihealthcare.com/blog/what-it-is-like-to-be-in-a-psychiatric-hospital-located-in-the-ncr/,/blog/what-it-is-like-to-be-in-a-psychiatric-hospital-located-in-the-ncr/,blog-post,post-sitemap,200,,What it is like to be in a Psychiatric Hospital located in the NCR - Tulasi Healthcare,86,,0,https://www.tulasihealthcare.com/blog/what-it-is-like-to-be-in-a-psychiatric-hospital-located-in-the-ncr/,true,"index, follow, max-image-preview:large, max-snippet:-1, max-video-preview:-1",1,Best Psychiatric Hospital for mental illness treatment,22,1255,809,7,6,225,5,Article WebPage ImageObject BreadcrumbList WebSite Organization Person,2026-09-18T03:38:20+00:00
https://www.tulasihealthcare.com/blog/hospitalization-of-patients-suffering-from-bipolar-disorder/,/blog/hospitalization-of-patients-suffering-from-bipolar-disorder/,blog-post,post-sitemap,200,,Hospitalization of Patients suffering from Bipolar Disorder - Tulasi Healthcare,79,"There are various forms of Bipolar disorder, but in its most harsh manifestation – manic depression – it leads to a plethora of wild mood",137,https://www.tulasihealthcare.com/blog/hospitalization-of-patients-suffering-from-bipolar-disorder/,true,"index, follow, max-image-preview:large, max-snippet:-1, max-video-preview:-1",1,Stigma attached to Hospitalization of patients suffering from Bipolar Disorder,19,943,502,7,6,224,5,Article WebPage ImageObject BreadcrumbList WebSite Organization Person,2026-09-18T03:38:20+00:00
https://www.tulasihealthcare.com/blog/rehabilitation-centers-for-people-suffering-from-mental-disorders/,/blog/rehabilitation-centers-for-people-suffering-from-mental-disorders/,blog-post,post-sitemap,200,,Rehabilitation Centers for people suffering from Mental Disorders - Tulasi Healthcare,85,A rehab center is a place for people to recover from mental disorders and rejoin real life. The illnesses of mental disorders,125,https://www.tulasihealthcare.com/blog/rehabilitation-centers-for-people-suffering-from-mental-disorders/,true,"index, follow, max-image-preview:large, max-snippet:-1, max-video-preview:-1",1,Rehab Centre & Mental Hospital for Mental Illness,18,1011,570,7,6,224,5,Article WebPage ImageObject BreadcrumbList WebSite Organization Person,2026-09-18T03:38:20+00:00
https://www.tulasihealthcare.com/blog/rehabilitation-of-patients-suffering-from-depression/,/blog/rehabilitation-of-patients-suffering-from-depression/,blog-post,post-sitemap,200,,Rehabilitation of Patients suffering from Depression - Tulasi Healthcare,72,Residential treatment of clinical depression at Tulasi Psychiatric Nursing homes and Depression rehabilitation centres begins.,126,https://www.tulasihealthcare.com/blog/rehabilitation-of-patients-suffering-from-depression/,true,"index, follow, max-image-preview:large, max-snippet:-1, max-video-preview:-1",1,"Best Depression Rehabilitation centre in Delhi, Gurgaon",18,998,560,7,6,225,5,Article WebPage ImageObject BreadcrumbList WebSite Organization Person,2026-09-18T03:38:20+00:00
https://www.tulasihealthcare.com/blog/nuances-of-rehabilitation/,/blog/nuances-of-rehabilitation/,blog-post,post-sitemap,200,,Nuances of Rehabilitation - Tulasi Healthcare,45,"Rehabilitation centre, also referred to as inpatient rehab hospitals, are dedicated to the rehab of patients. Connect with Tulasi Healthcare.",141,https://www.tulasihealthcare.com/blog/nuances-of-rehabilitation/,true,"index, follow, max-image-preview:large, max-snippet:-1, max-video-preview:-1",0,,18,1177,749,7,6,224,5,Article WebPage ImageObject BreadcrumbList WebSite Organization Person,2026-09-18T03:38:20+00:00
https://www.tulasihealthcare.com/blog/what-most-rehabs-recommend-you-bring/,/blog/what-most-rehabs-recommend-you-bring/,blog-post,post-sitemap,200,,What Most Rehabs Recommend You Bring - Tulasi Healthcare,56,Rehabs centre have very strict policies about what you can bring with you to the rehab centre. Most centers provide a recommended packing checklist,147,https://www.tulasihealthcare.com/blog/what-most-rehabs-recommend-you-bring/,true,"index, follow, max-image-preview:large, max-snippet:-1, max-video-preview:-1",1,Things You should bring to a Rehabilitation Centre,18,872,433,7,6,224,6,Article WebPage ImageObject BreadcrumbList WebSite Organization Person,2026-09-18T03:38:20+00:00
https://www.tulasihealthcare.com/blog/body-shaming-among-teens/,/blog/body-shaming-among-teens/,blog-post,post-sitemap,200,,Body Shaming Among Teens - Tulasi Healthcare,44,Mr. X knows the sting of body shaming. He has been criticized since his days in elementary school for all of his bodily features ranging..,138,https://www.tulasihealthcare.com/blog/body-shaming-among-teens/,true,"index, follow, max-image-preview:large, max-snippet:-1, max-video-preview:-1",1,Body Shaming Among Teens,23,1008,575,7,6,224,5,Article WebPage ImageObject BreadcrumbList WebSite Organization Person,2026-09-18T03:38:21+00:00
https://www.tulasihealthcare.com/blog/patient-safety-in-mental-hospitals-located-in-delhi/,/blog/patient-safety-in-mental-hospitals-located-in-delhi/,blog-post,post-sitemap,200,,Patient Safety in Mental Hospitals located in Delhi - Tulasi Healthcare,71,Safety of patients residing in mental hospitals refers to the deterrence of injury or damage caused to the physical or mental health of the,139,https://www.tulasihealthcare.com/blog/patient-safety-in-mental-hospitals-located-in-delhi/,true,"index, follow, max-image-preview:large, max-snippet:-1, max-video-preview:-1",1,Patient Safety in Mental Hospitals,18,915,477,7,6,224,5,Article WebPage ImageObject BreadcrumbList WebSite Organization Person,2026-09-18T03:38:21+00:00
https://www.tulasihealthcare.com/blog/treatment-of-marijuana-induced-psychosis-at-rehabilitation-centres/,/blog/treatment-of-marijuana-induced-psychosis-at-rehabilitation-centres/,blog-post,post-sitemap,200,,Treatment of Marijuana-induced Psychosis at Rehabilitation Centres - Tulasi Healthcare,86,"Treatment of cannabis-induced psychosis at rehabilitation centres is an alternative. In fact, it is a very rewarding alternative for a lot of persons going through it today.",173,https://www.tulasihealthcare.com/blog/treatment-of-marijuana-induced-psychosis-at-rehabilitation-centres/,true,"index, follow, max-image-preview:large, max-snippet:-1, max-video-preview:-1",1,Marijuana-Induced Psychosis Treatment at Rehabilitation Centres,18,876,438,7,6,225,5,Article WebPage ImageObject BreadcrumbList WebSite Organization Person,2026-09-18T03:38:21+00:00
https://www.tulasihealthcare.com/blog/features-of-residential-treatment-of-schizophrenia/,/blog/features-of-residential-treatment-of-schizophrenia/,blog-post,post-sitemap,200,,Features of Residential Treatment of Schizophrenia - Tulasi Healthcare,70,Residential treatment of schizophrenia is particularly useful because it permits mental health practitioners to try out different medications,141,https://www.tulasihealthcare.com/blog/features-of-residential-treatment-of-schizophrenia/,true,"index, follow, max-image-preview:large, max-snippet:-1, max-video-preview:-1",1,Residential Rehab Centre for Treatment of Schizophrenia,18,779,341,7,6,224,6,Article WebPage ImageObject BreadcrumbList WebSite Organization Person,2026-09-18T03:38:21+00:00
https://www.tulasihealthcare.com/blog/12-steps-of-alcoholics-anonymous-help-recovering-addicts/,/blog/12-steps-of-alcoholics-anonymous-help-recovering-addicts/,blog-post,post-sitemap,200,,How the 12 Steps of Alcoholics Anonymous help recovering addicts - Tulasi Healthcare,84,"The Twelve Steps were taken up almost literally by Al-Anon/Alateen, a program meant for healing of kith and kin affected by the patient’s drinking",146,https://www.tulasihealthcare.com/blog/12-steps-of-alcoholics-anonymous-help-recovering-addicts/,true,"index, follow, max-image-preview:large, max-snippet:-1, max-video-preview:-1",1,Alcoholic Anonymous 12 Steps Program,21,995,555,7,6,224,5,Article WebPage ImageObject BreadcrumbList WebSite Organization Person,2026-09-18T03:38:21+00:00
https://www.tulasihealthcare.com/blog/keep-calm-and-treat-schizophrenia-recovery/,/blog/keep-calm-and-treat-schizophrenia-recovery/,blog-post,post-sitemap,200,,KEEP CALM AND TREAT SCHIZOPHRENIA: #RECOVERY - Tulasi Healthcare,64,Schizophrenia is treatable and the best option would be admitting the patient in Psychiatric Hospital where they can be rehabilitated.,134,https://www.tulasihealthcare.com/blog/keep-calm-and-treat-schizophrenia-recovery/,true,"index, follow, max-image-preview:large, max-snippet:-1, max-video-preview:-1",1,Best Schizophrenia Rehab Centre,18,891,456,7,6,225,5,Article WebPage ImageObject BreadcrumbList WebSite Organization Person,2026-09-18T03:38:21+00:00
https://www.tulasihealthcare.com/blog/importance-of-mental-wellbeing-in-the-corporate/,/blog/importance-of-mental-wellbeing-in-the-corporate/,blog-post,post-sitemap,200,,Importance of Mental Wellbeing in the Corporate - Tulasi Healthcare,67,,0,https://www.tulasihealthcare.com/blog/importance-of-mental-wellbeing-in-the-corporate/,true,"index, follow, max-image-preview:large, max-snippet:-1, max-video-preview:-1",1,Importance of Mental Wellness in workplace,18,1154,716,7,6,224,5,Article WebPage ImageObject BreadcrumbList WebSite Organization Person,2026-09-18T03:38:22+00:00
https://www.tulasihealthcare.com/blog/management-of-alcohol-withdrawal-symptoms-at-mental-hospital/,/blog/management-of-alcohol-withdrawal-symptoms-at-mental-hospital/,blog-post,post-sitemap,200,,Management of Alcohol Withdrawal Symptoms at Mental Hospital - Tulasi Healthcare,80,,0,https://www.tulasihealthcare.com/blog/management-of-alcohol-withdrawal-symptoms-at-mental-hospital/,true,"index, follow, max-image-preview:large, max-snippet:-1, max-video-preview:-1",1,Treatment of Alcohol Addiction - Tulasi Healthcare,18,963,536,7,6,226,6,Article WebPage ImageObject BreadcrumbList WebSite Organization Person,2026-09-18T03:38:22+00:00
https://www.tulasihealthcare.com/blog/importance-of-intake-of-vitamin-d-for-individuals-residing-at-psychiatric-hospitals/,/blog/importance-of-intake-of-vitamin-d-for-individuals-residing-at-psychiatric-hospitals/,blog-post,post-sitemap,200,,Importance of Intake of Vitamin D for Individuals Residing at Psychiatric Hospitals - Tulasi Healthcare,103,Various studies confirm the link between low vitamin D and mental illness. It is important to take Vitamin in psychiatric hospital.,131,https://www.tulasihealthcare.com/blog/importance-of-intake-of-vitamin-d-for-individuals-residing-at-psychiatric-hospitals/,true,"index, follow, max-image-preview:large, max-snippet:-1, max-video-preview:-1",1,Psychiatric hospital in Delhi Gurgaon,18,954,512,7,6,225,5,Article WebPage ImageObject BreadcrumbList WebSite Organization Person,2026-09-18T03:38:22+00:00
https://www.tulasihealthcare.com/blog/crypto-currency-gambling-addiction/,/blog/crypto-currency-gambling-addiction/,blog-post,post-sitemap,200,,Crypto-currency Gambling Addiction - Tulasi Healthcare,54,"If you or someone you care for has been struggling with crypto currency gambling, please feel free to reach out to Tulasi’s team.",129,https://www.tulasihealthcare.com/blog/crypto-currency-gambling-addiction/,true,"index, follow, max-image-preview:large, max-snippet:-1, max-video-preview:-1",1,Gambling Addiction,19,858,428,7,6,225,5,Article WebPage ImageObject BreadcrumbList WebSite Organization Person,2026-09-18T03:38:22+00:00
https://www.tulasihealthcare.com/blog/treatment-of-p-t-s-d/,/blog/treatment-of-p-t-s-d/,blog-post,post-sitemap,200,,Treatment of P.T.S.D. - Tulasi Healthcare,41,"Traumatic events generally are connected with the development of PTSD. here are highly effective, trauma-focused therapy treatments available",141,https://www.tulasihealthcare.com/blog/treatment-of-p-t-s-d/,true,"index, follow, max-image-preview:large, max-snippet:-1, max-video-preview:-1",1,PTSD,19,1198,787,7,6,227,6,Article WebPage ImageObject BreadcrumbList WebSite Organization Person,2026-09-18T03:38:22+00:00
https://www.tulasihealthcare.com/blog/role-of-alcoholic-anonymous-in-alcohol-addiction-treatment/,/blog/role-of-alcoholic-anonymous-in-alcohol-addiction-treatment/,blog-post,post-sitemap,200,,Role of Alcoholic Anonymous in Alcohol Addiction Treatment - Tulasi Healthcare,78,,0,https://www.tulasihealthcare.com/blog/role-of-alcoholic-anonymous-in-alcohol-addiction-treatment/,true,"index, follow, max-image-preview:large, max-snippet:-1, max-video-preview:-1",1,Alcohol Anonymous role in alcohol addiction treatment,21,1286,846,7,6,224,5,Article WebPage ImageObject BreadcrumbList WebSite Organization Person,2026-09-18T03:38:23+00:00
https://www.tulasihealthcare.com/blog/drug-induced-psychosis-and-heroin-addiction/,/blog/drug-induced-psychosis-and-heroin-addiction/,blog-post,post-sitemap,200,,Drug-induced Psychosis and Heroin Addiction - Tulasi Healthcare,63,Psychosis is a psychological disorder which results in the affected persons construing the events and happenings around them differently....,140,https://www.tulasihealthcare.com/blog/drug-induced-psychosis-and-heroin-addiction/,true,"index, follow, max-image-preview:large, max-snippet:-1, max-video-preview:-1",1,Addiction & Drug Induced psychosis,20,995,566,7,6,226,6,Article WebPage ImageObject BreadcrumbList WebSite Organization Person,2026-09-18T03:38:23+00:00
https://www.tulasihealthcare.com/blog/management-of-withdrawal-symptoms-during-lockdown/,/blog/management-of-withdrawal-symptoms-during-lockdown/,blog-post,post-sitemap,200,,Management of Withdrawal Symptoms during Lockdown - Tulasi Healthcare,69,It may be beneficial to have specific clinics or centres for people to seek help for alcohol withdrawal. This is particularly important...,138,https://www.tulasihealthcare.com/blog/management-of-withdrawal-symptoms-during-lockdown/,true,"index, follow, max-image-preview:large, max-snippet:-1, max-video-preview:-1",1,Management of Addiction withdrawal Symptoms during Lockdown,18,1183,769,7,6,225,6,Article WebPage ImageObject BreadcrumbList WebSite Organization Person,2026-09-18T03:38:23+00:00
https://www.tulasihealthcare.com/blog/bipolar-disorder-symptoms-causes-and-treatments-tulasi-healthcare/,/blog/bipolar-disorder-symptoms-causes-and-treatments-tulasi-healthcare/,blog-post,post-sitemap,200,,"Bipolar Disorder Symptoms, Causes and Treatments | Tulasi Healthcare - Tulasi Healthcare",88,"Bipolar disorder is a psychological state distinguished by intermittent agitated and dismal episodes, scattered with episodes of comparatively",142,https://www.tulasihealthcare.com/blog/bipolar-disorder-symptoms-causes-and-treatments-tulasi-healthcare/,true,"index, follow, max-image-preview:large, max-snippet:-1, max-video-preview:-1",1,Bipolar Disorder,20,1017,585,7,6,225,5,Article WebPage ImageObject BreadcrumbList WebSite Organization Person,2026-09-18T03:38:23+00:00
https://www.tulasihealthcare.com/blog/schizophrenia-symptoms-causes-and-treatments-tulasi-healthcare/,/blog/schizophrenia-symptoms-causes-and-treatments-tulasi-healthcare/,blog-post,post-sitemap,200,,"Schizophrenia – symptoms, causes and treatments | Tulasi Healthcare - Tulasi Healthcare",87,"Schizophrenia is an unceasing, callous, and immobilizing brain disorder that has been known and acknowledged throughout the recorded existence",142,https://www.tulasihealthcare.com/blog/schizophrenia-symptoms-causes-and-treatments-tulasi-healthcare/,true,"index, follow, max-image-preview:large, max-snippet:-1, max-video-preview:-1",1,What is Schizophrenia ?,18,902,466,7,6,225,6,Article WebPage ImageObject BreadcrumbList WebSite Organization Person,2026-09-18T03:38:23+00:00
https://www.tulasihealthcare.com/blog/familiarizing-elderly-patients-isolated-in-the-wake-of-the-spreading-covid-with-functionality-of-digital-applications-for-procurement-of-groceries-and-medicines-online/,/blog/familiarizing-elderly-patients-isolated-in-the-wake-of-the-spreading-covid-with-functionality-of-digital-applications-for-procurement-of-groceries-and-medicines-online/,blog-post,post-sitemap,200,,Familiarizing elderly patients (isolated in the wake of the spreading covid) with functionality of digital applications for procurement of groceries and medicines online - Tulasi Healthcare,189,,0,https://www.tulasihealthcare.com/blog/familiarizing-elderly-patients-isolated-in-the-wake-of-the-spreading-covid-with-functionality-of-digital-applications-for-procurement-of-groceries-and-medicines-online/,true,"index, follow, max-image-preview:large, max-snippet:-1, max-video-preview:-1",1,Get use to functionality of Digital Applications,18,986,531,7,6,224,5,Article WebPage ImageObject BreadcrumbList WebSite Organization Person,2026-09-18T03:38:23+00:00
https://www.tulasihealthcare.com/blog/precautions-to-be-taken-for-preventing-the-onset-or-dispersal-of-coronavirus-covid-19/,/blog/precautions-to-be-taken-for-preventing-the-onset-or-dispersal-of-coronavirus-covid-19/,blog-post,post-sitemap,200,,Precautions to be taken for preventing the onset &/or dispersal of Coronavirus (COVID-19) - Tulasi Healthcare,109,The best way to prevent this ailment is to avoid being exposed to this virus by imbibing the following habits into everyday life,128,https://www.tulasihealthcare.com/blog/precautions-to-be-taken-for-preventing-the-onset-or-dispersal-of-coronavirus-covid-19/,true,"index, follow, max-image-preview:large, max-snippet:-1, max-video-preview:-1",1,Coronavirus (COVID-19): precautions,18,682,241,7,6,224,5,Article WebPage ImageObject BreadcrumbList WebSite Organization Person,2026-09-18T03:38:23+00:00
https://www.tulasihealthcare.com/blog/role-of-family-during-rehabilitation-of-relatives-suffering-from-mental-illness/,/blog/role-of-family-during-rehabilitation-of-relatives-suffering-from-mental-illness/,blog-post,post-sitemap,200,,Role of Family during Rehabilitation of Relatives Suffering from Mental Illness - Tulasi Healthcare,99,The families of individuals struggling with addiction play a major role in the rehabilitation of these individuals in order to leverage the..,141,https://www.tulasihealthcare.com/blog/role-of-family-during-rehabilitation-of-relatives-suffering-from-mental-illness/,true,"index, follow, max-image-preview:large, max-snippet:-1, max-video-preview:-1",1,Family Role in Rehabilitation of Loved one suffering from Mental Illness,18,855,416,7,6,225,5,Article WebPage ImageObject BreadcrumbList WebSite Organization Person,2026-09-18T03:38:23+00:00
https://www.tulasihealthcare.com/blog/a-casual-drinker-who-needed-to-quit/,/blog/a-casual-drinker-who-needed-to-quit/,blog-post,post-sitemap,200,,A Casual Drinker who Needed to Quit. - Tulasi Healthcare,56,"Tulasi Healthcare psychiatric hospital & rehab centre in delhi, Gurgaon for treatment of addiction & mental illness.",116,https://www.tulasihealthcare.com/blog/a-casual-drinker-who-needed-to-quit/,true,"index, follow, max-image-preview:large, max-snippet:-1, max-video-preview:-1",1,A Casual Drinker who Needed to Quit.,18,1020,581,7,6,224,5,Article WebPage ImageObject BreadcrumbList WebSite Organization Person,2026-09-18T03:38:24+00:00
https://www.tulasihealthcare.com/blog/best-psychiatric-hospital-in-delhi-and-gurgaon/,/blog/best-psychiatric-hospital-in-delhi-and-gurgaon/,blog-post,post-sitemap,200,,Best Psychiatric Hospital in Delhi and Gurgaon - Tulasi Healthcare,66,Tulasi Healthcare is one of the top private psychiatric hospitals in North India located in Delhi and Gurgaon. We have an excellent track.,138,https://www.tulasihealthcare.com/blog/best-psychiatric-hospital-in-delhi-and-gurgaon/,true,"index, follow, max-image-preview:large, max-snippet:-1, max-video-preview:-1",1,Tulasi Healthcare- What Makes Us The Best Psychiatric Hospital In India?,61,2433,1998,38,36,257,6,Article WebPage ImageObject BreadcrumbList WebSite Organization Person,2026-09-18T03:38:24+00:00
https://www.tulasihealthcare.com/blog/a-new-beginning-the-story-of-my-journey-of-recovery/,/blog/a-new-beginning-the-story-of-my-journey-of-recovery/,blog-post,post-sitemap,200,,A New Beginning – The Story of My Journey of Recovery - Tulasi Healthcare,73,,0,https://www.tulasihealthcare.com/blog/a-new-beginning-the-story-of-my-journey-of-recovery/,true,"index, follow, max-image-preview:large, max-snippet:-1, max-video-preview:-1",1,Story of Recovery from Addiction,18,944,503,7,6,224,5,Article WebPage ImageObject BreadcrumbList WebSite Organization Person,2026-09-18T03:38:24+00:00
https://www.tulasihealthcare.com/blog/increased-digital-addiction-among-children/,/blog/increased-digital-addiction-among-children/,blog-post,post-sitemap,200,,Increased Digital Addiction Among Children - Tulasi Healthcare,62,"To prevent brain impairment and to address the issue of digital addiction, it is advisable to limit the screen time of the child.",129,https://www.tulasihealthcare.com/blog/increased-digital-addiction-among-children/,true,"index, follow, max-image-preview:large, max-snippet:-1, max-video-preview:-1",1,Digital Addiction Among Children,18,663,229,7,6,224,6,Article WebPage ImageObject BreadcrumbList WebSite Organization Person,2026-09-18T03:38:24+00:00
https://www.tulasihealthcare.com/blog/ocd-among-children/,/blog/ocd-among-children/,blog-post,post-sitemap,200,,OCD among children - Tulasi Healthcare,38,"A child may have been struggling with an obsessive-compulsive disorder (OCD) when unsolicited thoughts, and the actions which result...",135,https://www.tulasihealthcare.com/blog/ocd-among-children/,true,"index, follow, max-image-preview:large, max-snippet:-1, max-video-preview:-1",1,What is Obsessive-Compulsive Disorder in Children and it's Treatment,18,633,196,7,6,224,6,Article WebPage ImageObject BreadcrumbList WebSite Organization Person,2026-09-18T03:38:24+00:00
https://www.tulasihealthcare.com/blog/world-mental-health-day-overcoming-stress/,/blog/world-mental-health-day-overcoming-stress/,blog-post,post-sitemap,200,,World Mental Health Day – 10th October - Tulasi Healthcare,58,"On the occasion of World Mental Health Day, it is of paramount importance to highlight the importance of mental health issues...",128,https://www.tulasihealthcare.com/blog/world-mental-health-day-overcoming-stress/,true,"index, follow, max-image-preview:large, max-snippet:-1, max-video-preview:-1",1,Mental Health and Its Importance,22,947,510,7,6,224,5,Article WebPage ImageObject BreadcrumbList WebSite Organization Person,2026-09-18T03:38:24+00:00
https://www.tulasihealthcare.com/blog/susceptibility-risk-factors-for-in-patient-violence-at-psychiatric-hospitals/,/blog/susceptibility-risk-factors-for-in-patient-violence-at-psychiatric-hospitals/,blog-post,post-sitemap,200,,Susceptibility (risk) factors for in-patient violence at psychiatric hospitals - Tulasi Healthcare,98,The assessment and management of risk and susceptibility of violence in the patients with mental disorders residing in psychiatric hospitals..,142,https://www.tulasihealthcare.com/blog/susceptibility-risk-factors-for-in-patient-violence-at-psychiatric-hospitals/,true,"index, follow, max-image-preview:large, max-snippet:-1, max-video-preview:-1",1,In-Patient Admission in Psychiatric Hospital,18,968,529,7,6,227,6,Article WebPage ImageObject BreadcrumbList WebSite Organization Person,2026-09-18T03:38:24+00:00
https://www.tulasihealthcare.com/blog/patient-assaults-among-staff-members-of-mental-health-hospitals/,/blog/patient-assaults-among-staff-members-of-mental-health-hospitals/,blog-post,post-sitemap,200,,Patient assaults among staff members of Mental Health Hospitals - Tulasi Healthcare,83,"Patients physically assaulting the staff at mental hospitals where they are admit, which results in minor/ severe injuries or even...",133,https://www.tulasihealthcare.com/blog/patient-assaults-among-staff-members-of-mental-health-hospitals/,true,"index, follow, max-image-preview:large, max-snippet:-1, max-video-preview:-1",1,Mental Health Hospitals,18,942,512,7,6,227,5,Article WebPage ImageObject BreadcrumbList WebSite Organization Person,2026-09-18T03:38:24+00:00
https://www.tulasihealthcare.com/blog/prevalence-of-self-stigma-and-its-association-with-self-esteem-among-patients-in-mental-hospitals/,/blog/prevalence-of-self-stigma-and-its-association-with-self-esteem-among-patients-in-mental-hospitals/,blog-post,post-sitemap,200,,Prevalence of self-stigma and its association with self-esteem among patients in mental hospitals - Tulasi Healthcare,117,Self-stigma among psychiatric patients admitted in mental hospitals or in other IPD settings is also prevalent worldwide. The consequences..,140,https://www.tulasihealthcare.com/blog/prevalence-of-self-stigma-and-its-association-with-self-esteem-among-patients-in-mental-hospitals/,true,"index, follow, max-image-preview:large, max-snippet:-1, max-video-preview:-1",1,Stigma of Mental Illness,18,882,440,7,6,225,5,Article WebPage ImageObject BreadcrumbList WebSite Organization Person,2026-09-18T03:38:24+00:00
https://www.tulasihealthcare.com/blog/multiple-barriers-against-successful-care-for-depressed-patients-at-mental-hospitals/,/blog/multiple-barriers-against-successful-care-for-depressed-patients-at-mental-hospitals/,blog-post,post-sitemap,200,,Multiple Barriers against Successful Care for Depressed Patients at Mental Hospitals - Tulasi Healthcare,104,Initiatives have been taken up recently to reduce the gap in mental health treatment which mentally ill persons avail of at mental hospitals,140,https://www.tulasihealthcare.com/blog/multiple-barriers-against-successful-care-for-depressed-patients-at-mental-hospitals/,true,"index, follow, max-image-preview:large, max-snippet:-1, max-video-preview:-1",1,Treatment of Depressed Patient in Mental Hospital,18,879,436,7,6,225,5,Article WebPage ImageObject BreadcrumbList WebSite Organization Person,2026-09-18T03:38:24+00:00
https://www.tulasihealthcare.com/blog/psychiatric-disorders-which-affect-suicidal-patients-admitted-into-psychiatric-hospitals/,/blog/psychiatric-disorders-which-affect-suicidal-patients-admitted-into-psychiatric-hospitals/,blog-post,post-sitemap,200,,Psychiatric disorders which affect suicidal patients admitted into psychiatric hospitals - Tulasi Healthcare,108,Patients with suicidal behavior (SB) who are admitted into psychiatric hospitals are considered to be at a higher risk of suicide.,130,https://www.tulasihealthcare.com/blog/psychiatric-disorders-which-affect-suicidal-patients-admitted-into-psychiatric-hospitals/,true,"index, follow, max-image-preview:large, max-snippet:-1, max-video-preview:-1",1,Suicidal patients admitted into psychiatric hospitals,18,863,439,7,6,225,5,Article WebPage ImageObject BreadcrumbList WebSite Organization Person,2026-09-18T03:38:24+00:00
https://www.tulasihealthcare.com/blog/coping-with-bipolar-disorder/,/blog/coping-with-bipolar-disorder/,blog-post,post-sitemap,200,,Coping with Bipolar Disorder - Tulasi Healthcare,48,"Bipolar disorder is a mood disorder which affects all spheres of a sufferer’s life, including her/his frame of mind, vigor, concentration..",139,https://www.tulasihealthcare.com/blog/coping-with-bipolar-disorder/,true,"index, follow, max-image-preview:large, max-snippet:-1, max-video-preview:-1",1,Bipolar Disorder,18,937,506,8,6,225,5,Article WebPage ImageObject BreadcrumbList WebSite Organization Person,2026-09-18T03:38:24+00:00
https://www.tulasihealthcare.com/blog/marijuana-induced-psychosis/,/blog/marijuana-induced-psychosis/,blog-post,post-sitemap,200,,Marijuana Induced Psychosis - Tulasi Healthcare,47,"Psychosis is a mental condition in which the affected person loses touch with reality and may exhibit symptoms like delusion, hallucination..",141,https://www.tulasihealthcare.com/blog/marijuana-induced-psychosis/,true,"index, follow, max-image-preview:large, max-snippet:-1, max-video-preview:-1",1,Psychosis,18,754,325,9,6,226,6,Article WebPage ImageObject BreadcrumbList WebSite Organization Person,2026-09-18T03:38:24+00:00
https://www.tulasihealthcare.com/blog/drug-rehab-centre-in-gurgaon/,/blog/drug-rehab-centre-in-gurgaon/,blog-post,post-sitemap,200,,Drug Rehab Centre in Gurgaon - Tulasi Healthcare,48,Tulasi Healthcare is the best Rehab Centre in Gurgaon. It is a state-of-the-art facility with a round-the-clock team of expert mental health..,142,https://www.tulasihealthcare.com/blog/drug-rehab-centre-in-gurgaon/,true,"index, follow, max-image-preview:large, max-snippet:-1, max-video-preview:-1",1,Drug Rehab Centre in Gurgaon,18,620,189,7,6,225,6,Article WebPage ImageObject BreadcrumbList WebSite Organization Person,2026-09-18T03:38:25+00:00
https://www.tulasihealthcare.com/blog/alcohol-rehab-centre-in-gurgaon/,/blog/alcohol-rehab-centre-in-gurgaon/,blog-post,post-sitemap,200,,Alcohol Rehab Centre in Gurgaon - Tulasi Healthcare,51,Tulasi Healthcare is an Alcohol Rehab Centre in Gurgaon. The modern facility with a capacity of 125 beds was inaugurated in November 2020.,138,https://www.tulasihealthcare.com/blog/alcohol-rehab-centre-in-gurgaon/,true,"index, follow, max-image-preview:large, max-snippet:-1, max-video-preview:-1",1,Rehabilitation centre for alcohol addiction in Gurgaon,22,1440,1028,8,6,229,6,Article WebPage ImageObject BreadcrumbList WebSite Organization Person,2026-09-18T03:38:25+00:00
https://www.tulasihealthcare.com/blog/tulasi-healthcare-is-the-top-mental-hospital-for-psychiatric-care-in-india/,/blog/tulasi-healthcare-is-the-top-mental-hospital-for-psychiatric-care-in-india/,blog-post,post-sitemap,200,,Tulasi Healthcare is the top Mental Hospital for psychiatric care in India - Tulasi Healthcare,94,"Tulasi Healthcare is a top mental hospital in gurgaon delhi, India. It provides holistic treatment and care to psychiatric patients.",132,https://www.tulasihealthcare.com/blog/tulasi-healthcare-is-the-top-mental-hospital-for-psychiatric-care-in-india/,true,"index, follow, max-image-preview:large, max-snippet:-1, max-video-preview:-1",1,Best Mental Hospital in India,33,1861,1445,8,6,232,6,Article WebPage ImageObject BreadcrumbList WebSite Organization Person FAQPage Product,2026-09-18T03:38:25+00:00
https://www.tulasihealthcare.com/blog/dual-diagnosis-mental-illness-along-with-drug-alcohol-addiction/,/blog/dual-diagnosis-mental-illness-along-with-drug-alcohol-addiction/,blog-post,post-sitemap,200,,Dual Diagnosis: Mental Illness along with Drug/Alcohol Addiction - Tulasi Healthcare,84,A person with a dual diagnosis has a mental illness as well as an alcohol or drug addiction. These circumstances usually occur together.,136,https://www.tulasihealthcare.com/blog/dual-diagnosis-mental-illness-along-with-drug-alcohol-addiction/,true,"index, follow, max-image-preview:large, max-snippet:-1, max-video-preview:-1",1,Dual Diagnosis: Mental Illness along with Drug/Alcohol Addiction,21,1169,728,7,6,224,5,Article WebPage ImageObject BreadcrumbList WebSite Organization Person,2026-09-18T03:38:25+00:00
https://www.tulasihealthcare.com/blog/importance-of-mental-health/,/blog/importance-of-mental-health/,blog-post,post-sitemap,200,,Importance of Mental Health - Tulasi Healthcare,47,"Mental health consists of our emotional, psychological, and socio-economic well-being. Our thoughts, feelings, and actions are affected by it.",142,https://www.tulasihealthcare.com/blog/importance-of-mental-health/,true,"index, follow, max-image-preview:large, max-snippet:-1, max-video-preview:-1",1,Mental Health,24,1439,1014,7,6,224,5,Article WebPage ImageObject BreadcrumbList WebSite Organization Person,2026-09-18T03:38:25+00:00
https://www.tulasihealthcare.com/blog/all-you-need-to-know-about-obsessive-compulsive-disorder-ocd/,/blog/all-you-need-to-know-about-obsessive-compulsive-disorder-ocd/,blog-post,post-sitemap,200,,All You Need to Know About Obsessive-Compulsive Disorder (OCD) - Tulasi Healthcare,82,"Obsessive-compulsive disorder (OCD) is characterized by intrusive thoughts, which may or may not be accompanied by compensatory acts to reduce the stress caused by these thoughts",178,https://www.tulasihealthcare.com/blog/all-you-need-to-know-about-obsessive-compulsive-disorder-ocd/,true,"index, follow, max-image-preview:large, max-snippet:-1, max-video-preview:-1",1,Obsessive Compulsive Disorder (OCD),23,1551,1125,7,6,226,6,Article WebPage ImageObject BreadcrumbList WebSite Organization Person,2026-09-18T03:39:34+00:00
https://www.tulasihealthcare.com/blog/what-is-drug-induced-psychosis/,/blog/what-is-drug-induced-psychosis/,blog-post,post-sitemap,200,,What is Drug-Induced Psychosis? - Tulasi Healthcare,51,,0,https://www.tulasihealthcare.com/blog/what-is-drug-induced-psychosis/,true,"index, follow, max-image-preview:large, max-snippet:-1, max-video-preview:-1",1,Drug-Induced Psychosis,32,1492,1150,8,7,224,5,Article WebPage ImageObject BreadcrumbList WebSite Organization Person,2026-09-18T03:39:35+00:00
https://www.tulasihealthcare.com/blog/what-is-obsessive-compulsive-disorder-ocd/,/blog/what-is-obsessive-compulsive-disorder-ocd/,blog-post,post-sitemap,200,,What is Obsessive Compulsive Disorder (OCD),43,"OCD is a mental health disorder characterized by an obsession or compulsion, as well as distressing behaviors and thoughts.",123,https://www.tulasihealthcare.com/blog/what-is-obsessive-compulsive-disorder-ocd/,true,"index, follow, max-image-preview:large, max-snippet:-1, max-video-preview:-1",1,Obsessive-compulsive disorder (OCD),39,1642,1279,7,7,224,5,Article WebPage ImageObject BreadcrumbList WebSite Organization Person,2026-09-18T03:39:35+00:00
https://www.tulasihealthcare.com/blog/understanding-schizophrenia/,/blog/understanding-schizophrenia/,blog-post,post-sitemap,200,,Understanding Schizophrenia - Tulasi Healthcare,47,,0,https://www.tulasihealthcare.com/blog/understanding-schizophrenia/,true,"index, follow, max-image-preview:large, max-snippet:-1, max-video-preview:-1",1,Understanding what is schizophrenia disorder,20,4294,3863,7,7,227,6,Article WebPage BreadcrumbList WebSite Organization Person,2026-09-18T03:39:35+00:00
https://www.tulasihealthcare.com/blog/types-of-schizophrenia/,/blog/types-of-schizophrenia/,blog-post,post-sitemap,200,,TYPES OF SCHIZOPHRENIA - Tulasi Healthcare,42,,0,https://www.tulasihealthcare.com/blog/types-of-schizophrenia/,true,"index, follow, max-image-preview:large, max-snippet:-1, max-video-preview:-1",1,Types of Schizophrenia - Tulasi Healthcare,19,1757,1347,7,6,229,5,Article WebPage ImageObject BreadcrumbList WebSite Organization Person,2026-09-18T03:39:35+00:00
https://www.tulasihealthcare.com/blog/schizophrenia-treatment/,/blog/schizophrenia-treatment/,blog-post,post-sitemap,200,,What is the Treatment for Schizophrenia | Tulasi Healthcare - Tulasi Healthcare,79,"Treatment options for schizophrenia are antipsychotic medications, electroconvulsive therapy, psychosocial intervention and other adjective..",141,https://www.tulasihealthcare.com/blog/schizophrenia-treatment/,true,"index, follow, max-image-preview:large, max-snippet:-1, max-video-preview:-1",1,Schizophrenia Treatment,21,1045,616,7,6,225,5,Article WebPage ImageObject BreadcrumbList WebSite Organization Person,2026-09-18T03:39:35+00:00
https://www.tulasihealthcare.com/blog/drug-induced-schizophrenia-what-it-is-treatment/,/blog/drug-induced-schizophrenia-what-it-is-treatment/,blog-post,post-sitemap,200,,Drug Induced Schizophrenia: What it is & treatment - Tulasi Healthcare,70,Schizophrenia is a mental disorder characterized by fundamental distortions of thinking and perception with inappropriate or blunted affect.,140,https://www.tulasihealthcare.com/blog/drug-induced-schizophrenia-what-it-is-treatment/,true,"index, follow, max-image-preview:large, max-snippet:-1, max-video-preview:-1",1,Drug Induced Schizophrenia,24,891,471,7,6,226,5,Article WebPage ImageObject BreadcrumbList WebSite Organization Person,2026-09-18T03:39:35+00:00
https://www.tulasihealthcare.com/blog/obsessive-compulsive-disorder-treatment/,/blog/obsessive-compulsive-disorder-treatment/,blog-post,post-sitemap,200,,Obsessive compulsive disorder - Tulasi Healthcare,49,"Obsessive Compulsive Disorder (OCD) is a common, chronic and long-lasting disorder in which a person has uncontrollable, reoccurring thoughts",141,https://www.tulasihealthcare.com/blog/obsessive-compulsive-disorder-treatment/,true,"index, follow, max-image-preview:large, max-snippet:-1, max-video-preview:-1",1,Treatment of Obsessive Compulsive Disorder,27,901,477,6,6,225,5,Article WebPage ImageObject BreadcrumbList WebSite Organization Person,2026-09-18T03:39:35+00:00
https://www.tulasihealthcare.com/blog/alcohol-and-drug-rehab-centre-in-gurgaon/,/blog/alcohol-and-drug-rehab-centre-in-gurgaon/,blog-post,post-sitemap,200,,Alcohol and Drug Rehab Centre in Gurgaon - Tulasi Healthcare,60,"Tulasi Healthcare is the best Alcohol and Drug Rehab centre in Gurgaon. Inaugurated in November 2020, the 125 bedded modern facility..",134,https://www.tulasihealthcare.com/blog/alcohol-and-drug-rehab-centre-in-gurgaon/,true,"index, follow, max-image-preview:large, max-snippet:-1, max-video-preview:-1",1,"Rehabilitation Centre for Alcohol and Drug in Gurgaon, Delhi",18,827,391,7,6,226,6,Article WebPage ImageObject BreadcrumbList WebSite Organization Person,2026-09-18T03:39:35+00:00
https://www.tulasihealthcare.com/blog/world-mental-health-day/,/blog/world-mental-health-day/,blog-post,post-sitemap,200,,World Mental Health Day 2022 | Tulasi Healthcare | Rehab Centre - Tulasi Healthcare,83,,0,https://www.tulasihealthcare.com/blog/world-mental-health-day/,true,"index, follow, max-image-preview:large, max-snippet:-1, max-video-preview:-1",1,World Mental Health Day 2022,18,658,225,7,6,225,5,Article WebPage ImageObject BreadcrumbList WebSite Organization Person,2026-09-18T03:39:35+00:00
https://www.tulasihealthcare.com/blog/rehabilitation-centre-in-gurgaon/,/blog/rehabilitation-centre-in-gurgaon/,blog-post,post-sitemap,200,,Rehabilitation Centre in Gurgaon for Drugs & Alcohol - Tulasi Healthcare,72,"Tulasi Healthcare drug and alcohol rehabilitation centre in Gurgaon ensures that the individual’s mental, physical, emotional and spiritual balance is...",153,https://www.tulasihealthcare.com/blog/rehabilitation-centre-in-gurgaon/,true,"index, follow, max-image-preview:large, max-snippet:-1, max-video-preview:-1",1,Rehab Centre for Drug Addiction Treatment,18,692,269,7,6,226,6,Article WebPage ImageObject BreadcrumbList WebSite Organization Person,2026-09-18T03:39:35+00:00
https://www.tulasihealthcare.com/blog/why-is-psychiatric-medication-important-in-mental-healthcare/,/blog/why-is-psychiatric-medication-important-in-mental-healthcare/,blog-post,post-sitemap,200,,Why is Psychiatric Medication Important in Mental Healthcare? - Tulasi Healthcare,81,"Learn why psychiatric medication matters in mental healthcare, how it helps, and when to consult a psychiatrist in Delhi for treatment.",135,https://www.tulasihealthcare.com/blog/why-is-psychiatric-medication-important-in-mental-healthcare/,true,"index, follow, max-image-preview:large, max-snippet:-1, max-video-preview:-1",1,What Role does Psychiatric Medication Play in Mental Healthcare?,22,997,558,7,6,229,5,Article WebPage ImageObject BreadcrumbList WebSite Organization Person,2026-10-03T04:30:44+00:00
https://www.tulasihealthcare.com/blog/how-can-family-support-help-during-mental-health-and-addiction-recovery/,/blog/how-can-family-support-help-during-mental-health-and-addiction-recovery/,blog-post,post-sitemap,200,,How Family Support Helps in Mental Health & Addiction Recovery - Tulasi Healthcare,82,"Learn how family support, therapy, and healthy boundaries aid recovery. Find a trusted rehab centre near me for professional addiction care.",140,https://www.tulasihealthcare.com/blog/how-can-family-support-help-during-mental-health-and-addiction-recovery/,true,"index, follow, max-image-preview:large, max-snippet:-1, max-video-preview:-1",1,The Role of Family Support in Mental Health and Addiction Recovery,23,1226,782,7,6,225,5,Article WebPage ImageObject BreadcrumbList WebSite Organization Person,2026-10-03T04:30:52+00:00
https://www.tulasihealthcare.com/blog/mental-health-counsellor-gurgaon-delhi/,/blog/mental-health-counsellor-gurgaon-delhi/,blog-post,post-sitemap,200,,Mental Health Counsellor in Gurgaon & Delhi - Tulasi Healthcare,63,"Explore confidential counselling in Gurgaon & Delhi for mental health concerns, emotional wellbeing, stress, anxiety and personal growth.",137,https://www.tulasihealthcare.com/blog/mental-health-counsellor-gurgaon-delhi/,true,"index, follow, max-image-preview:large, max-snippet:-1, max-video-preview:-1",1,Counselling in Gurgaon and Delhi for Mental Wellness,38,2047,1621,8,6,232,5,Article WebPage ImageObject BreadcrumbList WebSite Organization Person,2026-10-03T04:31:06+00:00
https://www.tulasihealthcare.com/blog/substance-abuse-treatment-recovery-process/,/blog/substance-abuse-treatment-recovery-process/,blog-post,post-sitemap,200,,Substance Abuse Treatment: Recovery Process & Support - Tulasi Healthcare,73,"Explore substance abuse treatment at a mental hospital in Gurgaon, including detox, therapy, counselling, and long-term recovery support.",137,https://www.tulasihealthcare.com/blog/substance-abuse-treatment-recovery-process/,true,"index, follow, max-image-preview:large, max-snippet:-1, max-video-preview:-1",1,What is Substance Abuse Treatment and How Does Recovery Work?,31,1420,998,7,6,224,5,Article WebPage ImageObject BreadcrumbList WebSite Organization Person,2026-10-03T04:31:14+00:00
https://www.tulasihealthcare.com/blog/ketamine-therapy-for-mental-health/,/blog/ketamine-therapy-for-mental-health/,blog-post,post-sitemap,200,,"Ketamine Therapy for Mental Health: Benefits, Uses & Safety - Tulasi Healthcare",79,"Learn how ketamine therapy works for mental health, its potential benefits, uses, safety, side effects, and what patients should expect.",136,https://www.tulasihealthcare.com/blog/ketamine-therapy-for-mental-health/,true,"index, follow, max-image-preview:large, max-snippet:-1, max-video-preview:-1",1,Ketamine Therapy: A New Approach to Mental Health Treatment,25,1216,785,7,6,225,5,Article WebPage ImageObject BreadcrumbList WebSite Organization Person,2026-10-03T04:31:22+00:00
https://www.tulasihealthcare.com/blog/when-to-see-a-therapist-in-delhi-gurgaon/,/blog/when-to-see-a-therapist-in-delhi-gurgaon/,blog-post,post-sitemap,200,,When to See a Therapist in Delhi or Gurgaon - Tulasi Healthcare,63,"Is everyday stress affecting your sleep, work, or relationships? Learn the signs it may be time to talk to a therapist in Delhi or Gurgaon.",139,https://www.tulasihealthcare.com/blog/when-to-see-a-therapist-in-delhi-gurgaon/,true,"index, follow, max-image-preview:large, max-snippet:-1, max-video-preview:-1",1,Understanding When You Need Therapy: A Guide to Mental Health Support in Delhi NCR,25,1314,859,7,6,230,5,Article WebPage ImageObject BreadcrumbList WebSite Organization Person,2026-10-03T04:31:31+00:00
https://www.tulasihealthcare.com/blog/types-of-group-therapy-and-benefits/,/blog/types-of-group-therapy-and-benefits/,blog-post,post-sitemap,200,,Types of Group Therapy: Benefits & Who Can Benefit - Tulasi Healthcare,70,"Explore types of group therapy, their benefits, and who can benefit from group sessions for anxiety, depression, stress, grief, and more.",137,https://www.tulasihealthcare.com/blog/types-of-group-therapy-and-benefits/,true,"index, follow, max-image-preview:large, max-snippet:-1, max-video-preview:-1",1,"Types of Group Therapy: Benefits, Approaches, and Who Can Benefit",29,1319,887,7,6,229,5,Article WebPage ImageObject BreadcrumbList WebSite Organization Person,2026-10-03T06:24:41+00:00
https://www.tulasihealthcare.com/,/,home,page-sitemap,200,,Best Rehab & Rehabilitation Centre in Delhi NCR India,53,"Top Psychiatric hospital & rehabilitation centre in Delhi, Gurgaon, India provides specialized treatment for substance abuse disorders & mental illness",151,https://www.tulasihealthcare.com/,true,"index, follow, max-image-preview:large, max-snippet:-1, max-video-preview:-1",1,"Tulasi Healthcare Best Psychiatric Hospital & Rehabilitation Centre in Delhi, Gurgaon, India",88,1961,1984,61,46,57,1,WebPage ImageObject BreadcrumbList WebSite Organization Hospital FAQPage Psychiatric,2026-07-17T07:11:13+00:00
https://www.tulasihealthcare.com/map-direction/delhi/,/map-direction/delhi/,location/contact,page-sitemap,200,,Tulasi Healthcare Rehabilitation centre & mental Hospital in Delhi,66,Tulasi Healthcare group of psychiatric hospital and rehabilitation centre in Delhi providing treatment for mental illness and addiction.,136,https://www.tulasihealthcare.com/map-direction/delhi/,true,"index, follow, max-image-preview:large, max-snippet:-1, max-video-preview:-1",1,Delhi,8,345,353,1,0,3,3,WebPage ImageObject BreadcrumbList WebSite Organization,2024-06-03T05:20:42+00:00
https://www.tulasihealthcare.com/publications/,/publications/,about/info,page-sitemap,200,,Publications - Tulasi Healthcare,32,Read Tulasi Healthcare latest publications on mental health disorders and its treatment options available.,106,https://www.tulasihealthcare.com/publications/,true,"index, follow, max-image-preview:large, max-snippet:-1, max-video-preview:-1",1,Publications,11,512,521,9,2,2,8,WebPage ImageObject BreadcrumbList WebSite Organization,2024-11-16T09:14:37+00:00
https://www.tulasihealthcare.com/services-2/,/services-2/,service,page-sitemap,200,,Services - Tulasi Healthcare,28,We offer comprehensive services for the treatment of mental illness and substance abuse disorders delivered by best team of psychiatrists in India.,147,https://www.tulasihealthcare.com/services-2/,true,"index, follow, max-image-preview:large, max-snippet:-1, max-video-preview:-1",1,Services,28,1215,1242,25,0,12,0,WebPage ImageObject BreadcrumbList WebSite Organization,2025-11-10T05:22:00+00:00
https://www.tulasihealthcare.com/sexologist-in-delhi/,/sexologist-in-delhi/,local-landing,page-sitemap,200,,"Best Sexologist Doctors in Delhi NCR, India | Book appointment",62,"Tulasi Healthcare has the best team of sexologist in Delhi NCR, India for the treatment of sexual disorders. Call now for the best treatment.",141,https://www.tulasihealthcare.com/sexologist-in-delhi/,true,"index, follow, max-image-preview:large, max-snippet:-1, max-video-preview:-1",1,Sexologist in Delhi NCR,38,2646,2682,7,0,33,0,WebPage ImageObject BreadcrumbList WebSite Organization Person Place FAQPage Product,2025-12-12T08:22:03+00:00
https://www.tulasihealthcare.com/rehabilitation-centre-in-delhi/,/rehabilitation-centre-in-delhi/,local-landing,page-sitemap,200,,Rehabilitation Centre in Delhi - Tulasi Healthcare,50,Our state of the art rehabilitation center in Delhi is dedicated to restoring & empowering individuals to attain the much desired happiness in their lives and relieve them from the maladaptive patterns of addiction.,215,https://www.tulasihealthcare.com/rehabilitation-centre-in-delhi/,true,"index, follow, max-image-preview:large, max-snippet:-1, max-video-preview:-1",1,Rehabilitation Centre in Delhi,42,2238,2286,3,0,34,1,WebPage ImageObject BreadcrumbList WebSite Organization FAQPage Product,2025-12-12T09:28:21+00:00
https://www.tulasihealthcare.com/psychiatrist-in-delhi/,/psychiatrist-in-delhi/,local-landing,page-sitemap,200,https://www.tulasihealthcare.com/best-psychiatrist-in-delhi/,Best Psychiatrist in Delhi for all Your Mental Health Needs - Tulasi Healthcare,79,Looking for the best psychiatrist in Delhi? Get personalized mental health care from experts with 40+ years of experience. Book today.,134,https://www.tulasihealthcare.com/best-psychiatrist-in-delhi/,true,"index, follow, max-image-preview:large, max-snippet:-1, max-video-preview:-1",1,Best Psychiatrist in Delhi for all Your Mental Health Needs,83,4064,4054,25,6,49,0,WebPage ImageObject BreadcrumbList WebSite Organization MedicalOrganization LocalBusiness MedicalClinic Person FAQPage,2026-01-16T06:31:35+00:00
https://www.tulasihealthcare.com/about-us/,/about-us/,about/info,page-sitemap,200,,About Us - Tulasi Healthcare,28,"Tulasi Healthcare is a group of psychiatric hospital & rehabilitation centers in Gurgaon, Delhi providing treatment for Mental illnesses.",137,https://www.tulasihealthcare.com/about-us/,true,"index, follow, max-image-preview:large, max-snippet:-1, max-video-preview:-1",1,About Us,6,500,505,1,0,2,0,WebPage ImageObject BreadcrumbList WebSite Organization Psychiatric,2026-01-16T07:08:27+00:00
https://www.tulasihealthcare.com/admission/,/admission/,other,page-sitemap,200,,Admission - Tulasi Healthcare,29,,0,https://www.tulasihealthcare.com/admission/,true,"index, follow, max-image-preview:large, max-snippet:-1, max-video-preview:-1",1,Admission,2,85,89,0,0,1,0,WebPage BreadcrumbList WebSite Organization Psychiatric,2026-01-16T07:16:42+00:00
https://www.tulasihealthcare.com/alcohol-use-disorder-treatment/,/alcohol-use-disorder-treatment/,service-addiction,page-sitemap,200,,ALCOHOL USE DISORDER TREATMENT - Tulasi Healthcare,50,Alcohol use disorder is a chronic and relapsing disease. Tulasi Healthcare provides treatment for alcohol use disorder. Call us at 8800000255,141,https://www.tulasihealthcare.com/alcohol-use-disorder-treatment/,true,"index, follow, max-image-preview:large, max-snippet:-1, max-video-preview:-1",1,ALCOHOL USE DISORDER TREATMENT,10,778,789,1,0,4,1,WebPage ImageObject BreadcrumbList WebSite Organization Psychiatric,2026-01-16T07:17:10+00:00
https://www.tulasihealthcare.com/fatty-liver-disease/,/fatty-liver-disease/,other,page-sitemap,200,,Alcoholic Fatty Liver Disease Rehab Centre | Tulasi Healthcare,62,"The treatment for alcoholic fatty liver disease is available at Tulasi Healthcare center located at Sector- 64, Gurgaon. Call us for info.",138,https://www.tulasihealthcare.com/fatty-liver-disease/,true,"index, follow, max-image-preview:large, max-snippet:-1, max-video-preview:-1",1,Alcoholic Fatty Liver Disease,5,743,752,2,0,5,1,WebPage ImageObject BreadcrumbList WebSite Organization Product Psychiatric,2026-01-16T07:18:36+00:00
https://www.tulasihealthcare.com/alcoholic-hepatitis-treatment/,/alcoholic-hepatitis-treatment/,service-addiction,page-sitemap,200,,Alcoholic Hepatitis: It's treatment & management -Tulasi Healthcare,67,Tulasi Healthcare rehab centre applies a holistic approach towards the treatment and management of Alcoholic Hepatitis. +91-8800000255.,135,https://www.tulasihealthcare.com/alcoholic-hepatitis-treatment/,true,"index, follow, max-image-preview:large, max-snippet:-1, max-video-preview:-1",1,Alcoholic Hepatitis: It’s treatment and management,9,886,899,1,0,6,1,WebPage ImageObject BreadcrumbList WebSite Organization Psychiatric,2026-01-16T07:20:22+00:00
https://www.tulasihealthcare.com/anxiety/,/anxiety/,condition,page-sitemap,200,,Anxiety Disorder Treatment | Book Appointment | Tulasi Healthcare,65,"Tulasi Healthcare is top anxiety disorder treatment hospital in Delhi, Gurgaon & India. Best psychiatrist available. Book your appointment.",139,https://www.tulasihealthcare.com/anxiety/,true,"index, follow, max-image-preview:large, max-snippet:-1, max-video-preview:-1",1,anxiety,14,1053,1076,2,0,26,1,WebPage ImageObject BreadcrumbList WebSite Organization Psychiatric,2026-01-16T07:21:19+00:00
https://www.tulasihealthcare.com/mental-hospital-in-gurgaon/,/mental-hospital-in-gurgaon/,local-landing,page-sitemap,200,,Best Mental Hospital in Gurgaon - Tulasi Healthcare,51,"Tulasi Healthcare is a leading mental hospital in Gurgaon offering expert psychiatric care, rehab, and de-addiction services with experienced doctors.",150,https://www.tulasihealthcare.com/mental-hospital-in-gurgaon/,true,"index, follow, max-image-preview:large, max-snippet:-1, max-video-preview:-1",1,Best Mental Hospital in Gurgaon,16,2352,2370,3,0,26,1,WebPage ImageObject BreadcrumbList WebSite Organization Hospital FAQPage Psychiatric,2026-01-16T07:32:35+00:00
https://www.tulasihealthcare.com/careers/,/careers/,about/info,page-sitemap,200,,Careers - Tulasi Healthcare,27,Students pursuing graduation/ Masters/M.Phil./Ph. D. in psychology for intern at Tulasi Health Care. Kindly drop your resume at hrtulasi2019@gmail.com,150,https://www.tulasihealthcare.com/careers/,true,"index, follow, max-image-preview:large, max-snippet:-1, max-video-preview:-1",1,Careers,2,168,168,0,0,1,0,WebPage BreadcrumbList WebSite Organization Psychiatric,2026-01-16T07:45:15+00:00
https://www.tulasihealthcare.com/cluster-a-personality-disorders/,/cluster-a-personality-disorders/,condition,page-sitemap,200,,Cluster A Personality Disorders - Tulasi Healthcare,51,"Treatment of Cluster A personality disorders includes psychotherapy, medication, and group therapy or support groups. Call us +91-8800000255",140,https://www.tulasihealthcare.com/cluster-a-personality-disorders/,true,"index, follow, max-image-preview:large, max-snippet:-1, max-video-preview:-1",1,Cluster A Personality Disorders,8,840,849,2,0,5,0,WebPage ImageObject BreadcrumbList WebSite Organization Psychiatric,2026-01-16T07:49:33+00:00
https://www.tulasihealthcare.com/cluster-b-personality-disorders/,/cluster-b-personality-disorders/,condition,page-sitemap,200,,Cluster B Personality Disorder Treatment - Tulasi Healthcare,60,"Treatment of cluster b personality disorder in Tulasi Healthcare involves psychotherapy, medication and group therapy. Call Us at 8800000255",140,https://www.tulasihealthcare.com/cluster-b-personality-disorders/,true,"index, follow, max-image-preview:large, max-snippet:-1, max-video-preview:-1",1,Cluster B Personality Disorders,9,860,863,2,0,6,0,WebPage ImageObject BreadcrumbList WebSite Organization Psychiatric,2026-01-16T07:50:31+00:00
https://www.tulasihealthcare.com/cluster-c-personality-disorders/,/cluster-c-personality-disorders/,condition,page-sitemap,200,,Cluster C Personality Disorders - Tulasi Healthcare,51,,0,https://www.tulasihealthcare.com/cluster-c-personality-disorders/,true,"index, follow, max-image-preview:large, max-snippet:-1, max-video-preview:-1",1,Cluster C Personality Disorders,8,682,690,2,0,4,0,WebPage ImageObject BreadcrumbList WebSite Organization Psychiatric,2026-01-16T07:51:46+00:00
https://www.tulasihealthcare.com/cbt-behavioural-therapy/,/cbt-behavioural-therapy/,service,page-sitemap,200,,Cognitive Behavioural Therapy - Tulasi Healthcare,49,"At Tulasi Health Care, Cognitive behavior therapy is available for various mental illnesses and addiction disorders. Call us to know more.",138,https://www.tulasihealthcare.com/cbt-behavioural-therapy/,true,"index, follow, max-image-preview:large, max-snippet:-1, max-video-preview:-1",1,Cognitive Behavioural Therapy,8,452,458,2,0,26,0,WebPage ImageObject BreadcrumbList WebSite Organization Psychiatric,2026-01-16T07:52:50+00:00
https://www.tulasihealthcare.com/contact-us/,/contact-us/,location/contact,page-sitemap,200,,Contact Us - Tulasi Healthcare,30,"Contact Us for treatment of mental illnesses, and addiction in Delhi, Gurgaon, India. Call us now at +91-8800000255.",116,https://www.tulasihealthcare.com/contact-us/,true,"index, follow, max-image-preview:large, max-snippet:-1, max-video-preview:-1",0,,2,7,11,1,0,0,0,WebPage ImageObject BreadcrumbList WebSite Organization Psychiatric,2026-01-16T07:54:16+00:00
https://www.tulasihealthcare.com/deaddiction-centre/alcohol-addiction/,/deaddiction-centre/alcohol-addiction/,service-addiction,page-sitemap,200,,Alcohol Addiction Treatment Center Delhi India | Tulasi Healthcare,66,"Tulasi Healthcare is a group of leading alcohol de-addiction centres & psychiatric nursing homes, providing both INPATIENT and OUTPATIENT services.",147,https://www.tulasihealthcare.com/deaddiction-centre/alcohol-addiction/,true,"index, follow, max-image-preview:large, max-snippet:-1, max-video-preview:-1",1,Alcohol Addiction Treatment,21,2146,2166,3,0,24,1,WebPage ImageObject BreadcrumbList WebSite Organization Product Psychiatric,2026-01-16T07:58:44+00:00
https://www.tulasihealthcare.com/deaddiction-centre/cocaine-addiction/,/deaddiction-centre/cocaine-addiction/,service-addiction,page-sitemap,200,,"Cocaine Addiction Treatment Centre Delhi, India | Tulasi Health Care",68,Tulasi’s Health Care is treating a large number of cocaine addicts from India and those from neighbouring countries at a cost-effective price. Call Now!,152,https://www.tulasihealthcare.com/deaddiction-centre/cocaine-addiction/,true,"index, follow, max-image-preview:large, max-snippet:-1, max-video-preview:-1",1,Cocaine Addiction Treatment,11,654,671,2,0,6,0,WebPage ImageObject BreadcrumbList WebSite Organization Psychiatric,2026-01-16T07:59:03+00:00
https://www.tulasihealthcare.com/deaddiction-centre/heroin-addiction/,/deaddiction-centre/heroin-addiction/,service-addiction,page-sitemap,200,,"Heroin Addiction Treatment Centre Delhi, India | Tulasi Healthcare",66,"At Tulasi Health Care in Delhi, India, we offer Heroin addiction treatment. Want to learn more about treatment call us at 9891006875",132,https://www.tulasihealthcare.com/deaddiction-centre/heroin-addiction/,true,"index, follow, max-image-preview:large, max-snippet:-1, max-video-preview:-1",1,Heroin Addiction,8,686,693,2,0,4,1,WebPage ImageObject BreadcrumbList WebSite Organization Psychiatric,2026-01-16T07:59:28+00:00
https://www.tulasihealthcare.com/deaddiction-centre/marijuana-treatment/,/deaddiction-centre/marijuana-treatment/,service,page-sitemap,200,,Marijuana Rehab Treatment Center Delhi India | Tulasi Healthcare,64,"At our Delhi based marijuana rehab centers, our team of qualified psychiatrists and psychologists offer rehabilitation program to recover from the illness.",155,https://www.tulasihealthcare.com/deaddiction-centre/marijuana-treatment/,true,"index, follow, max-image-preview:large, max-snippet:-1, max-video-preview:-1",1,Marijuana Addiction Treatment Centre,7,448,457,2,0,5,1,WebPage ImageObject BreadcrumbList WebSite Organization Psychiatric,2026-01-16T08:16:31+00:00
https://www.tulasihealthcare.com/deep-tms-treatment/,/deep-tms-treatment/,service,page-sitemap,200,,Deep Transcranial Magnetic Stimulation (TMS) Treatment - THC,60,"Tulasi Healthcare offers Deep TMS therapy to treat the major depressive disorder (MDD), OCD and smoking cessation.",114,https://www.tulasihealthcare.com/deep-tms-treatment/,true,"index, follow, max-image-preview:large, max-snippet:-1, max-video-preview:-1",1,Deep TMS,21,1400,1416,3,0,23,0,WebPage ImageObject BreadcrumbList WebSite Organization Psychiatric,2026-01-16T08:16:59+00:00
https://www.tulasihealthcare.com/deeptms-ocd-treatment/,/deeptms-ocd-treatment/,condition,page-sitemap,200,,Deep TMS Non Invasive Treatment of OCD | Tulasi Healthcare,58,Tulasi Healthcare provides deepTMS therapy for treatment of Obsessive compulsive disorder (OCD). deepTMS is non invasive therapy. For more,138,https://www.tulasihealthcare.com/deeptms-ocd-treatment/,true,"index, follow, max-image-preview:large, max-snippet:-1, max-video-preview:-1",1,deepTMS for OCD treatment,4,887,888,1,0,5,0,WebPage ImageObject BreadcrumbList WebSite Organization Psychiatric,2026-01-16T08:25:33+00:00
https://www.tulasihealthcare.com/digital-and-gaming-addiction/,/digital-and-gaming-addiction/,service-addiction,page-sitemap,200,,Digital and Gaming Addiction Treatment | Tulasi Healthcare,58,Treatment of digital and gaming addiction can be done through Behavioural therapies like “Cognitive Behaviour Therapy” and psychotherapies.,139,https://www.tulasihealthcare.com/digital-and-gaming-addiction/,true,"index, follow, max-image-preview:large, max-snippet:-1, max-video-preview:-1",1,Digital and Gaming Addiction,9,901,913,1,0,4,0,WebPage ImageObject BreadcrumbList WebSite Organization Psychiatric,2026-01-16T08:27:58+00:00
https://www.tulasihealthcare.com/drug-addiction-treatment-in-delhi-gurgaon-and-ncr/,/drug-addiction-treatment-in-delhi-gurgaon-and-ncr/,local-landing,page-sitemap,200,,"Drug Addiction Treatment Centre in Delhi, Gurgaon and NCR",57,"Drug addiction treatment centre in Delhi, Gurgaon and NCR provides specialized treatment for Drugs, Alcohol, marijuana and other substances.",140,https://www.tulasihealthcare.com/drug-addiction-treatment-in-delhi-gurgaon-and-ncr/,true,"index, follow, max-image-preview:large, max-snippet:-1, max-video-preview:-1",1,"Drug Addiction Treatment Centre in Delhi, Gurgaon and NCR",24,3003,3021,3,0,4,0,WebPage ImageObject BreadcrumbList WebSite Organization Product Psychiatric,2026-01-16T08:28:21+00:00
https://www.tulasihealthcare.com/drug-screening-tests/,/drug-screening-tests/,service-addiction,page-sitemap,200,,Drug Screening Tests - Tulasi Healthcare,40,,0,https://www.tulasihealthcare.com/drug-screening-tests/,true,"index, follow, max-image-preview:large, max-snippet:-1, max-video-preview:-1",1,Drug Screening Tests,15,1377,1384,2,0,4,0,WebPage ImageObject BreadcrumbList WebSite Organization Psychiatric,2026-01-16T08:29:13+00:00
https://www.tulasihealthcare.com/dtms-for-treatment-resistance-depression/,/dtms-for-treatment-resistance-depression/,condition,page-sitemap,200,,dTMS for Treatment Resistance Depression - Tulasi Healthcare,60,dTMS is available for treatment resistance depression at Tulasi Healthcare. dTMS is a non-invasive brain stimulation technique.,127,https://www.tulasihealthcare.com/dtms-for-treatment-resistance-depression/,true,"index, follow, max-image-preview:large, max-snippet:-1, max-video-preview:-1",1,dTMS for Treatment Resistance Depression,15,1139,1139,2,0,3,0,WebPage ImageObject BreadcrumbList WebSite Organization Psychiatric,2026-01-16T08:30:08+00:00
https://www.tulasihealthcare.com/dual-diagnosis/,/dual-diagnosis/,other,page-sitemap,200,,Best Rehabilitation Center for Dual Diagnosis Treatment Program,63,"Dual Diagnosis is co-occurring mental illness with addiction, call to know more about our treatment programs, Tulasi Health Care Delhi, India.",142,https://www.tulasihealthcare.com/dual-diagnosis/,true,"index, follow, max-image-preview:large, max-snippet:-1, max-video-preview:-1",1,Dual Diagnosis,4,292,294,2,0,4,0,WebPage ImageObject BreadcrumbList WebSite Organization Psychiatric,2026-01-16T08:32:07+00:00
https://www.tulasihealthcare.com/employee-assistance-program/,/employee-assistance-program/,service,page-sitemap,200,,Employee Assistance Program - Tulasi Healthcare,47,"Employee Assistance Program provides multifaceted support to employees. Rather than just taking care of mental health, it also focuses on growth, professional experience and productivity in every respect.",204,https://www.tulasihealthcare.com/employee-assistance-program/,true,"index, follow, max-image-preview:large, max-snippet:-1, max-video-preview:-1",1,Employee Assistance Program,23,1417,1430,16,0,1,0,WebPage ImageObject BreadcrumbList WebSite Organization Psychiatric,2026-01-16T08:33:07+00:00
https://www.tulasihealthcare.com/family-therapy/,/family-therapy/,service,page-sitemap,200,,"Family Therapy Counseling, Family Therapy Psychologist | Tulasi",63,"At Tulasi Health Care, Family Therapy is designed to promote the well-being of those who are struggling with addictions or mental disorder. Call now!",149,https://www.tulasihealthcare.com/family-therapy/,true,"index, follow, max-image-preview:large, max-snippet:-1, max-video-preview:-1",1,Family Therapy,11,922,941,2,0,3,0,WebPage ImageObject BreadcrumbList WebSite Organization Psychiatric,2026-01-16T08:34:10+00:00
https://www.tulasihealthcare.com/faqs/,/faqs/,about/info,page-sitemap,200,,FAQ | Tulasi Healthcare,23,Frequently asked question about the alcohol and drug rehabilitation centre in delhi india read to know more,107,https://www.tulasihealthcare.com/faqs/,true,"index, follow, max-image-preview:large, max-snippet:-1, max-video-preview:-1",1,Faqs,2,645,654,0,0,1,0,WebPage BreadcrumbList WebSite Organization Psychiatric,2026-01-16T09:17:34+00:00
https://www.tulasihealthcare.com/gallery/,/gallery/,about/info,page-sitemap,200,,Gallery - Tulasi Healthcare,27,,0,https://www.tulasihealthcare.com/gallery/,true,"index, follow, max-image-preview:large, max-snippet:-1, max-video-preview:-1",1,Gallery,2,6,3,24,0,26,0,WebPage BreadcrumbList WebSite Organization Psychiatric,2026-01-16T09:17:50+00:00
https://www.tulasihealthcare.com/healourmind/,/healourmind/,other,page-sitemap,200,,Heal Our Mind - Tulasi Healthcare,33,"At Heal Our Mind, we are committed to providing our clients with the highest quality of care and support. We have a compassionate team..",136,https://www.tulasihealthcare.com/healourmind/,true,"index, follow, max-image-preview:large, max-snippet:-1, max-video-preview:-1",1,Heal Our Mind,9,418,429,2,1,3,0,WebPage ImageObject BreadcrumbList WebSite Organization Psychiatric,2026-01-16T09:19:43+00:00
https://www.tulasihealthcare.com/international-patient-services/,/international-patient-services/,service,page-sitemap,200,,International Patients Services | Tulasi Healthcare,51,Tulasi Healthcare provides the best mental healthcare services in India for international patients. Treatment is available for psychiatric and addiction disorders.,163,https://www.tulasihealthcare.com/international-patient-services/,true,"index, follow, max-image-preview:large, max-snippet:-1, max-video-preview:-1",2,International Patient Services | Mental Healthcare for International Patients,25,711,721,11,2,1,0,WebPage ImageObject BreadcrumbList WebSite Organization Psychiatric,2026-01-19T06:54:30+00:00
https://www.tulasihealthcare.com/map-direction/gurgaon/,/map-direction/gurgaon/,location/contact,page-sitemap,200,,Tulasi Healthcare Rehabilitation centre in Gurgaon,50,Tulasi Healthcare is a rehabilitation centre for mental illness and addiction disorder in Gurgaon. Tulasi Provides treatment for mental,135,https://www.tulasihealthcare.com/map-direction/gurgaon/,true,"index, follow, max-image-preview:large, max-snippet:-1, max-video-preview:-1",1,Gurgaon,6,239,245,1,0,2,1,WebPage ImageObject BreadcrumbList WebSite Organization Psychiatric,2026-01-19T06:57:22+00:00
https://www.tulasihealthcare.com/mental-hospital-in-faridabad/,/mental-hospital-in-faridabad/,local-landing,page-sitemap,200,,Mental Hospital in Faridabad - Tulasi Healthcare,48,"Visit Tulasi Healthcare, a leading mental hospital in Faridabad, providing specialized care for anxiety, depression, addiction, and more.",137,https://www.tulasihealthcare.com/mental-hospital-in-faridabad/,true,"index, follow, max-image-preview:large, max-snippet:-1, max-video-preview:-1",1,Mental Hospital in Faridabad,16,2078,2080,3,0,28,0,WebPage ImageObject BreadcrumbList WebSite Organization FAQPage Product Psychiatric,2026-01-19T06:58:14+00:00
https://www.tulasihealthcare.com/mental-hospital-in-india/,/mental-hospital-in-india/,local-landing,page-sitemap,200,,No 1 Mental Hospital in India - Tulasi Healthcare,49,"Tulasi Healthcare is no 1 network of mental hospital in india, offering state-of-the-art facilities, and holistic treatment for mental illness",142,https://www.tulasihealthcare.com/mental-hospital-in-india/,true,"index, follow, max-image-preview:large, max-snippet:-1, max-video-preview:-1",1,Mental Hospital In India,38,2081,2128,3,0,28,1,WebPage ImageObject BreadcrumbList WebSite Organization Psychiatric,2026-01-19T06:58:50+00:00
https://www.tulasihealthcare.com/mental-hospital-near-me/,/mental-hospital-near-me/,service,page-sitemap,200,,Mental Hospital Near Me - Tulasi Healthcare,43,Looking for a mental hospital near me? Tulasi Healthcare is here to support your mental health. Call us : 8800000255,116,https://www.tulasihealthcare.com/mental-hospital-near-me/,true,"index, follow, max-image-preview:large, max-snippet:-1, max-video-preview:-1",1,Mental Hospital Near Me,17,2065,2073,3,0,29,1,WebPage ImageObject BreadcrumbList WebSite Organization Psychiatric,2026-01-19T06:59:57+00:00
https://www.tulasihealthcare.com/mission-vision/,/mission-vision/,other,page-sitemap,200,,Mission & Vision - Tulasi Healthcare,36,,0,https://www.tulasihealthcare.com/mission-vision/,true,"index, follow, max-image-preview:large, max-snippet:-1, max-video-preview:-1",1,Mission & Vision,5,399,400,2,0,1,0,WebPage ImageObject BreadcrumbList WebSite Organization Psychiatric,2026-01-19T07:01:21+00:00
https://www.tulasihealthcare.com/modified-electroconvulsive-therapy/,/modified-electroconvulsive-therapy/,service,page-sitemap,200,,Modified Electroconvulsive Therapy - Tulasi Healthcare,54,"Modified Electroconvulsive Therapy (MECT) is a treatment modality in Psychiatry, which involves administration of a small electric charge.",138,https://www.tulasihealthcare.com/modified-electroconvulsive-therapy/,true,"index, follow, max-image-preview:large, max-snippet:-1, max-video-preview:-1",2,Modified Electroconvulsive Therapy | Modified Electroconvulsive Therapy (M ECT),14,766,793,1,0,6,1,WebPage ImageObject BreadcrumbList WebSite Organization Psychiatric,2026-01-19T07:02:15+00:00
https://www.tulasihealthcare.com/nasha-mukti-kendra-in-ludhiana/,/nasha-mukti-kendra-in-ludhiana/,service-addiction,page-sitemap,200,,Nasha Mukti Kendra in Ludhiana - Tulasi Healthcare,50,Tulasi healthcare is the best Nasha Mukti Kendra in Ludhiana for drugs and alcohol addiction treatment. Contact us today!,121,https://www.tulasihealthcare.com/nasha-mukti-kendra-in-ludhiana/,true,"index, follow, max-image-preview:large, max-snippet:-1, max-video-preview:-1",1,Nasha Mukti Kendra in Ludhiana,14,1117,1124,3,0,25,0,WebPage ImageObject BreadcrumbList WebSite Organization Product Psychiatric,2026-01-19T07:03:04+00:00
https://www.tulasihealthcare.com/obsessive-compulsive-disorder-treatment/,/obsessive-compulsive-disorder-treatment/,condition,page-sitemap,200,,Obsessive Compulsive Disorder (OCD) Treatment in Delhi Gurgaon,62,"Tulasi Healthcare, leading rehabilitation center dealing with patients who are suffering from Obsessive Compulsive Disorder (OCD). Call now!",140,https://www.tulasihealthcare.com/obsessive-compulsive-disorder-treatment/,true,"index, follow, max-image-preview:large, max-snippet:-1, max-video-preview:-1",1,Obsessive Compulsive Disorder Treatment,16,1647,1658,3,0,7,0,WebPage ImageObject BreadcrumbList WebSite Organization FAQPage Product Psychiatric,2026-01-19T07:05:15+00:00
https://www.tulasihealthcare.com/palliative-care-for-dementia/,/palliative-care-for-dementia/,condition,page-sitemap,200,,Palliative Care for Dementia - Tulasi Healthcare,48,"At Tulasi Healthcare, our palliative care strategies shine through with a dedicated staff and team. Since many of our audience is still looking and acquiring knowledge about palliative care and intricacies for dementia, let’s discuss the basics first.",251,https://www.tulasihealthcare.com/palliative-care-for-dementia/,true,"index, follow, max-image-preview:large, max-snippet:-1, max-video-preview:-1",1,Palliative Care for Dementia,14,1975,1985,2,0,3,1,WebPage ImageObject BreadcrumbList WebSite Organization Psychiatric,2026-01-19T07:06:08+00:00
https://www.tulasihealthcare.com/rehabilitation-centres-for-chronic-mental-illnesses/,/rehabilitation-centres-for-chronic-mental-illnesses/,service,page-sitemap,200,,Rehabilitation Centre for Chronic Mental Illnesses - Tulasi Healthcare,70,Tulasi Healthcare is the best rehabilitation centre for chronic mental illness. For further details contact us at: 8800000255,125,https://www.tulasihealthcare.com/rehabilitation-centres-for-chronic-mental-illnesses/,true,"index, follow, max-image-preview:large, max-snippet:-1, max-video-preview:-1",1,Rehabilitation Centre for Chronic Mental Illnesses,21,1453,1466,3,0,27,0,WebPage ImageObject BreadcrumbList WebSite Organization Product Psychiatric,2026-01-19T07:39:25+00:00
https://www.tulasihealthcare.com/rehabilitation-centre-in-aizawl/,/rehabilitation-centre-in-aizawl/,service,page-sitemap,200,,Rehabilitation Centre in Aizawl - Tulasi Healthcare,51,"At our rehabilitation centre in Aizawl, we provide expert care and personalized treatment plans in a caring environment. Contact us today",137,https://www.tulasihealthcare.com/rehabilitation-centre-in-aizawl/,true,"index, follow, max-image-preview:large, max-snippet:-1, max-video-preview:-1",1,Rehabilitation Centre in Aizawl,15,1180,1184,3,0,33,0,WebPage ImageObject BreadcrumbList WebSite Organization FAQPage Product Psychiatric,2026-01-19T07:40:16+00:00
https://www.tulasihealthcare.com/rehabilitation-centre-in-faridabad/,/rehabilitation-centre-in-faridabad/,local-landing,page-sitemap,200,,Rehabilitation centre in Faridabad - Tulasi Healthcare,54,Tulasi Healthcare as one of the best rehabilitation centre in Faridabad helps over 2 lakh patients. Connect with us today for the treatment.,140,https://www.tulasihealthcare.com/rehabilitation-centre-in-faridabad/,true,"index, follow, max-image-preview:large, max-snippet:-1, max-video-preview:-1",1,Rehabilitation centre in Faridabad,16,1166,1177,3,0,27,1,WebPage ImageObject BreadcrumbList WebSite Organization FAQPage Product Psychiatric,2026-01-19T07:41:54+00:00
https://www.tulasihealthcare.com/rehabilitation-centre-in-guwahati/,/rehabilitation-centre-in-guwahati/,service,page-sitemap,200,,Rehabilitation Centre in Guwahati - Tulasi Healthcare,53,Tulasi healthcare is a trusted rehabilitation centre in Guwahati for the addiction and psychiatric disorders. Connect us now,124,https://www.tulasihealthcare.com/rehabilitation-centre-in-guwahati/,true,"index, follow, max-image-preview:large, max-snippet:-1, max-video-preview:-1",1,Rehabilitation Centre in Guwahati,15,1148,1149,3,0,25,0,WebPage ImageObject BreadcrumbList WebSite Organization FAQPage Product Psychiatric,2026-01-19T07:42:24+00:00
https://www.tulasihealthcare.com/rehabilitation-centre-in-haryana/,/rehabilitation-centre-in-haryana/,service,page-sitemap,200,,Rehabilitation Centre in Haryana - Tulasi Healthcare,52,Tulasi Healthcare rehabilitation centre in Haryana is equipped to handle each alternate possibility that comes with issues like addiction.,138,https://www.tulasihealthcare.com/rehabilitation-centre-in-haryana/,true,"index, follow, max-image-preview:large, max-snippet:-1, max-video-preview:-1",1,Rehabilitation Centre in Haryana,20,1135,1149,3,0,32,0,WebPage ImageObject BreadcrumbList WebSite Organization FAQPage Product Psychiatric,2026-01-19T07:43:17+00:00
https://www.tulasihealthcare.com/rehabilitation-centre-in-imphal/,/rehabilitation-centre-in-imphal/,service,page-sitemap,200,,Rehabilitation Centre in Imphal - Tulasi Healthcare,51,"Rehabilitation centre in Imphal offering specialized physical therapy, addiction recovery, and mental health services. call now.",128,https://www.tulasihealthcare.com/rehabilitation-centre-in-imphal/,true,"index, follow, max-image-preview:large, max-snippet:-1, max-video-preview:-1",1,Rehabilitation Centre in Imphal,15,1091,1090,3,0,25,0,WebPage ImageObject BreadcrumbList WebSite Organization FAQPage Product Psychiatric,2026-01-19T07:44:17+00:00
https://www.tulasihealthcare.com/rehabilitation-centre-in-india/,/rehabilitation-centre-in-india/,local-landing,page-sitemap,200,,Rehabilitation Centre in India - Tulasi Healthcare,50,Rehabilitation centre in India helps in the process of enhancing the recovery of individuals with severe mental illness and addiction,133,https://www.tulasihealthcare.com/rehabilitation-centre-in-india/,true,"index, follow, max-image-preview:large, max-snippet:-1, max-video-preview:-1",1,Rehabilitation Centre in India,15,1871,1882,3,0,31,1,WebPage ImageObject BreadcrumbList WebSite Organization FAQPage Product Psychiatric,2026-01-19T07:45:09+00:00
https://www.tulasihealthcare.com/rehabilitation-centre-in-jaipur/,/rehabilitation-centre-in-jaipur/,service,page-sitemap,200,,Rehabilitation Centre in Jaipur - Tulasi Healthcare,51,Tulasi Healthcare is the best rehabilitation centre in Jaipur & provides treatment for addiction disorders and psychiatric disorders. Call us.,142,https://www.tulasihealthcare.com/rehabilitation-centre-in-jaipur/,true,"index, follow, max-image-preview:large, max-snippet:-1, max-video-preview:-1",1,Rehabilitation Centre in Jaipur,23,1341,1359,8,1,34,2,WebPage ImageObject BreadcrumbList WebSite Organization FAQPage Product Psychiatric,2026-01-20T06:02:53+00:00
https://www.tulasihealthcare.com/rehabilitation-centre-in-jammu/,/rehabilitation-centre-in-jammu/,service,page-sitemap,200,,Rehabilitation centre in Jammu - Tulasi Healthcare,50,Tulasi Healthcare is a leading rehabilitation centre in Jammu and nasha mukti kendra in Jammu for the treatment of addiction and chronic mental illness.,152,https://www.tulasihealthcare.com/rehabilitation-centre-in-jammu/,true,"index, follow, max-image-preview:large, max-snippet:-1, max-video-preview:-1",1,Rehabilitation centre in Jammu,20,2068,2078,3,0,28,0,WebPage ImageObject BreadcrumbList WebSite Organization Psychiatric,2026-01-20T06:03:41+00:00
https://www.tulasihealthcare.com/rehabilitation-centre-in-lucknow/,/rehabilitation-centre-in-lucknow/,service,page-sitemap,200,,Rehabilitation centre in Lucknow - Tulasi Healthcare,52,Our leading de addiction rehabilitation center in Lucknow is thoroughly equipped for handling every type of problems that an addict face.,137,https://www.tulasihealthcare.com/rehabilitation-centre-in-lucknow/,true,"index, follow, max-image-preview:large, max-snippet:-1, max-video-preview:-1",1,Rehabilitation centre in Lucknow,24,1382,1404,3,0,34,1,WebPage ImageObject BreadcrumbList WebSite Organization FAQPage Product Psychiatric,2026-01-20T06:03:56+00:00
https://www.tulasihealthcare.com/rehabilitation-centre-in-rohtak/,/rehabilitation-centre-in-rohtak/,service,page-sitemap,200,,Rehabilitation Centre in Rohtak - Tulasi Healthcare,51,Tulasi Healthcare stand as one of the few best rehabilitation centre in Rohtak that has proved its mettle with the most exclusive care plans.,141,https://www.tulasihealthcare.com/rehabilitation-centre-in-rohtak/,true,"index, follow, max-image-preview:large, max-snippet:-1, max-video-preview:-1",1,Rehabilitation Centre in Rohtak,19,1170,1182,3,0,33,0,WebPage ImageObject BreadcrumbList WebSite Organization FAQPage Product Psychiatric,2026-01-20T06:27:22+00:00
https://www.tulasihealthcare.com/relapse-prevention/,/relapse-prevention/,other,page-sitemap,200,,Relapse Prevention Strategy | Tulasi Healthcare,47,Relapse Prevention: Tulasi offers best aftercare program for individuals suffering from addiction problems in Delhi. Call us at 9891006875 for help.,148,https://www.tulasihealthcare.com/relapse-prevention/,true,"index, follow, max-image-preview:large, max-snippet:-1, max-video-preview:-1",1,Relapse Prevention,7,452,461,2,0,3,0,WebPage ImageObject BreadcrumbList WebSite Organization Psychiatric,2026-01-20T06:29:36+00:00
https://www.tulasihealthcare.com/sexologist-in-gurgaon/,/sexologist-in-gurgaon/,local-landing,page-sitemap,200,,Consult with Best Sexologist in Gurgaon | Tulasi Healthcare,59,Tulasi Healthcare Consult the best sexologist in Gurgaon for expert advice and treatment of sexual health concerns.,115,https://www.tulasihealthcare.com/sexologist-in-gurgaon/,true,"index, follow, max-image-preview:large, max-snippet:-1, max-video-preview:-1",1,Sexologist in Gurgaon,15,1965,1975,1,0,3,1,WebPage ImageObject BreadcrumbList WebSite Organization Psychiatric,2026-01-20T06:30:29+00:00
https://www.tulasihealthcare.com/smoking-cessation/,/smoking-cessation/,service-addiction,page-sitemap,200,,"Smoking Cessation, Tobacco addiction treatment hospital-Tulasi Healthcare",73,Complete and adequate treatment for smoking addiction is presently available at Tulasi Healthcare. We have trained staff for dTMS therapy,137,https://www.tulasihealthcare.com/smoking-cessation/,true,"index, follow, max-image-preview:large, max-snippet:-1, max-video-preview:-1",1,"Smoking Cessation Hospital in Gurgaon, Delhi NCR",15,1201,1222,1,0,4,0,WebPage ImageObject BreadcrumbList WebSite Organization Psychiatric,2026-01-20T06:31:15+00:00
https://www.tulasihealthcare.com/stroke-rehabilitation/,/stroke-rehabilitation/,service,page-sitemap,200,,Post Stroke Rehabilitation Care Centre - Tulasi Healthcare,58,Tulasi Healthcare stroke rehabilitation centre offers recovery focused on helping people regain their lives after a brain stroke.,129,https://www.tulasihealthcare.com/stroke-rehabilitation/,true,"index, follow, max-image-preview:large, max-snippet:-1, max-video-preview:-1",2,Stroke Rehabilitation | Stroke Rehabilitation: a new Pathway to Independence and Recovery,12,1254,1263,2,1,4,0,WebPage ImageObject BreadcrumbList WebSite Organization Psychiatric,2026-01-20T06:31:43+00:00
https://www.tulasihealthcare.com/treatment-of-dementia/,/treatment-of-dementia/,condition,page-sitemap,200,,Treatment Of Dementia - Tulasi Healthcare,41,Doctors at psychiatric hospitals most likely will administer many pathological tests to zero in on and accurately diagnose the actual problem.,142,https://www.tulasihealthcare.com/treatment-of-dementia/,true,"index, follow, max-image-preview:large, max-snippet:-1, max-video-preview:-1",1,Treatment Of Dementia,13,981,989,3,0,2,0,WebPage ImageObject BreadcrumbList WebSite Organization Psychiatric,2026-01-20T06:32:31+00:00
https://www.tulasihealthcare.com/virtual-reality-therapy/,/virtual-reality-therapy/,service,page-sitemap,200,,Virtual Reality Therapy - Tulasi Healthcare,43,"Understanding VR therapy involves immersing patients in computer-generated 3D environments, simulating real-life scenarios.",123,https://www.tulasihealthcare.com/virtual-reality-therapy/,true,"index, follow, max-image-preview:large, max-snippet:-1, max-video-preview:-1",1,Virtual Reality Therapy,10,683,686,1,0,3,0,WebPage ImageObject BreadcrumbList WebSite Organization Psychiatric,2026-01-20T06:33:42+00:00
https://www.tulasihealthcare.com/videos/,/videos/,other,page-sitemap,200,,Tulasi Healthcare Best Psychiatric Hospital - Videos - Tulasi Healthcare,72,"Watch tulasi healthcare video to get more information on schizophrenia, bipolar, OCD, personality disorder, depression and addiction disorder.",142,https://www.tulasihealthcare.com/videos/,true,"index, follow, max-image-preview:large, max-snippet:-1, max-video-preview:-1",1,Tulasi Healthcare Best Psychiatric Hospital – Videos,2,60,54,0,0,13,1,WebPage BreadcrumbList WebSite Organization Psychiatric,2026-01-20T06:33:45+00:00
https://www.tulasihealthcare.com/treatment-of-problem-drinking/,/treatment-of-problem-drinking/,service,page-sitemap,200,,Problem Drinking Solution by Tulasi Healthcare,46,Tulasi Healthcare offers best treatment for tackling alcohol drinking problems by counseling and medication in Delhi. Call us now!,130,https://www.tulasihealthcare.com/treatment-of-problem-drinking/,true,"index, follow, max-image-preview:large, max-snippet:-1, max-video-preview:-1",1,Treatment Of Problem Drinking,8,594,603,2,0,4,0,WebPage ImageObject BreadcrumbList WebSite Organization Psychiatric,2026-01-20T06:33:47+00:00
https://www.tulasihealthcare.com/liver-cirrhosis/,/liver-cirrhosis/,other,page-sitemap,200,,Liver Cirrhosis - Tulasi Healthcare,35,Tulasi Healthcare is a psychiatric hospital and rehabilitation provides treatment and management of live cirrhosis.,115,https://www.tulasihealthcare.com/liver-cirrhosis/,true,"index, follow, max-image-preview:large, max-snippet:-1, max-video-preview:-1",1,Liver Cirrhosis,7,719,728,1,0,8,1,WebPage ImageObject BreadcrumbList WebSite Organization Psychiatric,2026-02-26T07:46:24+00:00
https://www.tulasihealthcare.com/internship/,/internship/,other,page-sitemap,200,,Internship Opportunities At Tulasi Healthcare - Tulasi Healthcare,65,Tulasi Healthcare offers internship program for all psychology students with golden opportunity to hone their their skills. Apply Now.,134,https://www.tulasihealthcare.com/internship/,true,"index, follow, max-image-preview:large, max-snippet:-1, max-video-preview:-1",1,Internship Opportunities At Tulasi Healthcare,11,663,684,0,0,3,2,WebPage BreadcrumbList WebSite Organization Psychiatric,2026-03-30T10:14:19+00:00
https://www.tulasihealthcare.com/rehab-centre-in-gurgaon/,/rehab-centre-in-gurgaon/,local-landing,page-sitemap,200,,Rehab Centre in Gurgaon - Tulasi Healthcare,43,"Tulasi Healthcare is the best rehab centre in Gurgaon. Inaugurated in November 2020, the 125 bedded modern facility has best infrastructure.",140,https://www.tulasihealthcare.com/rehab-centre-in-gurgaon/,true,"index, follow, max-image-preview:large, max-snippet:-1, max-video-preview:-1",1,Rehab Centre in Gurgaon,31,2745,2778,6,0,21,1,WebPage ImageObject BreadcrumbList WebSite Organization Psychiatric,2026-05-11T04:34:27+00:00
https://www.tulasihealthcare.com/counsellor-near-me/,/counsellor-near-me/,other,page-sitemap,200,,Counsellor Near Me – Tulasi Healthcare,38,Looking for a counsellor near me? Connect with professional mental health experts at Tulasi Healthcare and get support today.,125,https://www.tulasihealthcare.com/counsellor-near-me/,true,"index, follow, max-image-preview:large, max-snippet:-1, max-video-preview:-1",1,Best Counsellor Near Me,26,1479,1498,11,0,35,0,WebPage ImageObject BreadcrumbList WebSite Organization Psychiatric,2026-06-23T04:46:23+00:00
https://www.tulasihealthcare.com/psychologist-in-chandigarh/,/psychologist-in-chandigarh/,other,page-sitemap,200,,Psychologist in Chandigarh - Mental Health Experts - Tulasi Healthcare,70,"Find the best psychologist in Chandigarh for anxiety, depression, couples, child therapy, and more. Book licensed RCI experts today.",132,https://www.tulasihealthcare.com/psychologist-in-chandigarh/,true,"index, follow, max-image-preview:large, max-snippet:-1, max-video-preview:-1",1,Psychologist in Chandigarh – Mental Health Experts,51,2511,2577,14,0,16,0,WebPage ImageObject BreadcrumbList WebSite Organization,2026-07-16T06:21:18+00:00
https://www.tulasihealthcare.com/rehabilitation-centre/,/rehabilitation-centre/,service,page-sitemap,200,,Best Rehabilitation Centre for Alcohol & Drug Addiction Treatment,65,Tulasi Healthcare is a top rehabilitation centre for the treatment of alcohol and drug addiction by a highly trained team of professionals.,139,https://www.tulasihealthcare.com/rehabilitation-centre/,true,"index, follow, max-image-preview:large, max-snippet:-1, max-video-preview:-1",1,Rehabilitation Centre,34,2850,2868,9,6,35,0,WebPage ImageObject BreadcrumbList WebSite Organization Product FAQPage Psychiatric,2026-07-28T09:43:34+00:00
https://www.tulasihealthcare.com/rehabilitation-centre-in-chandigarh/,/rehabilitation-centre-in-chandigarh/,service,page-sitemap,200,,Best Rehabilitation Centre in Chandigarh | Tulasi Healthcare,60,Tulasi Healthcare is a best rehabilitation centre in Chandigarh for the treatment of psychiatric and addiction disorders. Connect with us.,138,https://www.tulasihealthcare.com/rehabilitation-centre-in-chandigarh/,true,"index, follow, max-image-preview:large, max-snippet:-1, max-video-preview:-1",1,Rehabilitation Centre in Chandigarh,47,843,853,39,31,66,1,WebPage ImageObject BreadcrumbList WebSite Organization Product Psychiatric,2026-07-28T10:39:39+00:00
https://www.tulasihealthcare.com/rehabilitation-centre-in-panipat/,/rehabilitation-centre-in-panipat/,service,page-sitemap,200,,Rehabilitation Centre in Panipat - Tulasi Healthcare,52,Tulasi Healthcare is a best rehabilitation centre in Panipat. Tulasi Healthcare provides holistic treatment for addiction and mental disorders,142,https://www.tulasihealthcare.com/rehabilitation-centre-in-panipat/,true,"index, follow, max-image-preview:large, max-snippet:-1, max-video-preview:-1",1,Rehabilitation Centre in Panipat,20,1198,1210,3,0,39,0,WebPage ImageObject BreadcrumbList WebSite Organization FAQPage Product Psychiatric,2026-07-28T10:54:42+00:00
https://www.tulasihealthcare.com/rehabilitation-centre-in-meerut/,/rehabilitation-centre-in-meerut/,service,page-sitemap,200,,Rehabilitation Centre in Meerut - Tulasi Healthcare,51,Our de addiction rehabilitation centre in Meerut provides holistic treatment for psychiatric and addiction disorders. Connect with us..,135,https://www.tulasihealthcare.com/rehabilitation-centre-in-meerut/,true,"index, follow, max-image-preview:large, max-snippet:-1, max-video-preview:-1",1,Rehabilitation Centre in Meerut,21,1189,1198,3,0,39,0,WebPage ImageObject BreadcrumbList WebSite Organization FAQPage Product Psychiatric,2026-07-31T07:46:21+00:00
https://www.tulasihealthcare.com/schizophrenia-treatment-delhi-gurgaon-ncr/,/schizophrenia-treatment-delhi-gurgaon-ncr/,condition,page-sitemap,200,,Schizophrenia Rehabilitation Treatment Centre in Delhi Gurgaon,62,"At Tualsi Health Care, We believe in treating Schizophrenia patients with care and compassion. Call +91-8800000255 for Schizophrenia.",133,https://www.tulasihealthcare.com/schizophrenia-treatment-delhi-gurgaon-ncr/,true,"index, follow, max-image-preview:large, max-snippet:-1, max-video-preview:-1",2,"Schizophrenia Treatment in Delhi Gurgaon & NCR | Treatment of Schizophrenia in Delhi, Gurgaon & NCR",34,1288,1313,9,0,40,1,WebPage ImageObject BreadcrumbList WebSite Organization FAQPage Product Psychiatric,2026-07-31T07:56:08+00:00
https://www.tulasihealthcare.com/bipolar-disorder-treatment-delhi-gurgaon/,/bipolar-disorder-treatment-delhi-gurgaon/,condition,page-sitemap,200,,Bipolar Disorder Treatment in Delhi Gurgaon | Tulasi Healthcare,63,Tulasi psychiatric hospital provides Bipolar Disorder treatment under supervision of highly skilled team of psychologists and psychiatrists.,140,https://www.tulasihealthcare.com/bipolar-disorder-treatment-delhi-gurgaon/,true,"index, follow, max-image-preview:large, max-snippet:-1, max-video-preview:-1",1,Bipolar Disorder Treatment in Delhi Gurgaon NCR,27,1474,1492,3,0,31,0,WebPage ImageObject BreadcrumbList WebSite Organization Psychiatric,2026-07-31T07:59:55+00:00
https://www.tulasihealthcare.com/treatment-of-personality-disorders/,/treatment-of-personality-disorders/,condition,page-sitemap,200,,TREATMENT OF PERSONALITY DISORDERS - Tulasi Best Psychiatrists Rehabilitation & Rehab Centre Delhi India,104,"A personality disorder is a type of mental disorder in which one develops a rigid and unhealthy pattern of thinking, functioning and behaving.",142,https://www.tulasihealthcare.com/treatment-of-personality-disorders/,true,"index, follow, max-image-preview:large, max-snippet:-1, max-video-preview:-1",1,Treatment Of Personality Disorders,14,550,564,2,0,32,1,WebPage ImageObject BreadcrumbList WebSite Organization Psychiatric,2026-07-31T08:09:05+00:00
https://www.tulasihealthcare.com/rehabilitation-centre-in-sirsa/,/rehabilitation-centre-in-sirsa/,service,page-sitemap,200,,Rehabilitation Centre in Sirsa - Tulasi Healthcare,50,Our rehabilitation centre in Sirsa provides holistic treatment for the addiction and psychiatric disorders. Connect with us today.,130,https://www.tulasihealthcare.com/rehabilitation-centre-in-sirsa/,true,"index, follow, max-image-preview:large, max-snippet:-1, max-video-preview:-1",1,Rehabilitation Centre in Sirsa,16,1162,1171,3,0,34,0,WebPage ImageObject BreadcrumbList WebSite Organization FAQPage Product Psychiatric,2026-07-31T08:50:39+00:00
https://www.tulasihealthcare.com/rehabilitation-center-in-kanpur/,/rehabilitation-center-in-kanpur/,service,page-sitemap,200,,Rehabilitation Center in Kanpur - Tulasi Healthcare,51,Tulasi healthcare offers top rehabilitation center in kanpur. contact us now for more information: 8800000255,109,https://www.tulasihealthcare.com/rehabilitation-center-in-kanpur/,true,"index, follow, max-image-preview:large, max-snippet:-1, max-video-preview:-1",1,Rehabilitation Center in Kanpur,18,1097,1108,3,0,32,0,WebPage ImageObject BreadcrumbList WebSite Organization FAQPage Product,2026-07-31T08:53:15+00:00
https://www.tulasihealthcare.com/rehabilitation-center-in-dehradun/,/rehabilitation-center-in-dehradun/,service,page-sitemap,200,,Rehabilitation center in Dehradun - Tulasi Healthcare,53,Tulasi healthcare is the best rehabilitation center in Dehradun. we offer personalized care and a peaceful environment to help you recover faster.,146,https://www.tulasihealthcare.com/rehabilitation-center-in-dehradun/,true,"index, follow, max-image-preview:large, max-snippet:-1, max-video-preview:-1",1,Rehabilitation center in Dehradun,21,1132,1141,3,0,36,0,WebPage ImageObject BreadcrumbList WebSite Organization FAQPage Product Psychiatric,2026-07-31T08:55:07+00:00
https://www.tulasihealthcare.com/depression/,/depression/,condition,page-sitemap,200,,Depression Treatment in Gurgaon & Delhi NCR - Tulasi Healthcare,63,"Struggling with depression? Tulasi Healthcare offers expert care in Gurgaon & Delhi NCR—therapy, medication, holistic support. Book today.",138,https://www.tulasihealthcare.com/depression/,true,"index, follow, max-image-preview:large, max-snippet:-1, max-video-preview:-1",1,Depression Treatment in Gurgaon & Delhi NCR,39,2753,2778,13,0,41,1,WebPage ImageObject BreadcrumbList WebSite Organization,2026-07-31T09:10:41+00:00
https://www.tulasihealthcare.com/psychiatric-mental-hospital-in-delhi/,/psychiatric-mental-hospital-in-delhi/,local-landing,page-sitemap,200,,Best Psychiatric Mental Hospital in Delhi NCR | Tulasi Healthcare,65,"Tulasi Healthcare is the top psychiatric mental hospital in Delhi NCR, offering expert care and personalized treatment.",119,https://www.tulasihealthcare.com/psychiatric-mental-hospital-in-delhi/,true,"index, follow, max-image-preview:large, max-snippet:-1, max-video-preview:-1",1,Psychiatric Mental Hospital IN Delhi / NCR,16,814,816,4,0,31,1,WebPage ImageObject BreadcrumbList WebSite Organization Product FAQPage,2026-07-31T09:17:10+00:00
https://www.tulasihealthcare.com/child-psychiatry-hospital-services/,/child-psychiatry-hospital-services/,service,page-sitemap,200,,Best Child Psychiatrist in Gurgaon & Delhi NCR | - Tulasi Healthcare,68,"Find the best child psychiatrist in Gurgaon & Delhi NCR for ADHD, autism, anxiety, behavioural and emotional problems in children and teens.",140,https://www.tulasihealthcare.com/child-psychiatry-hospital-services/,true,"index, follow, max-image-preview:large, max-snippet:-1, max-video-preview:-1",1,Child & Adolescent Psychiatric Services,20,1416,1433,6,0,7,0,WebPage ImageObject BreadcrumbList WebSite Organization MedicalOrganization LocalBusiness MedicalClinic MedicalWebPage Service MedicalCondition ItemList FAQPage,2026-08-03T04:51:37+00:00
https://www.tulasihealthcare.com/adhd-treatment/,/adhd-treatment/,condition,page-sitemap,200,,ADHD Treatment in Gurgaon & Delhi NCR - Tulasi Healthcare,57,"Looking for ADHD treatment in Gurgaon & Delhi NCR? Tulasi Healthcare offers expert diagnosis, therapy, counselling, and ongoing support.",136,https://www.tulasihealthcare.com/adhd-treatment/,true,"index, follow, max-image-preview:large, max-snippet:-1, max-video-preview:-1",1,ADHD Treatment in Gurgaon & Delhi NCR,36,2247,2291,6,0,9,0,WebPage ImageObject BreadcrumbList WebSite Organization MedicalOrganization LocalBusiness MedicalClinic MedicalWebPage Service MedicalCondition ItemList FAQPage,2026-08-03T04:51:51+00:00
https://www.tulasihealthcare.com/autism-spectrum-disorder/,/autism-spectrum-disorder/,condition,page-sitemap,200,,Autism Diagnosis and Treatment in Gurgaon & Delhi NCR - Tulasi Healthcare,73,"Looking for autism treatment in Gurgaon & Delhi NCR? Get expert diagnosis, therapy, and personalised child development support for early intervention.",150,https://www.tulasihealthcare.com/autism-spectrum-disorder/,true,"index, follow, max-image-preview:large, max-snippet:-1, max-video-preview:-1",2,Autism Diagnosis and Treatment in Gurgaon & Delhi NCR | Autism Spectrum Disorder (ASD): A Complete Guide,35,2079,2121,6,1,8,0,WebPage ImageObject BreadcrumbList WebSite Organization MedicalOrganization LocalBusiness MedicalClinic MedicalWebPage Service MedicalCondition ItemList FAQPage,2026-08-03T04:52:13+00:00
https://www.tulasihealthcare.com/psychologist-in-gurgaon/,/psychologist-in-gurgaon/,local-landing,page-sitemap,200,,Psychologist in Gurgaon - Tulasi Healthcare,43,"Find expert psychologist in Gurgaon offering specialized therapy for stress, anxiety, and emotional well-being. Book your consultation today.",141,https://www.tulasihealthcare.com/psychologist-in-gurgaon/,true,"index, follow, max-image-preview:large, max-snippet:-1, max-video-preview:-1",1,Psychologist in Gurgaon – Expert Mental Health Care,68,3135,3178,13,0,61,1,WebPage ImageObject BreadcrumbList WebSite Organization Psychiatric,2026-08-04T10:29:28+00:00
https://www.tulasihealthcare.com/iq-testing/,/iq-testing/,other,page-sitemap,200,,IQ Testing in Gurgaon | Expert IQ Test for Children & Adults​ - Tulasi Healthcare,81,"Get expert IQ Testing in Gurgaon for children & adults at Tulasi Healthcare. Accurate IQ tests, cognitive assessments & personalized guidance.",142,https://www.tulasihealthcare.com/iq-testing/,true,"index, follow, max-image-preview:large, max-snippet:-1, max-video-preview:-1",1,IQ Testing in Gurgaon | Expert IQ Test for Children & Adults​,47,2230,2301,1,0,3,0,WebPage ImageObject BreadcrumbList WebSite Organization,2026-08-06T10:09:17+00:00
https://www.tulasihealthcare.com/ocd-treatment-in-delhi/,/ocd-treatment-in-delhi/,local-landing,page-sitemap,200,,OCD treatment centre in Delhi | Tulasi Healthcare,49,Tulasi Healthcare is an OCD treatment center in Delhi where we have the most experienced team of healthcare professionals for OCD treatment.,140,https://www.tulasihealthcare.com/ocd-treatment-in-delhi/,true,"index, follow, max-image-preview:large, max-snippet:-1, max-video-preview:-1",1,OCD Treatment in Delhi,16,1438,1455,2,0,32,1,WebPage ImageObject BreadcrumbList WebSite Organization,2026-08-07T05:18:40+00:00
https://www.tulasihealthcare.com/ocd-treatment-in-india/,/ocd-treatment-in-india/,local-landing,page-sitemap,200,,Best OCD Treatment in India - Tulasi Healthcare,47,Connect Tulasi healthcare for best OCD treatment in India. For more information contact us today: 8800000255,108,https://www.tulasihealthcare.com/ocd-treatment-in-india/,true,"index, follow, max-image-preview:large, max-snippet:-1, max-video-preview:-1",1,Best OCD Treatment in India,16,1334,1339,3,0,30,2,WebPage ImageObject BreadcrumbList WebSite Organization FAQPage Product Psychiatric,2026-08-07T05:29:59+00:00
https://www.tulasihealthcare.com/dementia-treatment-clinic-in-gurgaon/,/dementia-treatment-clinic-in-gurgaon/,local-landing,page-sitemap,200,,Dementia Treatment Clinic in Gurgaon - Tulasi Healthcare,56,"If you or a loved one is dealing with dementia, seeking expert Dementia treatment clinic in Gurgaon can be the first step toward better care.",141,https://www.tulasihealthcare.com/dementia-treatment-clinic-in-gurgaon/,true,"index, follow, max-image-preview:large, max-snippet:-1, max-video-preview:-1",1,Dementia Treatment Clinic in Gurgaon,22,2178,2188,8,0,22,0,WebPage ImageObject BreadcrumbList WebSite Organization Psychiatric,2026-08-07T11:21:56+00:00
https://www.tulasihealthcare.com/dementia-treatment-in-india/,/dementia-treatment-in-india/,local-landing,page-sitemap,200,,Dementia treatment in India - Tulasi Healthcare,47,Many individuals struggle to find the right dementia treatment in India. Connect with Tulasi Healthcare is best dementia care centre in india.,142,https://www.tulasihealthcare.com/dementia-treatment-in-india/,true,"index, follow, max-image-preview:large, max-snippet:-1, max-video-preview:-1",1,Dementia treatment in India,26,2192,2203,7,0,20,0,WebPage ImageObject BreadcrumbList WebSite Organization Psychiatric,2026-08-07T11:27:37+00:00
https://www.tulasihealthcare.com/autism-care-centre/,/autism-care-centre/,condition,page-sitemap,200,,Autism Care Centre in Gurgaon - Tulasi Healthcare,49,"Looking for autism care in Gurgaon? Get structured full-day care, therapy support, sensory-friendly spaces and personalised care at Tulasi.",139,https://www.tulasihealthcare.com/autism-care-centre/,true,"index, follow, max-image-preview:large, max-snippet:-1, max-video-preview:-1",1,Autism Care Centre in Gurgaon,53,2142,2221,7,0,7,0,WebPage ImageObject BreadcrumbList WebSite Organization,2026-08-12T10:44:42+00:00
https://www.tulasihealthcare.com/best-psychologist-in-india/,/best-psychologist-in-india/,local-landing,page-sitemap,200,,Best Psychologist in India - Tulasi Healthcare,46,"Find the best psychologist in India with this guide to therapy, mental health support, and choosing the right expert for your needs today.",138,https://www.tulasihealthcare.com/best-psychologist-in-india/,true,"index, follow, max-image-preview:large, max-snippet:-1, max-video-preview:-1",1,Best Psychologist in India,53,2567,2636,11,0,38,0,WebPage ImageObject BreadcrumbList WebSite Organization MedicalOrganization Hospital MedicalWebPage Service ItemList MedicalCondition FAQPage,2026-08-18T04:55:20+00:00
https://www.tulasihealthcare.com/psychologist-in-delhi/,/psychologist-in-delhi/,local-landing,page-sitemap,200,,Psychologist in Delhi | Mental Health Therapy – Tulasi Healthcare,65,"Find an RCI-registered psychologist in Delhi at Tulasi Healthcare for therapy, counseling, emotional well-being, and mental health support.",139,https://www.tulasihealthcare.com/psychologist-in-delhi/,true,"index, follow, max-image-preview:large, max-snippet:-1, max-video-preview:-1",1,Psychologist in Delhi – Therapy & Mental Health Care,53,3788,3841,15,6,38,1,WebPage ImageObject BreadcrumbList WebSite Organization,2026-09-02T07:14:17+00:00
https://www.tulasihealthcare.com/child-counsellor-near-me/,/child-counsellor-near-me/,other,page-sitemap,200,,Child Counsellor Near Me – Professional Counselling for Children - Tulasi Healthcare,84,"Find a trusted child counsellor near you for expert support with anxiety, behaviour, emotional issues, school stress, and confidence and more.",142,https://www.tulasihealthcare.com/child-counsellor-near-me/,true,"index, follow, max-image-preview:large, max-snippet:-1, max-video-preview:-1",1,Child Counsellor Near Me – Professional Counselling for Children,46,2017,2080,7,0,7,0,WebPage ImageObject BreadcrumbList WebSite Organization,2026-09-05T11:52:44+00:00
https://www.tulasihealthcare.com/child-psychologist/,/child-psychologist/,other,page-sitemap,200,,Child Psychologist in Gurgaon & Delhi - Tulasi Healthcare,57,"Find a trusted child psychologist in Gurgaon & Delhi for expert support with emotional, behavioural, developmental & learning concerns.",135,https://www.tulasihealthcare.com/child-psychologist/,true,"index, follow, max-image-preview:large, max-snippet:-1, max-video-preview:-1",1,Child Psychologist in Gurgaon & Delhi,49,2878,2945,7,1,13,0,WebPage ImageObject BreadcrumbList WebSite Organization MedicalOrganization LocalBusiness MedicalClinic MedicalWebPage Service MedicalCondition MedicalTherapy ItemList FAQPage,2026-09-05T11:54:09+00:00
https://www.tulasihealthcare.com/terms-of-use/,/terms-of-use/,legal,page-sitemap,200,,Terms of Use - Tulasi Healthcare,32,,0,https://www.tulasihealthcare.com/terms-of-use/,true,"index, follow, max-image-preview:large, max-snippet:-1, max-video-preview:-1",1,Terms of Use,3,3952,3912,0,0,1,0,WebPage BreadcrumbList WebSite Organization,2026-09-10T10:39:39+00:00
https://www.tulasihealthcare.com/privacy-policy/,/privacy-policy/,legal,page-sitemap,200,,Privacy Policy - Tulasi Healthcare,34,"Your privacy is very important to us. For the same reason, we have developed this Policy in order for you to interpret an understanding",135,https://www.tulasihealthcare.com/privacy-policy/,true,"index, follow, max-image-preview:large, max-snippet:-1, max-video-preview:-1",1,Privacy Policy,12,966,965,0,0,2,0,WebPage BreadcrumbList WebSite Organization,2026-09-10T11:42:32+00:00
https://www.tulasihealthcare.com/sitemap/,/sitemap/,other,page-sitemap,200,,Sitemap - Tulasi Healthcare,27,,0,https://www.tulasihealthcare.com/sitemap/,true,"index, follow, max-image-preview:large, max-snippet:-1, max-video-preview:-1",1,Sitemap,141,336,361,0,0,137,0,WebPage BreadcrumbList WebSite Organization,2026-09-15T05:30:19+00:00
https://www.tulasihealthcare.com/map-direction/,/map-direction/,location/contact,page-sitemap,200,,Map & Direction - Tulasi Healthcare,35,Get directions on the map for different locations of Tulasi Healthcare centres in Delhi and Gurgaon. Call us at +91-8800000255 for info.,136,https://www.tulasihealthcare.com/map-direction/,true,"index, follow, max-image-preview:large, max-snippet:-1, max-video-preview:-1",1,Map & Direction,8,123,127,0,0,1,6,WebPage BreadcrumbList WebSite Organization,2026-09-21T05:52:37+00:00
https://www.tulasihealthcare.com/deaddiction-centre/,/deaddiction-centre/,service-addiction,page-sitemap,200,,"Deaddiction Treatment Centre in Delhi NCR, Gurgaon & India",58,"Tulasi Healthcare: A Leading De-Addiction Treatment Centre in Delhi NCR, Gurgaon, and India. Contact us for the best de-addiction treatment",139,https://www.tulasihealthcare.com/deaddiction-centre/,true,"index, follow, max-image-preview:large, max-snippet:-1, max-video-preview:-1",1,"Best De-addiction Centre in Delhi, Gurgaon",45,1843,1884,16,0,40,1,WebPage ImageObject BreadcrumbList WebSite Organization MedicalOrganization MedicalBusiness MedicalClinic LocalBusiness MedicalWebPage Service Physician MedicalCondition FAQPage,2026-09-26T06:13:32+00:00
https://www.tulasihealthcare.com/mental-hospital-in-noida/,/mental-hospital-in-noida/,local-landing,page-sitemap,200,,Mental Hospital in Noida – Psychiatric & Mental Health Care - Tulasi Healthcare,79,"Mental Hospital in Noida offering expert psychiatric care, mental health treatment, therapy, addiction, and inpatient care for all ages.",136,https://www.tulasihealthcare.com/mental-hospital-in-noida/,true,"index, follow, max-image-preview:large, max-snippet:-1, max-video-preview:-1",1,Mental Hospital in Noida – Psychiatric & Mental Health Care,46,2400,2461,6,0,14,1,WebPage ImageObject BreadcrumbList WebSite Organization,2026-09-28T04:56:10+00:00
https://www.tulasihealthcare.com/rehabilitation-centre-in-noida/,/rehabilitation-centre-in-noida/,local-landing,page-sitemap,200,,Alcohol & Drug Rehabilitation Centre in Noida | Tulasi Healthcare,65,"Tulasi Healthcare is one of the best rehabilitation centre in Noida, our team of experts is renowned for the rehabilitation of addiction and addiction disorders.",161,https://www.tulasihealthcare.com/rehabilitation-centre-in-noida/,true,"index, follow, max-image-preview:large, max-snippet:-1, max-video-preview:-1",1,Rehabilitation Centre in Noida,23,1129,1138,6,0,31,1,WebPage ImageObject BreadcrumbList WebSite Organization FAQPage Psychiatric,2026-09-28T05:20:01+00:00
https://www.tulasihealthcare.com/psychiatrist-in-noida/,/psychiatrist-in-noida/,local-landing,page-sitemap,200,,Psychiatrist in Noida | Online & Offline Consults - Tulasi Healthcare,69,Looking for the best psychiatrist in Noida? Get professional mental health treatment and compassionate care with Tulasi Healthcare today.,137,https://www.tulasihealthcare.com/psychiatrist-in-noida/,true,"index, follow, max-image-preview:large, max-snippet:-1, max-video-preview:-1",1,Psychiatrist in Noida,35,1511,1541,9,0,32,2,WebPage ImageObject BreadcrumbList WebSite Organization Person FAQPage Product Psychiatric,2026-09-28T06:26:14+00:00
https://www.tulasihealthcare.com/rehabilitation-centre-near-me/,/rehabilitation-centre-near-me/,service,page-sitemap,200,,Rehabilitation Centre Near Me | Rehab Centre | Tulasi Healthcare,64,"Trusted rehabilitation centre near me offering drug and alcohol addiction treatment, psychiatric care, confidential support and recovery.",137,https://www.tulasihealthcare.com/rehabilitation-centre-near-me/,true,"index, follow, max-image-preview:large, max-snippet:-1, max-video-preview:-1",1,Rehabilitation Centre Near Me,16,1167,1178,3,0,32,0,WebPage ImageObject BreadcrumbList WebSite Organization Hospital MedicalBusiness Service FAQPage Psychiatric,2026-09-29T10:03:26+00:00
https://www.tulasihealthcare.com/psychiatrist-in-gurgaon/,/psychiatrist-in-gurgaon/,local-landing,page-sitemap,200,,"Best Psychiatrists in Gurgaon, Haryana | Tulasi Healthcare",58,Consult with best psychiatrists in Gurgaon. Tulasi Healthcare one of the best psychiatric hospitals in Gurgaon provides holistic treatment.,139,https://www.tulasihealthcare.com/psychiatrist-in-gurgaon/,true,"index, follow, max-image-preview:large, max-snippet:-1, max-video-preview:-1",1,Psychiatrist in Gurgaon,27,887,901,15,0,32,1,WebPage ImageObject BreadcrumbList WebSite Organization Product MedicalClinic,2026-10-01T06:14:33+00:00
https://www.tulasihealthcare.com/psychiatrist-in-bangalore/,/psychiatrist-in-bangalore/,other,page-sitemap,200,,Best Psychiatrist in Bangalore - Tulasi Healthcare,50,"Expert psychiatrist in Bangalore providing compassionate, personalized care for anxiety, stress, depression, and overall mental wellness.",137,https://www.tulasihealthcare.com/psychiatrist-in-bangalore/,true,"index, follow, max-image-preview:large, max-snippet:-1, max-video-preview:-1",1,Psychiatrist in Bangalore – Expert Mental Health Care,34,1715,1741,17,1,38,1,WebPage ImageObject BreadcrumbList WebSite Organization MedicalOrganization LocalBusiness MedicalBusiness MedicalClinic MedicalWebPage Service Physician Person MedicalCondition FAQPage,2026-10-01T06:18:29+00:00
https://www.tulasihealthcare.com/best-psychiatrist-in-delhi/,/best-psychiatrist-in-delhi/,local-landing,page-sitemap,200,,Best Psychiatrist in Delhi for all Your Mental Health Needs - Tulasi Healthcare,79,Looking for the best psychiatrist in Delhi? Get personalized mental health care from experts with 40+ years of experience. Book today.,134,https://www.tulasihealthcare.com/best-psychiatrist-in-delhi/,true,"index, follow, max-image-preview:large, max-snippet:-1, max-video-preview:-1",1,Best Psychiatrist in Delhi for all Your Mental Health Needs,83,4064,4118,25,6,49,0,WebPage ImageObject BreadcrumbList WebSite Organization MedicalOrganization LocalBusiness MedicalClinic Person FAQPage,2026-10-01T06:24:23+00:00
https://www.tulasihealthcare.com/psychiatrist-in-india/,/psychiatrist-in-india/,local-landing,page-sitemap,200,,Best Psychiatrist in India for Mental Health Treatment - Tulasi Healthcare,74,"Consult expert psychiatrists in India for addiction, depression, anxiety, OCD & psychiatric treatment at Tulasi Healthcare. Book Now.",133,https://www.tulasihealthcare.com/psychiatrist-in-india/,true,"index, follow, max-image-preview:large, max-snippet:-1, max-video-preview:-1",1,Best Psychiatrist in India for Mental Health Treatment,31,3090,3128,12,0,41,2,WebPage ImageObject BreadcrumbList WebSite Organization MedicalOrganization LocalBusiness MedicalClinic MedicalWebPage Service MedicalCondition ItemList FAQPage,2026-10-01T06:42:47+00:00
https://www.tulasihealthcare.com/psychiatrist-in-mumbai/,/psychiatrist-in-mumbai/,other,page-sitemap,200,,Best Psychiatrist in Mumbai - Tulasi Healthcare,47,"Find the best psychiatrist in Mumbai for personalized mental health care. Expert treatment for anxiety, depression, bipolar & more. Book now!",141,https://www.tulasihealthcare.com/psychiatrist-in-mumbai/,true,"index, follow, max-image-preview:large, max-snippet:-1, max-video-preview:-1",1,Psychiatrist in Mumbai – Expert Psychiatric Services,48,1958,2008,23,6,42,1,WebPage ImageObject BreadcrumbList WebSite Organization Person FAQPage Product Psychiatric,2026-10-01T06:48:47+00:00
https://www.tulasihealthcare.com/our-team/,/our-team/,about/info,page-sitemap,200,,Our Team - Tulasi Healthcare,28,Tulasi Healthcare has a team of 14 psychiatrist and 25 psychologists who are committed to providing the highest quality care to our patients.,141,https://www.tulasihealthcare.com/our-team/,true,"index, follow, max-image-preview:large, max-snippet:-1, max-video-preview:-1",2,Our Team | Our Team,37,207,235,33,0,34,0,WebPage ImageObject BreadcrumbList WebSite Organization,2026-10-01T06:55:56+00:00
https://www.tulasihealthcare.com/psychiatrist-in-chandigarh/,/psychiatrist-in-chandigarh/,other,page-sitemap,200,,Best Psychiatrist in Chandigarh - Tulasi Healthcare,51,"Find the best psychiatrist in Chandigarh for anxiety, depression & more. Trusted care, personalized treatment. Book a visit now!",128,https://www.tulasihealthcare.com/psychiatrist-in-chandigarh/,true,"index, follow, max-image-preview:large, max-snippet:-1, max-video-preview:-1",1,Best Psychiatrist in Chandigarh,39,1747,1793,18,0,37,1,WebPage ImageObject BreadcrumbList WebSite Organization Psychiatric,2026-10-01T06:59:12+00:00
https://www.tulasihealthcare.com/marriage-counselling/,/marriage-counselling/,other,page-sitemap,200,,Marriage Counselling in Gurgaon & Delhi NCR - Tulasi Healthcare,63,"Marriage counselling in Gurgaon & Delhi NCR for trust, communication and emotional connection. Confidential online and in-person sessions.",138,https://www.tulasihealthcare.com/marriage-counselling/,true,"index, follow, max-image-preview:large, max-snippet:-1, max-video-preview:-1",1,"Marriage Counselling in Gurgaon & Delhi NCR : Rebuild Trust, Safety and Connection",39,1964,2014,6,1,6,0,WebPage ImageObject BreadcrumbList WebSite Organization,2026-10-03T09:19:03+00:00
https://www.tulasihealthcare.com/team/,/team/,team-index,team-sitemap,200,,Team Archive - Tulasi Healthcare,32,,0,https://www.tulasihealthcare.com/team/,true,"index, follow, max-image-preview:large, max-snippet:-1, max-video-preview:-1",0,,23,680,,5,5,233,5,CollectionPage ImageObject BreadcrumbList WebSite Organization,2026-09-22T03:41:48+00:00
https://www.tulasihealthcare.com/team/dr-gorav-gupta/,/team/dr-gorav-gupta/,doctor,team-sitemap,200,,Dr Gorav Gupta - Psychiatrist in Delhi & Gurugram,49,Dr. Gorav Gutpa is Senior Psychiatrist with more than 25 years of experience in the the field of Psychiatry & addiction treatment.,130,https://www.tulasihealthcare.com/team/dr-gorav-gupta/,true,"index, follow, max-image-preview:large, max-snippet:-1, max-video-preview:-1",2,Dr. Gorav Gupta | Dr. Gorav Gupta,2,392,,1,1,1,0,WebPage ImageObject BreadcrumbList WebSite Organization,2024-01-02T08:58:53+00:00
https://www.tulasihealthcare.com/team/ms-chaya-chaudhary/,/team/ms-chaya-chaudhary/,doctor,team-sitemap,200,,Ms. Chaya Chaudhary - Tulasi Healthcare,39,Ms. Chaya Chaudhary RCI rehabilitation psychologist in Tulasi Healthcare. She has diverse experience working with psychiatric patients.,135,https://www.tulasihealthcare.com/team/ms-chaya-chaudhary/,true,"index, follow, max-image-preview:large, max-snippet:-1, max-video-preview:-1",2,Ms. Chaya Chaudhary | Ms. Chaya Chaudhary,2,119,,1,1,0,0,WebPage ImageObject BreadcrumbList WebSite Organization,2024-02-03T09:50:36+00:00
https://www.tulasihealthcare.com/team/dr-ichpreet-singh/,/team/dr-ichpreet-singh/,doctor,team-sitemap,200,,Dr. Ichpreet Singh - Tulasi Healthcare,38,Dr. Ichpreet Singh Psychiatrist in Tulasi Healthcare with more than 7 years of experience in effectively treating various disorders.,132,https://www.tulasihealthcare.com/team/dr-ichpreet-singh/,true,"index, follow, max-image-preview:large, max-snippet:-1, max-video-preview:-1",2,Dr. Ichpreet Singh | Dr. Ichpreet Singh,2,45,,1,1,0,0,WebPage ImageObject BreadcrumbList WebSite Organization,2025-01-15T07:02:20+00:00
https://www.tulasihealthcare.com/team/dr-anu-yadav/,/team/dr-anu-yadav/,doctor,team-sitemap,200,,Dr. Anu Yadav - Tulasi Healthcare,33,"Dr. Anu Yadav is a Consultant Psychiatrist at Tulasi Healthcare with 8+ years of experience in child, adolescent, and psychiatric disorders.",140,https://www.tulasihealthcare.com/team/dr-anu-yadav/,true,"index, follow, max-image-preview:large, max-snippet:-1, max-video-preview:-1",2,Dr. Anu Yadav | Dr. Anu Yadav,2,37,,1,1,0,0,WebPage ImageObject BreadcrumbList WebSite Organization,2025-12-26T05:15:55+00:00
https://www.tulasihealthcare.com/team/dr-poorva-gupta/,/team/dr-poorva-gupta/,doctor,team-sitemap,200,,Dr. Poorva Gupta - Tulasi Healthcare,36,Dr. Poorva Gupta is a Consultant Psychiatrist at Tulasi Healthcare with 7+ years of experience in psychiatric care and treatment.,129,https://www.tulasihealthcare.com/team/dr-poorva-gupta/,true,"index, follow, max-image-preview:large, max-snippet:-1, max-video-preview:-1",2,Dr. Poorva Gupta | Dr. Poorva Gupta,2,438,,1,1,0,0,WebPage ImageObject BreadcrumbList WebSite Organization,2025-12-26T05:18:45+00:00
https://www.tulasihealthcare.com/team/dr-alisha-nagar/,/team/dr-alisha-nagar/,doctor,team-sitemap,200,,Dr. Alisha Nagar - Tulasi Healthcare,36,Dr. Alisha Nagar is a Consultant Psychiatrist at Tulasi Healthcare with 8+ years of experience in effectively treating various disorders.,137,https://www.tulasihealthcare.com/team/dr-alisha-nagar/,true,"index, follow, max-image-preview:large, max-snippet:-1, max-video-preview:-1",2,Dr. Alisha Nagar | Dr. Alisha Nagar,2,50,,1,1,0,0,WebPage ImageObject BreadcrumbList WebSite Organization,2025-12-26T05:22:17+00:00
https://www.tulasihealthcare.com/team/dr-pooja-sharma/,/team/dr-pooja-sharma/,doctor,team-sitemap,200,,Dr. Pooja Sharma - Tulasi Healthcare,36,Dr. Pooja Sharma is a Consultant Psychiatrist at Tulasi Healthcare with 7+ years of experience in treating various psychiatric disorders.,137,https://www.tulasihealthcare.com/team/dr-pooja-sharma/,true,"index, follow, max-image-preview:large, max-snippet:-1, max-video-preview:-1",2,Dr. Pooja Sharma | Dr. Pooja Sharma,2,389,,1,1,0,0,WebPage ImageObject BreadcrumbList WebSite Organization,2025-12-26T05:25:18+00:00
https://www.tulasihealthcare.com/team/dr-kritika-soni/,/team/dr-kritika-soni/,doctor,team-sitemap,200,,Dr. Kritika Soni - Tulasi Healthcare,36,Dr. Kritika Soni is a Consultant Psychiatrist at Tulasi Healthcare with 10+ years of experience in psychiatry and mental health care.,133,https://www.tulasihealthcare.com/team/dr-kritika-soni/,true,"index, follow, max-image-preview:large, max-snippet:-1, max-video-preview:-1",2,Dr. Kritika Soni | Dr. Kritika Soni,2,163,,1,1,0,0,WebPage ImageObject BreadcrumbList WebSite Organization,2025-12-26T05:29:42+00:00
https://www.tulasihealthcare.com/team/mr-suparas-jain/,/team/mr-suparas-jain/,doctor,team-sitemap,200,,Mr. Suparas Jain - Tulasi Healthcare,36,Mr. Suparas Jain is a Consultant Clinical Psychologist (RCI) at Tulasi Healthcare with experience in mental health and personalized therapy.,140,https://www.tulasihealthcare.com/team/mr-suparas-jain/,true,"index, follow, max-image-preview:large, max-snippet:-1, max-video-preview:-1",2,Mr. Suparas Jain | Mr. Suparas Jain,2,222,,1,1,0,0,WebPage ImageObject BreadcrumbList WebSite Organization,2025-12-26T05:43:35+00:00
https://www.tulasihealthcare.com/team/surabhi-sengar/,/team/surabhi-sengar/,doctor,team-sitemap,200,,Ms. Surabhi Sengar - Tulasi Healthcare,38,Ms. Surabhi Sengar is a Clinical Psychologist (RCI) at Tulasi Healthcare with 4+ years of experience in psychological assessment and support.,141,https://www.tulasihealthcare.com/team/surabhi-sengar/,true,"index, follow, max-image-preview:large, max-snippet:-1, max-video-preview:-1",2,Ms. Surabhi Sengar | Ms. Surabhi Sengar,2,155,,1,1,0,0,WebPage ImageObject BreadcrumbList WebSite Organization,2025-12-26T05:51:18+00:00
https://www.tulasihealthcare.com/team/inderjeet-singh/,/team/inderjeet-singh/,doctor,team-sitemap,200,,Inderjeet Singh - Tulasi Healthcare,35,Mr. Inderjeet Singh is a Senior Consultant Psychologist at Tulasi Healthcare with 19+ years of experience in psychotherapy and mental health.,141,https://www.tulasihealthcare.com/team/inderjeet-singh/,true,"index, follow, max-image-preview:large, max-snippet:-1, max-video-preview:-1",2,Inderjeet Singh | Inderjeet Singh,2,89,,1,1,0,0,WebPage ImageObject BreadcrumbList WebSite Organization,2025-12-26T05:54:05+00:00
https://www.tulasihealthcare.com/team/dr-ratnarakshit-ingole/,/team/dr-ratnarakshit-ingole/,doctor,team-sitemap,200,,Dr. Ratnarakshit Ingole - Tulasi Healthcare,43,Dr. Ratnarakshit Ingole is a Senior Consultant Psychiatrist at Tulasi Healthcare with 20+ years of experience treating psychiatric disorders.,141,https://www.tulasihealthcare.com/team/dr-ratnarakshit-ingole/,true,"index, follow, max-image-preview:large, max-snippet:-1, max-video-preview:-1",2,Dr. Ratnarakshit Ingole | Dr. Ratnarakshit Ingole,2,378,,1,1,2,0,WebPage ImageObject BreadcrumbList WebSite Organization,2026-05-26T10:38:32+00:00
https://www.tulasihealthcare.com/team/dr-sameer-guliani/,/team/dr-sameer-guliani/,doctor,team-sitemap,200,,Dr. Sameer Guliani - Tulasi Healthcare,38,Dr. Sameer Guliani is a Consultant Child and Adolescent Psychiatrist at Tulasi Healthcare with 14+ years experience in treating mental health.,142,https://www.tulasihealthcare.com/team/dr-sameer-guliani/,true,"index, follow, max-image-preview:large, max-snippet:-1, max-video-preview:-1",2,Dr. Sameer Guliani | Dr. Sameer Guliani,2,300,,1,1,0,0,WebPage ImageObject BreadcrumbList WebSite Organization,2026-05-28T04:37:43+00:00
https://www.tulasihealthcare.com/team/dr-suravi-das/,/team/dr-suravi-das/,doctor,team-sitemap,200,,Dr. Suravi Das - Tulasi Healthcare,34,"Dr. Suravi Das is a Consultant Psychiatrist at Tulasi Healthcare, specializing in depression, anxiety, OCD, addiction and mental health care.",141,https://www.tulasihealthcare.com/team/dr-suravi-das/,true,"index, follow, max-image-preview:large, max-snippet:-1, max-video-preview:-1",2,Dr. Suravi Das | Dr. Suravi Das,2,254,,1,1,0,0,WebPage ImageObject BreadcrumbList WebSite Organization,2026-06-02T06:13:40+00:00
https://www.tulasihealthcare.com/team/ms-aastha-dwivedi/,/team/ms-aastha-dwivedi/,doctor,team-sitemap,200,,Ms. Aastha Dwivedi - Tulasi Healthcare,38,Ms. Aastha Dwivedi is a Consultant Clinical Psychologist (RCI) at Tulasi Healthcare with 5+ years of experience in therapy and mental health.,141,https://www.tulasihealthcare.com/team/ms-aastha-dwivedi/,true,"index, follow, max-image-preview:large, max-snippet:-1, max-video-preview:-1",2,Ms. Aastha Dwivedi | Ms. Aastha Dwivedi,2,92,,1,1,0,0,WebPage ImageObject BreadcrumbList WebSite Organization,2026-06-03T10:09:48+00:00
https://www.tulasihealthcare.com/team/ms-kiran-singh/,/team/ms-kiran-singh/,doctor,team-sitemap,200,,Ms. Kiran Singh - Tulasi Healthcare,35,Ms. Kiran Singh is a licensed Rehabilitation Psychologist (RCI) at Tulasi Healthcare with 8+ years of experience in mental health care.,135,https://www.tulasihealthcare.com/team/ms-kiran-singh/,true,"index, follow, max-image-preview:large, max-snippet:-1, max-video-preview:-1",2,Ms. Kiran Singh | Ms. Kiran Singh,2,300,,1,1,0,0,WebPage ImageObject BreadcrumbList WebSite Organization,2026-06-05T10:17:49+00:00
https://www.tulasihealthcare.com/team/ms-ira-gupta/,/team/ms-ira-gupta/,doctor,team-sitemap,200,,Ms. Ira Gupta - Tulasi Healthcare,33,Ms. Ira Gupta is a Consultant Clinical Psychologist (RCI) at Tulasi Healthcare with 14 years of experience in mental health and therapy.,136,https://www.tulasihealthcare.com/team/ms-ira-gupta/,true,"index, follow, max-image-preview:large, max-snippet:-1, max-video-preview:-1",2,Ms. Ira Gupta | Ms. Ira Gupta,2,172,,1,1,0,0,WebPage ImageObject BreadcrumbList WebSite Organization,2026-06-09T07:18:50+00:00
https://www.tulasihealthcare.com/team/ms-husna-zahid-hussain/,/team/ms-husna-zahid-hussain/,doctor,team-sitemap,200,,Ms. Husna Zahid Hussain - Tulasi Healthcare,43,,0,https://www.tulasihealthcare.com/team/ms-husna-zahid-hussain/,true,"index, follow, max-image-preview:large, max-snippet:-1, max-video-preview:-1",2,Ms. Husna Zahid Hussain | Ms. Husna Zahid Hussain,2,72,,1,1,0,0,WebPage ImageObject BreadcrumbList WebSite Organization,2026-06-17T09:25:33+00:00
https://www.tulasihealthcare.com/team/ms-deliaka-ghanghass/,/team/ms-deliaka-ghanghass/,doctor,team-sitemap,200,,Ms. Deliaka Ghanghass - Tulasi Healthcare,41,,0,https://www.tulasihealthcare.com/team/ms-deliaka-ghanghass/,true,"index, follow, max-image-preview:large, max-snippet:-1, max-video-preview:-1",2,Ms. Deliaka Ghanghass | Ms. Deliaka Ghanghass,2,143,,1,1,0,0,WebPage ImageObject BreadcrumbList WebSite Organization,2026-06-17T09:28:57+00:00
https://www.tulasihealthcare.com/team/ms-manju-kumari/,/team/ms-manju-kumari/,doctor,team-sitemap,200,,Ms. Manju Kumari - Tulasi Healthcare,36,Ms. Manju Kumari is a Clinical Psychologist (RCI) at Tulasi Healthcare with 6+ years of experience in counseling and mental health care.,136,https://www.tulasihealthcare.com/team/ms-manju-kumari/,true,"index, follow, max-image-preview:large, max-snippet:-1, max-video-preview:-1",2,Ms. Manju Kumari | Ms. Manju Kumari,2,196,,1,1,0,0,WebPage ImageObject BreadcrumbList WebSite Organization,2026-07-15T07:41:43+00:00
https://www.tulasihealthcare.com/team/ms-barkha-soni/,/team/ms-barkha-soni/,doctor,team-sitemap,200,,Ms. Barkha Soni - Tulasi Healthcare,35,,0,https://www.tulasihealthcare.com/team/ms-barkha-soni/,true,"index, follow, max-image-preview:large, max-snippet:-1, max-video-preview:-1",2,Ms. Barkha Soni | Ms. Barkha Soni,2,171,,1,1,0,0,WebPage ImageObject BreadcrumbList WebSite Organization,2026-07-15T08:10:04+00:00
https://www.tulasihealthcare.com/team/dr-pranita-gaur/,/team/dr-pranita-gaur/,doctor,team-sitemap,200,,Dr. Pranita Gaur - Tulasi Healthcare,36,,0,https://www.tulasihealthcare.com/team/dr-pranita-gaur/,true,"index, follow, max-image-preview:large, max-snippet:-1, max-video-preview:-1",2,Dr. Pranita Gaur | Dr. Pranita Gaur,2,332,,1,1,0,0,WebPage ImageObject BreadcrumbList WebSite Organization,2026-07-24T10:00:39+00:00
https://www.tulasihealthcare.com/team/ms-ankita-bhatnagar/,/team/ms-ankita-bhatnagar/,doctor,team-sitemap,200,,Ms. Ankita Bhatnagar - Tulasi Healthcare,40,,0,https://www.tulasihealthcare.com/team/ms-ankita-bhatnagar/,true,"index, follow, max-image-preview:large, max-snippet:-1, max-video-preview:-1",2,Ms. Ankita Bhatnagar | Ms. Ankita Bhatnagar,2,100,,1,1,0,0,WebPage ImageObject BreadcrumbList WebSite Organization,2026-07-25T06:31:11+00:00
https://www.tulasihealthcare.com/team/ms-hardika/,/team/ms-hardika/,doctor,team-sitemap,200,,Ms. Hardika - Tulasi Healthcare,31,,0,https://www.tulasihealthcare.com/team/ms-hardika/,true,"index, follow, max-image-preview:large, max-snippet:-1, max-video-preview:-1",2,Ms. Hardika | Ms. Hardika,2,273,,1,1,0,0,WebPage ImageObject BreadcrumbList WebSite Organization,2026-07-25T09:54:30+00:00
https://www.tulasihealthcare.com/team/ms-apoorva-khanna/,/team/ms-apoorva-khanna/,doctor,team-sitemap,200,,Ms. Apoorva Khanna - Tulasi Healthcare,38,,0,https://www.tulasihealthcare.com/team/ms-apoorva-khanna/,true,"index, follow, max-image-preview:large, max-snippet:-1, max-video-preview:-1",2,Ms. Apoorva Khanna | Ms. Apoorva Khanna,2,135,,1,1,0,0,WebPage ImageObject BreadcrumbList WebSite Organization,2026-07-25T10:31:53+00:00
https://www.tulasihealthcare.com/team/ms-jyoti/,/team/ms-jyoti/,doctor,team-sitemap,200,,Ms. Jyoti - Tulasi Healthcare,29,,0,https://www.tulasihealthcare.com/team/ms-jyoti/,true,"index, follow, max-image-preview:large, max-snippet:-1, max-video-preview:-1",2,Ms. Jyoti | Ms. Jyoti,2,127,,1,1,0,0,WebPage ImageObject BreadcrumbList WebSite Organization,2026-08-04T08:59:23+00:00
https://www.tulasihealthcare.com/team/ms-angshruta-mahanta/,/team/ms-angshruta-mahanta/,doctor,team-sitemap,200,,Ms. Angshruta Mahanta - Tulasi Healthcare,41,,0,https://www.tulasihealthcare.com/team/ms-angshruta-mahanta/,true,"index, follow, max-image-preview:large, max-snippet:-1, max-video-preview:-1",2,Ms. Angshruta Mahanta | Ms. Angshruta Mahanta,2,202,,1,1,0,0,WebPage ImageObject BreadcrumbList WebSite Organization,2026-08-04T09:23:27+00:00
https://www.tulasihealthcare.com/team/dr-ram-chander-jiloha/,/team/dr-ram-chander-jiloha/,doctor,team-sitemap,200,,Dr. Ram Chander Jiloha - Tulasi Healthcare,42,,0,https://www.tulasihealthcare.com/team/dr-ram-chander-jiloha/,true,"index, follow, max-image-preview:large, max-snippet:-1, max-video-preview:-1",2,Dr. Ram Chander Jiloha | Dr. Ram Chander Jiloha,2,212,,1,1,0,0,WebPage ImageObject BreadcrumbList WebSite Organization,2026-08-04T09:58:00+00:00
https://www.tulasihealthcare.com/team/ms-ekta-kashyap/,/team/ms-ekta-kashyap/,doctor,team-sitemap,200,,Ms. Ekta Kashyap - Tulasi Healthcare,36,,0,https://www.tulasihealthcare.com/team/ms-ekta-kashyap/,true,"index, follow, max-image-preview:large, max-snippet:-1, max-video-preview:-1",2,Ms. Ekta Kashyap | Ms. Ekta Kashyap,2,141,,1,1,0,0,WebPage ImageObject BreadcrumbList WebSite Organization,2026-08-07T05:48:27+00:00
https://www.tulasihealthcare.com/team/dr-madhura-samudra/,/team/dr-madhura-samudra/,doctor,team-sitemap,200,,Dr. Madhura Samudra - Tulasi Healthcare,39,,0,https://www.tulasihealthcare.com/team/dr-madhura-samudra/,true,"index, follow, max-image-preview:large, max-snippet:-1, max-video-preview:-1",2,Dr. Madhura Samudra | Dr. Madhura Samudra,2,137,,1,1,0,0,WebPage ImageObject BreadcrumbList WebSite Organization,2026-08-12T04:56:06+00:00
https://www.tulasihealthcare.com/team/ms-titiksha-agnihotri/,/team/ms-titiksha-agnihotri/,doctor,team-sitemap,200,,Ms. Titiksha Agnihotri - Tulasi Healthcare,42,,0,https://www.tulasihealthcare.com/team/ms-titiksha-agnihotri/,true,"index, follow, max-image-preview:large, max-snippet:-1, max-video-preview:-1",2,Ms. Titiksha Agnihotri | Ms. Titiksha Agnihotri,2,65,,1,1,0,0,WebPage ImageObject BreadcrumbList WebSite Organization,2026-08-18T06:31:18+00:00
https://www.tulasihealthcare.com/team/dr-samridhi-sandooja/,/team/dr-samridhi-sandooja/,doctor,team-sitemap,200,,Dr. Samridhi Sandooja - Tulasi Healthcare,41,,0,https://www.tulasihealthcare.com/team/dr-samridhi-sandooja/,true,"index, follow, max-image-preview:large, max-snippet:-1, max-video-preview:-1",2,Dr. Samridhi Sandooja | Dr. Samridhi Sandooja,2,239,,1,1,0,0,WebPage ImageObject BreadcrumbList WebSite Organization,2026-08-18T07:10:51+00:00
https://www.tulasihealthcare.com/team/dr-pavan-kumar-pardal/,/team/dr-pavan-kumar-pardal/,doctor,team-sitemap,200,,Dr. (Col.) Pavan Kumar Pardal - Tulasi Healthcare,49,"Meet Dr. Col. Pawan Kumar Pardal, a senior psychiatrist with 40 years of experience in psychiatry, teaching, research, OCD and addiction.",137,https://www.tulasihealthcare.com/team/dr-pavan-kumar-pardal/,true,"index, follow, max-image-preview:large, max-snippet:-1, max-video-preview:-1",2,Dr. (Col.) Pavan Kumar Pardal | Dr. (Col.) Pavan Kumar Pardal,2,248,,1,1,0,0,WebPage ImageObject BreadcrumbList WebSite Organization,2026-09-04T07:20:34+00:00
https://www.tulasihealthcare.com/team/dr-rini-maurya/,/team/dr-rini-maurya/,doctor,team-sitemap,200,,Dr. Rini Maurya - Tulasi Healthcare,35,,0,https://www.tulasihealthcare.com/team/dr-rini-maurya/,true,"index, follow, max-image-preview:large, max-snippet:-1, max-video-preview:-1",2,Dr. Rini Maurya | Dr. Rini Maurya,2,135,,1,1,0,0,WebPage ImageObject BreadcrumbList WebSite Organization,2026-09-22T03:41:48+00:00
https://www.tulasihealthcare.com/category/blog/,/category/blog/,category-archive,category-sitemap,200,,Blog Archives - Tulasi Healthcare,33,,0,https://www.tulasihealthcare.com/category/blog/,true,"index, follow, max-image-preview:large, max-snippet:-1, max-video-preview:-1",0,,23,786,,5,5,229,5,CollectionPage ImageObject BreadcrumbList WebSite Organization,2026-10-03T06:24:41+00:00
https://www.tulasihealthcare.com/tag/act-counselling/,/tag/act-counselling/,tag-archive,post_tag-sitemap,200,,ACT counselling Archives - Tulasi Healthcare,44,,0,https://www.tulasihealthcare.com/tag/act-counselling/,true,"index, follow, max-image-preview:large, max-snippet:-1, max-video-preview:-1",0,,14,457,,5,5,223,5,CollectionPage ImageObject BreadcrumbList WebSite Organization,2026-09-18T03:36:43+00:00
https://www.tulasihealthcare.com/tag/act-therapy/,/tag/act-therapy/,tag-archive,post_tag-sitemap,200,,ACT therapy Archives - Tulasi Healthcare,40,,0,https://www.tulasihealthcare.com/tag/act-therapy/,true,"index, follow, max-image-preview:large, max-snippet:-1, max-video-preview:-1",0,,16,522,,5,5,225,5,CollectionPage ImageObject BreadcrumbList WebSite Organization,2026-09-18T03:36:49+00:00
https://www.tulasihealthcare.com/tag/addiction-help/,/tag/addiction-help/,tag-archive,post_tag-sitemap,200,,addiction help Archives - Tulasi Healthcare,43,,0,https://www.tulasihealthcare.com/tag/addiction-help/,true,"index, follow, max-image-preview:large, max-snippet:-1, max-video-preview:-1",0,,14,456,,5,5,223,5,CollectionPage ImageObject BreadcrumbList WebSite Organization,2026-09-18T03:36:45+00:00
https://www.tulasihealthcare.com/tag/addiction-recovery/,/tag/addiction-recovery/,tag-archive,post_tag-sitemap,200,,addiction recovery Archives - Tulasi Healthcare,47,,0,https://www.tulasihealthcare.com/tag/addiction-recovery/,true,"index, follow, max-image-preview:large, max-snippet:-1, max-video-preview:-1",0,,23,743,,5,5,233,5,CollectionPage ImageObject BreadcrumbList WebSite Organization,2026-10-03T04:30:52+00:00
https://www.tulasihealthcare.com/tag/addiction-treatment/,/tag/addiction-treatment/,tag-archive,post_tag-sitemap,200,,addiction treatment Archives - Tulasi Healthcare,48,,0,https://www.tulasihealthcare.com/tag/addiction-treatment/,true,"index, follow, max-image-preview:large, max-snippet:-1, max-video-preview:-1",0,,16,518,,5,5,226,5,CollectionPage ImageObject BreadcrumbList WebSite Organization,2026-09-18T03:38:15+00:00
https://www.tulasihealthcare.com/tag/adhd/,/tag/adhd/,tag-archive,post_tag-sitemap,200,,adhd Archives - Tulasi Healthcare,33,,0,https://www.tulasihealthcare.com/tag/adhd/,true,"index, follow, max-image-preview:large, max-snippet:-1, max-video-preview:-1",0,,14,448,,5,5,223,5,CollectionPage BreadcrumbList WebSite Organization,2026-09-18T03:36:51+00:00
https://www.tulasihealthcare.com/tag/adolescent-depression/,/tag/adolescent-depression/,tag-archive,post_tag-sitemap,200,,adolescent depression Archives - Tulasi Healthcare,50,,0,https://www.tulasihealthcare.com/tag/adolescent-depression/,true,"index, follow, max-image-preview:large, max-snippet:-1, max-video-preview:-1",0,,14,452,,5,5,223,5,CollectionPage ImageObject BreadcrumbList WebSite Organization,2026-09-18T03:36:47+00:00
https://www.tulasihealthcare.com/tag/alcohol-addiction/,/tag/alcohol-addiction/,tag-archive,post_tag-sitemap,200,,alcohol addiction Archives - Tulasi Healthcare,46,,0,https://www.tulasihealthcare.com/tag/alcohol-addiction/,true,"index, follow, max-image-preview:large, max-snippet:-1, max-video-preview:-1",0,,16,522,,5,5,226,5,CollectionPage BreadcrumbList WebSite Organization,2026-09-18T03:38:17+00:00
https://www.tulasihealthcare.com/tag/alcohol-addiction-recovery/,/tag/alcohol-addiction-recovery/,tag-archive,post_tag-sitemap,200,,alcohol addiction recovery Archives - Tulasi Healthcare,55,,0,https://www.tulasihealthcare.com/tag/alcohol-addiction-recovery/,true,"index, follow, max-image-preview:large, max-snippet:-1, max-video-preview:-1",0,,14,455,,5,5,223,5,CollectionPage ImageObject BreadcrumbList WebSite Organization,2026-09-18T03:36:44+00:00
https://www.tulasihealthcare.com/tag/alcohol-use-disorder/,/tag/alcohol-use-disorder/,tag-archive,post_tag-sitemap,200,,alcohol use disorder Archives - Tulasi Healthcare,49,,0,https://www.tulasihealthcare.com/tag/alcohol-use-disorder/,true,"index, follow, max-image-preview:large, max-snippet:-1, max-video-preview:-1",0,,14,454,,5,5,223,5,CollectionPage ImageObject BreadcrumbList WebSite Organization,2026-09-18T03:36:45+00:00
https://www.tulasihealthcare.com/tag/alcoholic-anonymous/,/tag/alcoholic-anonymous/,tag-archive,post_tag-sitemap,200,,alcoholic anonymous Archives - Tulasi Healthcare,48,,0,https://www.tulasihealthcare.com/tag/alcoholic-anonymous/,true,"index, follow, max-image-preview:large, max-snippet:-1, max-video-preview:-1",0,,14,456,,5,5,224,5,CollectionPage ImageObject BreadcrumbList WebSite Organization,2026-09-18T03:38:16+00:00
https://www.tulasihealthcare.com/tag/alcoholism/,/tag/alcoholism/,tag-archive,post_tag-sitemap,200,,alcoholism Archives - Tulasi Healthcare,39,,0,https://www.tulasihealthcare.com/tag/alcoholism/,true,"index, follow, max-image-preview:large, max-snippet:-1, max-video-preview:-1",0,,17,544,,5,5,226,5,CollectionPage ImageObject BreadcrumbList WebSite Organization,2026-09-18T03:38:14+00:00
https://www.tulasihealthcare.com/tag/alcoholism-awareness/,/tag/alcoholism-awareness/,tag-archive,post_tag-sitemap,200,,alcoholism awareness Archives - Tulasi Healthcare,49,,0,https://www.tulasihealthcare.com/tag/alcoholism-awareness/,true,"index, follow, max-image-preview:large, max-snippet:-1, max-video-preview:-1",0,,14,451,,5,5,223,5,CollectionPage ImageObject BreadcrumbList WebSite Organization,2026-09-18T03:36:48+00:00
https://www.tulasihealthcare.com/tag/alcoholism-treatment/,/tag/alcoholism-treatment/,tag-archive,post_tag-sitemap,200,,alcoholism treatment Archives - Tulasi Healthcare,49,,0,https://www.tulasihealthcare.com/tag/alcoholism-treatment/,true,"index, follow, max-image-preview:large, max-snippet:-1, max-video-preview:-1",0,,14,453,,5,5,223,5,CollectionPage ImageObject BreadcrumbList WebSite Organization,2026-09-18T03:36:45+00:00
https://www.tulasihealthcare.com/tag/alzehimer/,/tag/alzehimer/,tag-archive,post_tag-sitemap,200,,alzehimer Archives - Tulasi Healthcare,38,,0,https://www.tulasihealthcare.com/tag/alzehimer/,true,"index, follow, max-image-preview:large, max-snippet:-1, max-video-preview:-1",0,,14,457,,5,5,223,5,CollectionPage BreadcrumbList WebSite Organization,2026-09-18T03:36:51+00:00
https://www.tulasihealthcare.com/tag/antisocial-personality-disorder/,/tag/antisocial-personality-disorder/,tag-archive,post_tag-sitemap,200,,antisocial personality disorder Archives - Tulasi Healthcare,60,,0,https://www.tulasihealthcare.com/tag/antisocial-personality-disorder/,true,"index, follow, max-image-preview:large, max-snippet:-1, max-video-preview:-1",0,,14,458,,5,5,223,5,CollectionPage ImageObject BreadcrumbList WebSite Organization,2026-09-18T03:36:49+00:00
https://www.tulasihealthcare.com/tag/anxiety/,/tag/anxiety/,tag-archive,post_tag-sitemap,200,,anxiety Archives - Tulasi Healthcare,36,,0,https://www.tulasihealthcare.com/tag/anxiety/,true,"index, follow, max-image-preview:large, max-snippet:-1, max-video-preview:-1",0,,16,516,,5,5,225,5,CollectionPage ImageObject BreadcrumbList WebSite Organization,2026-09-18T03:36:48+00:00
https://www.tulasihealthcare.com/tag/anxiety-and-depression/,/tag/anxiety-and-depression/,tag-archive,post_tag-sitemap,200,,anxiety and depression Archives - Tulasi Healthcare,51,,0,https://www.tulasihealthcare.com/tag/anxiety-and-depression/,true,"index, follow, max-image-preview:large, max-snippet:-1, max-video-preview:-1",0,,17,576,,5,5,225,5,CollectionPage ImageObject BreadcrumbList WebSite Organization,2026-10-03T04:31:31+00:00
https://www.tulasihealthcare.com/tag/anxiety-and-depression-help/,/tag/anxiety-and-depression-help/,tag-archive,post_tag-sitemap,200,,anxiety and depression help Archives - Tulasi Healthcare,56,,0,https://www.tulasihealthcare.com/tag/anxiety-and-depression-help/,true,"index, follow, max-image-preview:large, max-snippet:-1, max-video-preview:-1",0,,14,457,,5,5,223,5,CollectionPage ImageObject BreadcrumbList WebSite Organization,2026-09-18T03:36:46+00:00
https://www.tulasihealthcare.com/tag/anxiety-awareness/,/tag/anxiety-awareness/,tag-archive,post_tag-sitemap,200,,anxiety awareness Archives - Tulasi Healthcare,46,,0,https://www.tulasihealthcare.com/tag/anxiety-awareness/,true,"index, follow, max-image-preview:large, max-snippet:-1, max-video-preview:-1",0,,15,485,,5,5,224,5,CollectionPage ImageObject BreadcrumbList WebSite Organization,2026-09-18T03:36:48+00:00
https://www.tulasihealthcare.com/tag/anxiety-counseling/,/tag/anxiety-counseling/,tag-archive,post_tag-sitemap,200,,anxiety counseling Archives - Tulasi Healthcare,47,,0,https://www.tulasihealthcare.com/tag/anxiety-counseling/,true,"index, follow, max-image-preview:large, max-snippet:-1, max-video-preview:-1",0,,14,455,,5,5,223,5,CollectionPage ImageObject BreadcrumbList WebSite Organization,2026-09-18T03:36:46+00:00
https://www.tulasihealthcare.com/tag/anxiety-disorder/,/tag/anxiety-disorder/,tag-archive,post_tag-sitemap,200,,anxiety disorder Archives - Tulasi Healthcare,45,,0,https://www.tulasihealthcare.com/tag/anxiety-disorder/,true,"index, follow, max-image-preview:large, max-snippet:-1, max-video-preview:-1",0,,16,515,,5,5,226,5,CollectionPage ImageObject BreadcrumbList WebSite Organization,2026-09-18T03:36:47+00:00
https://www.tulasihealthcare.com/tag/anxiety-help/,/tag/anxiety-help/,tag-archive,post_tag-sitemap,200,,anxiety help Archives - Tulasi Healthcare,41,,0,https://www.tulasihealthcare.com/tag/anxiety-help/,true,"index, follow, max-image-preview:large, max-snippet:-1, max-video-preview:-1",0,,15,491,,5,5,224,5,CollectionPage ImageObject BreadcrumbList WebSite Organization,2026-09-18T03:36:45+00:00
https://www.tulasihealthcare.com/tag/anxiety-relief/,/tag/anxiety-relief/,tag-archive,post_tag-sitemap,200,,anxiety relief Archives - Tulasi Healthcare,43,,0,https://www.tulasihealthcare.com/tag/anxiety-relief/,true,"index, follow, max-image-preview:large, max-snippet:-1, max-video-preview:-1",0,,18,580,,5,5,227,5,CollectionPage ImageObject BreadcrumbList WebSite Organization,2026-09-18T03:36:49+00:00
https://www.tulasihealthcare.com/tag/anxiety-support/,/tag/anxiety-support/,tag-archive,post_tag-sitemap,200,,anxiety support Archives - Tulasi Healthcare,44,,0,https://www.tulasihealthcare.com/tag/anxiety-support/,true,"index, follow, max-image-preview:large, max-snippet:-1, max-video-preview:-1",0,,17,550,,5,5,227,5,CollectionPage ImageObject BreadcrumbList WebSite Organization,2026-09-18T03:36:47+00:00
https://www.tulasihealthcare.com/tag/anxiety-symptoms/,/tag/anxiety-symptoms/,tag-archive,post_tag-sitemap,200,,anxiety symptoms Archives - Tulasi Healthcare,45,,0,https://www.tulasihealthcare.com/tag/anxiety-symptoms/,true,"index, follow, max-image-preview:large, max-snippet:-1, max-video-preview:-1",0,,16,516,,5,5,226,5,CollectionPage ImageObject BreadcrumbList WebSite Organization,2026-09-18T03:36:47+00:00
https://www.tulasihealthcare.com/tag/anxiety-therapy/,/tag/anxiety-therapy/,tag-archive,post_tag-sitemap,200,,anxiety therapy Archives - Tulasi Healthcare,44,,0,https://www.tulasihealthcare.com/tag/anxiety-therapy/,true,"index, follow, max-image-preview:large, max-snippet:-1, max-video-preview:-1",0,,15,487,,5,5,224,5,CollectionPage ImageObject BreadcrumbList WebSite Organization,2026-09-18T03:36:48+00:00
https://www.tulasihealthcare.com/tag/anxiety-treatment/,/tag/anxiety-treatment/,tag-archive,post_tag-sitemap,200,,Anxiety Treatment Archives - Tulasi Healthcare,46,,0,https://www.tulasihealthcare.com/tag/anxiety-treatment/,true,"index, follow, max-image-preview:large, max-snippet:-1, max-video-preview:-1",0,,15,482,,5,5,224,5,CollectionPage ImageObject BreadcrumbList WebSite Organization,2026-09-18T03:36:52+00:00
https://www.tulasihealthcare.com/tag/anxiety-treatment-in-delhi/,/tag/anxiety-treatment-in-delhi/,tag-archive,post_tag-sitemap,200,,anxiety treatment in delhi Archives - Tulasi Healthcare,55,,0,https://www.tulasihealthcare.com/tag/anxiety-treatment-in-delhi/,true,"index, follow, max-image-preview:large, max-snippet:-1, max-video-preview:-1",0,,14,453,,5,5,223,5,CollectionPage ImageObject BreadcrumbList WebSite Organization,2026-09-18T03:36:52+00:00
https://www.tulasihealthcare.com/tag/anxiety-treatment-in-india/,/tag/anxiety-treatment-in-india/,tag-archive,post_tag-sitemap,200,,anxiety treatment in india Archives - Tulasi Healthcare,55,,0,https://www.tulasihealthcare.com/tag/anxiety-treatment-in-india/,true,"index, follow, max-image-preview:large, max-snippet:-1, max-video-preview:-1",0,,14,453,,5,5,223,5,CollectionPage ImageObject BreadcrumbList WebSite Organization,2026-09-18T03:36:52+00:00
https://www.tulasihealthcare.com/tag/art-therapy/,/tag/art-therapy/,tag-archive,post_tag-sitemap,200,,art therapy Archives - Tulasi Healthcare,40,,0,https://www.tulasihealthcare.com/tag/art-therapy/,true,"index, follow, max-image-preview:large, max-snippet:-1, max-video-preview:-1",0,,14,452,,5,5,223,5,CollectionPage ImageObject BreadcrumbList WebSite Organization,2026-09-18T03:36:45+00:00
https://www.tulasihealthcare.com/tag/behavioral-health/,/tag/behavioral-health/,tag-archive,post_tag-sitemap,200,,behavioral health Archives - Tulasi Healthcare,46,,0,https://www.tulasihealthcare.com/tag/behavioral-health/,true,"index, follow, max-image-preview:large, max-snippet:-1, max-video-preview:-1",0,,15,494,,5,5,225,5,CollectionPage ImageObject BreadcrumbList WebSite Organization,2026-09-18T03:36:49+00:00
https://www.tulasihealthcare.com/tag/best-psychiatrist/,/tag/best-psychiatrist/,tag-archive,post_tag-sitemap,200,,best psychiatrist Archives - Tulasi Healthcare,46,,0,https://www.tulasihealthcare.com/tag/best-psychiatrist/,true,"index, follow, max-image-preview:large, max-snippet:-1, max-video-preview:-1",0,,16,510,,5,5,225,5,CollectionPage ImageObject BreadcrumbList WebSite Organization,2026-09-18T03:36:49+00:00
https://www.tulasihealthcare.com/tag/best-psychiatrist-in-india/,/tag/best-psychiatrist-in-india/,tag-archive,post_tag-sitemap,200,,Best psychiatrist in india Archives - Tulasi Healthcare,55,,0,https://www.tulasihealthcare.com/tag/best-psychiatrist-in-india/,true,"index, follow, max-image-preview:large, max-snippet:-1, max-video-preview:-1",0,,17,548,,5,5,227,5,CollectionPage ImageObject BreadcrumbList WebSite Organization,2026-09-18T03:38:15+00:00
https://www.tulasihealthcare.com/tag/best-psychologist-in-india/,/tag/best-psychologist-in-india/,tag-archive,post_tag-sitemap,200,,best psychologist in India Archives - Tulasi Healthcare,55,,0,https://www.tulasihealthcare.com/tag/best-psychologist-in-india/,true,"index, follow, max-image-preview:large, max-snippet:-1, max-video-preview:-1",0,,14,460,,5,5,223,5,CollectionPage ImageObject BreadcrumbList WebSite Organization,2026-09-18T03:36:44+00:00
https://www.tulasihealthcare.com/tag/bipolar-disorder/,/tag/bipolar-disorder/,tag-archive,post_tag-sitemap,200,,bipolar disorder Archives - Tulasi Healthcare,45,,0,https://www.tulasihealthcare.com/tag/bipolar-disorder/,true,"index, follow, max-image-preview:large, max-snippet:-1, max-video-preview:-1",0,,18,582,,5,5,228,5,CollectionPage ImageObject BreadcrumbList WebSite Organization,2026-09-18T03:38:15+00:00
https://www.tulasihealthcare.com/tag/bipolar-disorder-treatment/,/tag/bipolar-disorder-treatment/,tag-archive,post_tag-sitemap,200,,bipolar disorder treatment Archives - Tulasi Healthcare,55,,0,https://www.tulasihealthcare.com/tag/bipolar-disorder-treatment/,true,"index, follow, max-image-preview:large, max-snippet:-1, max-video-preview:-1",0,,14,460,,5,5,223,5,CollectionPage ImageObject BreadcrumbList WebSite Organization,2026-09-18T03:36:44+00:00
https://www.tulasihealthcare.com/tag/bipolar-symptoms/,/tag/bipolar-symptoms/,tag-archive,post_tag-sitemap,200,,bipolar symptoms Archives - Tulasi Healthcare,45,,0,https://www.tulasihealthcare.com/tag/bipolar-symptoms/,true,"index, follow, max-image-preview:large, max-snippet:-1, max-video-preview:-1",0,,14,459,,5,5,223,5,CollectionPage ImageObject BreadcrumbList WebSite Organization,2026-09-18T03:36:44+00:00
https://www.tulasihealthcare.com/tag/blood-tests/,/tag/blood-tests/,tag-archive,post_tag-sitemap,200,,blood tests Archives - Tulasi Healthcare,40,,0,https://www.tulasihealthcare.com/tag/blood-tests/,true,"index, follow, max-image-preview:large, max-snippet:-1, max-video-preview:-1",0,,14,455,,5,5,223,5,CollectionPage BreadcrumbList WebSite Organization,2026-09-18T03:36:50+00:00
https://www.tulasihealthcare.com/tag/borderline-personality-disorder/,/tag/borderline-personality-disorder/,tag-archive,post_tag-sitemap,200,,Borderline Personality disorder Archives - Tulasi Healthcare,60,,0,https://www.tulasihealthcare.com/tag/borderline-personality-disorder/,true,"index, follow, max-image-preview:large, max-snippet:-1, max-video-preview:-1",0,,17,557,,5,5,226,5,CollectionPage ImageObject BreadcrumbList WebSite Organization,2026-09-18T03:38:14+00:00
https://www.tulasihealthcare.com/tag/bpd-recovery/,/tag/bpd-recovery/,tag-archive,post_tag-sitemap,200,,BPD Recovery Archives - Tulasi Healthcare,41,,0,https://www.tulasihealthcare.com/tag/bpd-recovery/,true,"index, follow, max-image-preview:large, max-snippet:-1, max-video-preview:-1",0,,14,451,,5,5,223,5,CollectionPage ImageObject BreadcrumbList WebSite Organization,2026-09-18T03:36:50+00:00
https://www.tulasihealthcare.com/tag/bpd-support/,/tag/bpd-support/,tag-archive,post_tag-sitemap,200,,bpd support Archives - Tulasi Healthcare,40,,0,https://www.tulasihealthcare.com/tag/bpd-support/,true,"index, follow, max-image-preview:large, max-snippet:-1, max-video-preview:-1",0,,14,451,,5,5,223,5,CollectionPage ImageObject BreadcrumbList WebSite Organization,2026-09-18T03:36:50+00:00
https://www.tulasihealthcare.com/tag/break-the-stigma/,/tag/break-the-stigma/,tag-archive,post_tag-sitemap,200,,break the stigma Archives - Tulasi Healthcare,45,,0,https://www.tulasihealthcare.com/tag/break-the-stigma/,true,"index, follow, max-image-preview:large, max-snippet:-1, max-video-preview:-1",0,,14,453,,5,5,223,5,CollectionPage ImageObject BreadcrumbList WebSite Organization,2026-09-18T03:36:49+00:00
https://www.tulasihealthcare.com/tag/burnout-recovery/,/tag/burnout-recovery/,tag-archive,post_tag-sitemap,200,,burnout recovery Archives - Tulasi Healthcare,45,,0,https://www.tulasihealthcare.com/tag/burnout-recovery/,true,"index, follow, max-image-preview:large, max-snippet:-1, max-video-preview:-1",0,,14,452,,5,5,223,5,CollectionPage ImageObject BreadcrumbList WebSite Organization,2026-09-18T03:36:45+00:00
https://www.tulasihealthcare.com/tag/cbt/,/tag/cbt/,tag-archive,post_tag-sitemap,200,,CBT Archives - Tulasi Healthcare,32,,0,https://www.tulasihealthcare.com/tag/cbt/,true,"index, follow, max-image-preview:large, max-snippet:-1, max-video-preview:-1",0,,15,486,,5,5,224,5,CollectionPage ImageObject BreadcrumbList WebSite Organization,2026-09-18T03:36:49+00:00
https://www.tulasihealthcare.com/tag/cbt-therapy/,/tag/cbt-therapy/,tag-archive,post_tag-sitemap,200,,CBT therapy Archives - Tulasi Healthcare,40,,0,https://www.tulasihealthcare.com/tag/cbt-therapy/,true,"index, follow, max-image-preview:large, max-snippet:-1, max-video-preview:-1",0,,16,527,,5,5,225,5,CollectionPage BreadcrumbList WebSite Organization,2026-09-18T03:36:46+00:00
https://www.tulasihealthcare.com/tag/child-anxiety-treatment/,/tag/child-anxiety-treatment/,tag-archive,post_tag-sitemap,200,,child anxiety treatment Archives - Tulasi Healthcare,52,,0,https://www.tulasihealthcare.com/tag/child-anxiety-treatment/,true,"index, follow, max-image-preview:large, max-snippet:-1, max-video-preview:-1",0,,14,457,,5,5,223,5,CollectionPage ImageObject BreadcrumbList WebSite Organization,2026-09-18T03:36:44+00:00
https://www.tulasihealthcare.com/tag/child-behavior/,/tag/child-behavior/,tag-archive,post_tag-sitemap,200,,child behavior Archives - Tulasi Healthcare,43,,0,https://www.tulasihealthcare.com/tag/child-behavior/,true,"index, follow, max-image-preview:large, max-snippet:-1, max-video-preview:-1",0,,14,456,,5,5,223,5,CollectionPage ImageObject BreadcrumbList WebSite Organization,2026-09-18T03:36:44+00:00
https://www.tulasihealthcare.com/tag/child-counseling/,/tag/child-counseling/,tag-archive,post_tag-sitemap,200,,child counseling Archives - Tulasi Healthcare,45,,0,https://www.tulasihealthcare.com/tag/child-counseling/,true,"index, follow, max-image-preview:large, max-snippet:-1, max-video-preview:-1",0,,14,456,,5,5,223,5,CollectionPage ImageObject BreadcrumbList WebSite Organization,2026-09-18T03:36:44+00:00
https://www.tulasihealthcare.com/tag/child-counseling-in-gurgaon/,/tag/child-counseling-in-gurgaon/,tag-archive,post_tag-sitemap,200,,child counseling in Gurgaon Archives - Tulasi Healthcare,56,,0,https://www.tulasihealthcare.com/tag/child-counseling-in-gurgaon/,true,"index, follow, max-image-preview:large, max-snippet:-1, max-video-preview:-1",0,,14,458,,5,5,223,5,CollectionPage ImageObject BreadcrumbList WebSite Organization,2026-09-18T03:36:44+00:00
https://www.tulasihealthcare.com/tag/child-mental-health/,/tag/child-mental-health/,tag-archive,post_tag-sitemap,200,,child mental health Archives - Tulasi Healthcare,48,,0,https://www.tulasihealthcare.com/tag/child-mental-health/,true,"index, follow, max-image-preview:large, max-snippet:-1, max-video-preview:-1",0,,14,457,,5,5,223,5,CollectionPage BreadcrumbList WebSite Organization,2026-09-18T03:36:50+00:00
https://www.tulasihealthcare.com/tag/child-therapy/,/tag/child-therapy/,tag-archive,post_tag-sitemap,200,,child therapy Archives - Tulasi Healthcare,42,,0,https://www.tulasihealthcare.com/tag/child-therapy/,true,"index, follow, max-image-preview:large, max-snippet:-1, max-video-preview:-1",0,,14,456,,5,5,223,5,CollectionPage ImageObject BreadcrumbList WebSite Organization,2026-09-18T03:36:44+00:00
https://www.tulasihealthcare.com/tag/chronic-stress/,/tag/chronic-stress/,tag-archive,post_tag-sitemap,200,,Chronic Stress Archives - Tulasi Healthcare,43,,0,https://www.tulasihealthcare.com/tag/chronic-stress/,true,"index, follow, max-image-preview:large, max-snippet:-1, max-video-preview:-1",0,,14,455,,5,5,223,5,CollectionPage BreadcrumbList WebSite Organization,2026-09-18T03:36:46+00:00
https://www.tulasihealthcare.com/tag/cluster-c-personality-disorder/,/tag/cluster-c-personality-disorder/,tag-archive,post_tag-sitemap,200,,cluster c personality disorder Archives - Tulasi Healthcare,59,,0,https://www.tulasihealthcare.com/tag/cluster-c-personality-disorder/,true,"index, follow, max-image-preview:large, max-snippet:-1, max-video-preview:-1",0,,14,453,,5,5,223,5,CollectionPage ImageObject BreadcrumbList WebSite Organization,2026-09-18T03:38:17+00:00
https://www.tulasihealthcare.com/tag/cognitive-rehabilitation-therapy-crt/,/tag/cognitive-rehabilitation-therapy-crt/,tag-archive,post_tag-sitemap,200,,cognitive rehabilitation therapy (CRT) Archives - Tulasi Healthcare,67,,0,https://www.tulasihealthcare.com/tag/cognitive-rehabilitation-therapy-crt/,true,"index, follow, max-image-preview:large, max-snippet:-1, max-video-preview:-1",0,,14,452,,5,5,223,5,CollectionPage ImageObject BreadcrumbList WebSite Organization,2026-09-18T03:38:16+00:00
https://www.tulasihealthcare.com/tag/corporate-burnout/,/tag/corporate-burnout/,tag-archive,post_tag-sitemap,200,,corporate burnout Archives - Tulasi Healthcare,46,,0,https://www.tulasihealthcare.com/tag/corporate-burnout/,true,"index, follow, max-image-preview:large, max-snippet:-1, max-video-preview:-1",0,,14,460,,5,5,223,5,CollectionPage ImageObject BreadcrumbList WebSite Organization,2026-09-18T03:36:44+00:00
https://www.tulasihealthcare.com/tag/counseling-support/,/tag/counseling-support/,tag-archive,post_tag-sitemap,200,,counseling support Archives - Tulasi Healthcare,47,,0,https://www.tulasihealthcare.com/tag/counseling-support/,true,"index, follow, max-image-preview:large, max-snippet:-1, max-video-preview:-1",0,,15,492,,5,5,224,5,CollectionPage ImageObject BreadcrumbList WebSite Organization,2026-10-03T04:31:06+00:00
https://www.tulasihealthcare.com/tag/couples-counselling/,/tag/couples-counselling/,tag-archive,post_tag-sitemap,200,,couples counselling Archives - Tulasi Healthcare,48,,0,https://www.tulasihealthcare.com/tag/couples-counselling/,true,"index, follow, max-image-preview:large, max-snippet:-1, max-video-preview:-1",0,,14,452,,5,5,223,5,CollectionPage ImageObject BreadcrumbList WebSite Organization,2026-09-18T03:36:43+00:00
https://www.tulasihealthcare.com/tag/couples-therapy/,/tag/couples-therapy/,tag-archive,post_tag-sitemap,200,,couples therapy Archives - Tulasi Healthcare,44,,0,https://www.tulasihealthcare.com/tag/couples-therapy/,true,"index, follow, max-image-preview:large, max-snippet:-1, max-video-preview:-1",0,,14,452,,5,5,223,5,CollectionPage ImageObject BreadcrumbList WebSite Organization,2026-09-18T03:36:43+00:00
https://www.tulasihealthcare.com/tag/dbt/,/tag/dbt/,tag-archive,post_tag-sitemap,200,,DBT Archives - Tulasi Healthcare,32,,0,https://www.tulasihealthcare.com/tag/dbt/,true,"index, follow, max-image-preview:large, max-snippet:-1, max-video-preview:-1",0,,14,450,,5,5,223,5,CollectionPage ImageObject BreadcrumbList WebSite Organization,2026-09-18T03:36:50+00:00
https://www.tulasihealthcare.com/tag/dbt-therapy/,/tag/dbt-therapy/,tag-archive,post_tag-sitemap,200,,dbt therapy Archives - Tulasi Healthcare,40,,0,https://www.tulasihealthcare.com/tag/dbt-therapy/,true,"index, follow, max-image-preview:large, max-snippet:-1, max-video-preview:-1",0,,16,521,,5,5,225,5,CollectionPage ImageObject BreadcrumbList WebSite Organization,2026-09-18T03:36:45+00:00
https://www.tulasihealthcare.com/tag/de-addiction/,/tag/de-addiction/,tag-archive,post_tag-sitemap,200,,de addiction Archives - Tulasi Healthcare,41,,0,https://www.tulasihealthcare.com/tag/de-addiction/,true,"index, follow, max-image-preview:large, max-snippet:-1, max-video-preview:-1",0,,14,456,,5,5,223,5,CollectionPage BreadcrumbList WebSite Organization,2026-09-18T03:36:51+00:00
https://www.tulasihealthcare.com/tag/deaddiction/,/tag/deaddiction/,tag-archive,post_tag-sitemap,200,,deaddiction Archives - Tulasi Healthcare,40,,0,https://www.tulasihealthcare.com/tag/deaddiction/,true,"index, follow, max-image-preview:large, max-snippet:-1, max-video-preview:-1",0,,14,452,,5,5,223,5,CollectionPage ImageObject BreadcrumbList WebSite Organization,2026-09-18T03:38:17+00:00
https://www.tulasihealthcare.com/tag/deaddiction-center/,/tag/deaddiction-center/,tag-archive,post_tag-sitemap,200,,deaddiction center Archives - Tulasi Healthcare,47,,0,https://www.tulasihealthcare.com/tag/deaddiction-center/,true,"index, follow, max-image-preview:large, max-snippet:-1, max-video-preview:-1",0,,14,455,,5,5,223,5,CollectionPage ImageObject BreadcrumbList WebSite Organization,2026-09-18T03:36:50+00:00
https://www.tulasihealthcare.com/tag/deaddiction-centre/,/tag/deaddiction-centre/,tag-archive,post_tag-sitemap,200,,deaddiction centre Archives - Tulasi Healthcare,47,,0,https://www.tulasihealthcare.com/tag/deaddiction-centre/,true,"index, follow, max-image-preview:large, max-snippet:-1, max-video-preview:-1",0,,15,489,,5,5,224,5,CollectionPage ImageObject BreadcrumbList WebSite Organization,2026-09-18T03:38:15+00:00
https://www.tulasihealthcare.com/tag/deaddiction-treatment/,/tag/deaddiction-treatment/,tag-archive,post_tag-sitemap,200,,deaddiction treatment Archives - Tulasi Healthcare,50,,0,https://www.tulasihealthcare.com/tag/deaddiction-treatment/,true,"index, follow, max-image-preview:large, max-snippet:-1, max-video-preview:-1",0,,14,454,,5,5,223,5,CollectionPage ImageObject BreadcrumbList WebSite Organization,2026-09-18T03:36:44+00:00
https://www.tulasihealthcare.com/tag/delusional-disorder/,/tag/delusional-disorder/,tag-archive,post_tag-sitemap,200,,delusional disorder Archives - Tulasi Healthcare,48,,0,https://www.tulasihealthcare.com/tag/delusional-disorder/,true,"index, follow, max-image-preview:large, max-snippet:-1, max-video-preview:-1",0,,14,452,,5,5,223,5,CollectionPage ImageObject BreadcrumbList WebSite Organization,2026-09-18T03:38:15+00:00
https://www.tulasihealthcare.com/tag/dementia/,/tag/dementia/,tag-archive,post_tag-sitemap,200,,dementia Archives - Tulasi Healthcare,37,,0,https://www.tulasihealthcare.com/tag/dementia/,true,"index, follow, max-image-preview:large, max-snippet:-1, max-video-preview:-1",0,,14,449,,5,5,223,5,CollectionPage BreadcrumbList WebSite Organization,2026-09-18T03:36:51+00:00
https://www.tulasihealthcare.com/tag/depression/,/tag/depression/,tag-archive,post_tag-sitemap,200,,depression Archives - Tulasi Healthcare,39,,0,https://www.tulasihealthcare.com/tag/depression/,true,"index, follow, max-image-preview:large, max-snippet:-1, max-video-preview:-1",0,,17,550,,5,5,226,5,CollectionPage ImageObject BreadcrumbList WebSite Organization,2026-09-18T03:38:14+00:00
https://www.tulasihealthcare.com/tag/depression-awareness/,/tag/depression-awareness/,tag-archive,post_tag-sitemap,200,,depression awareness Archives - Tulasi Healthcare,49,,0,https://www.tulasihealthcare.com/tag/depression-awareness/,true,"index, follow, max-image-preview:large, max-snippet:-1, max-video-preview:-1",0,,15,481,,5,5,225,5,CollectionPage ImageObject BreadcrumbList WebSite Organization,2026-09-18T03:36:48+00:00
https://www.tulasihealthcare.com/tag/depression-help/,/tag/depression-help/,tag-archive,post_tag-sitemap,200,,depression help Archives - Tulasi Healthcare,44,,0,https://www.tulasihealthcare.com/tag/depression-help/,true,"index, follow, max-image-preview:large, max-snippet:-1, max-video-preview:-1",0,,14,453,,5,5,223,5,CollectionPage ImageObject BreadcrumbList WebSite Organization,2026-09-18T03:36:45+00:00
https://www.tulasihealthcare.com/tag/depression-recovery/,/tag/depression-recovery/,tag-archive,post_tag-sitemap,200,,depression recovery Archives - Tulasi Healthcare,48,,0,https://www.tulasihealthcare.com/tag/depression-recovery/,true,"index, follow, max-image-preview:large, max-snippet:-1, max-video-preview:-1",0,,15,483,,5,5,224,5,CollectionPage ImageObject BreadcrumbList WebSite Organization,2026-09-18T03:36:46+00:00
https://www.tulasihealthcare.com/tag/depression-support/,/tag/depression-support/,tag-archive,post_tag-sitemap,200,,depression support Archives - Tulasi Healthcare,47,,0,https://www.tulasihealthcare.com/tag/depression-support/,true,"index, follow, max-image-preview:large, max-snippet:-1, max-video-preview:-1",0,,16,515,,5,5,225,5,CollectionPage ImageObject BreadcrumbList WebSite Organization,2026-09-18T03:36:49+00:00
https://www.tulasihealthcare.com/tag/depression-treatment/,/tag/depression-treatment/,tag-archive,post_tag-sitemap,200,,depression treatment Archives - Tulasi Healthcare,49,,0,https://www.tulasihealthcare.com/tag/depression-treatment/,true,"index, follow, max-image-preview:large, max-snippet:-1, max-video-preview:-1",0,,15,483,,5,5,224,5,CollectionPage ImageObject BreadcrumbList WebSite Organization,2026-09-18T03:36:48+00:00
https://www.tulasihealthcare.com/tag/disability-awareness/,/tag/disability-awareness/,tag-archive,post_tag-sitemap,200,,disability awareness Archives - Tulasi Healthcare,49,,0,https://www.tulasihealthcare.com/tag/disability-awareness/,true,"index, follow, max-image-preview:large, max-snippet:-1, max-video-preview:-1",0,,14,451,,5,5,223,5,CollectionPage ImageObject BreadcrumbList WebSite Organization,2026-09-18T03:36:49+00:00
https://www.tulasihealthcare.com/tag/drug-addiction-treatment/,/tag/drug-addiction-treatment/,tag-archive,post_tag-sitemap,200,,drug addiction treatment Archives - Tulasi Healthcare,53,,0,https://www.tulasihealthcare.com/tag/drug-addiction-treatment/,true,"index, follow, max-image-preview:large, max-snippet:-1, max-video-preview:-1",0,,14,455,,5,5,223,5,CollectionPage ImageObject BreadcrumbList WebSite Organization,2026-09-18T03:36:44+00:00
https://www.tulasihealthcare.com/tag/dtms/,/tag/dtms/,tag-archive,post_tag-sitemap,200,,dtms Archives - Tulasi Healthcare,33,,0,https://www.tulasihealthcare.com/tag/dtms/,true,"index, follow, max-image-preview:large, max-snippet:-1, max-video-preview:-1",0,,14,453,,5,5,223,5,CollectionPage ImageObject BreadcrumbList WebSite Organization,2026-09-18T03:38:15+00:00
https://www.tulasihealthcare.com/tag/dtms-therapy/,/tag/dtms-therapy/,tag-archive,post_tag-sitemap,200,,dTMS therapy Archives - Tulasi Healthcare,41,,0,https://www.tulasihealthcare.com/tag/dtms-therapy/,true,"index, follow, max-image-preview:large, max-snippet:-1, max-video-preview:-1",0,,14,451,,5,5,223,5,CollectionPage ImageObject BreadcrumbList WebSite Organization,2026-09-18T03:36:45+00:00
https://www.tulasihealthcare.com/tag/ed/,/tag/ed/,tag-archive,post_tag-sitemap,200,,ED Archives - Tulasi Healthcare,31,,0,https://www.tulasihealthcare.com/tag/ed/,true,"index, follow, max-image-preview:large, max-snippet:-1, max-video-preview:-1",0,,14,449,,5,5,223,5,CollectionPage ImageObject BreadcrumbList WebSite Organization,2026-09-18T03:38:14+00:00
https://www.tulasihealthcare.com/tag/emdr-therapy/,/tag/emdr-therapy/,tag-archive,post_tag-sitemap,200,,EMDR therapy Archives - Tulasi Healthcare,41,,0,https://www.tulasihealthcare.com/tag/emdr-therapy/,true,"index, follow, max-image-preview:large, max-snippet:-1, max-video-preview:-1",0,,14,460,,5,5,223,5,CollectionPage BreadcrumbList WebSite Organization,2026-09-18T03:36:44+00:00
https://www.tulasihealthcare.com/tag/emotional-health/,/tag/emotional-health/,tag-archive,post_tag-sitemap,200,,emotional health Archives - Tulasi Healthcare,45,,0,https://www.tulasihealthcare.com/tag/emotional-health/,true,"index, follow, max-image-preview:large, max-snippet:-1, max-video-preview:-1",0,,15,483,,5,5,224,5,CollectionPage ImageObject BreadcrumbList WebSite Organization,2026-09-18T03:36:50+00:00
https://www.tulasihealthcare.com/tag/emotional-wellbeing/,/tag/emotional-wellbeing/,tag-archive,post_tag-sitemap,200,,emotional wellbeing Archives - Tulasi Healthcare,48,,0,https://www.tulasihealthcare.com/tag/emotional-wellbeing/,true,"index, follow, max-image-preview:large, max-snippet:-1, max-video-preview:-1",0,,20,657,,5,5,230,5,CollectionPage ImageObject BreadcrumbList WebSite Organization,2026-09-18T03:36:49+00:00
https://www.tulasihealthcare.com/tag/emotional-wellness/,/tag/emotional-wellness/,tag-archive,post_tag-sitemap,200,,emotional wellness Archives - Tulasi Healthcare,47,,0,https://www.tulasihealthcare.com/tag/emotional-wellness/,true,"index, follow, max-image-preview:large, max-snippet:-1, max-video-preview:-1",0,,18,584,,5,5,227,5,CollectionPage ImageObject BreadcrumbList WebSite Organization,2026-09-18T03:36:49+00:00
https://www.tulasihealthcare.com/tag/end-stigma/,/tag/end-stigma/,tag-archive,post_tag-sitemap,200,,end stigma Archives - Tulasi Healthcare,39,,0,https://www.tulasihealthcare.com/tag/end-stigma/,true,"index, follow, max-image-preview:large, max-snippet:-1, max-video-preview:-1",0,,14,452,,5,5,223,5,CollectionPage ImageObject BreadcrumbList WebSite Organization,2026-09-18T03:36:50+00:00
https://www.tulasihealthcare.com/tag/end-the-stigma/,/tag/end-the-stigma/,tag-archive,post_tag-sitemap,200,,end the stigma Archives - Tulasi Healthcare,43,,0,https://www.tulasihealthcare.com/tag/end-the-stigma/,true,"index, follow, max-image-preview:large, max-snippet:-1, max-video-preview:-1",0,,14,456,,5,5,223,5,CollectionPage ImageObject BreadcrumbList WebSite Organization,2026-09-18T03:36:48+00:00
https://www.tulasihealthcare.com/tag/erectile-dysfunction/,/tag/erectile-dysfunction/,tag-archive,post_tag-sitemap,200,,erectile dysfunction Archives - Tulasi Healthcare,49,,0,https://www.tulasihealthcare.com/tag/erectile-dysfunction/,true,"index, follow, max-image-preview:large, max-snippet:-1, max-video-preview:-1",0,,15,480,,5,5,224,5,CollectionPage BreadcrumbList WebSite Organization,2026-09-18T03:38:14+00:00
https://www.tulasihealthcare.com/tag/erp/,/tag/erp/,tag-archive,post_tag-sitemap,200,,erp Archives - Tulasi Healthcare,32,,0,https://www.tulasihealthcare.com/tag/erp/,true,"index, follow, max-image-preview:large, max-snippet:-1, max-video-preview:-1",0,,14,453,,5,5,223,5,CollectionPage ImageObject BreadcrumbList WebSite Organization,2026-09-18T03:38:15+00:00
https://www.tulasihealthcare.com/tag/exposure-therapy/,/tag/exposure-therapy/,tag-archive,post_tag-sitemap,200,,exposure therapy Archives - Tulasi Healthcare,45,,0,https://www.tulasihealthcare.com/tag/exposure-therapy/,true,"index, follow, max-image-preview:large, max-snippet:-1, max-video-preview:-1",0,,14,452,,5,5,223,5,CollectionPage ImageObject BreadcrumbList WebSite Organization,2026-09-18T03:36:49+00:00
https://www.tulasihealthcare.com/tag/family-counselling/,/tag/family-counselling/,tag-archive,post_tag-sitemap,200,,family counselling Archives - Tulasi Healthcare,47,,0,https://www.tulasihealthcare.com/tag/family-counselling/,true,"index, follow, max-image-preview:large, max-snippet:-1, max-video-preview:-1",0,,14,455,,5,5,223,5,CollectionPage ImageObject BreadcrumbList WebSite Organization,2026-09-18T03:36:45+00:00
https://www.tulasihealthcare.com/tag/family-therapy/,/tag/family-therapy/,tag-archive,post_tag-sitemap,200,,family therapy Archives - Tulasi Healthcare,43,,0,https://www.tulasihealthcare.com/tag/family-therapy/,true,"index, follow, max-image-preview:large, max-snippet:-1, max-video-preview:-1",0,,14,455,,5,5,223,5,CollectionPage ImageObject BreadcrumbList WebSite Organization,2026-09-18T03:36:45+00:00
https://www.tulasihealthcare.com/tag/female-sexual-disorder/,/tag/female-sexual-disorder/,tag-archive,post_tag-sitemap,200,,female sexual disorder Archives - Tulasi Healthcare,51,,0,https://www.tulasihealthcare.com/tag/female-sexual-disorder/,true,"index, follow, max-image-preview:large, max-snippet:-1, max-video-preview:-1",0,,14,453,,5,5,223,5,CollectionPage ImageObject BreadcrumbList WebSite Organization,2026-09-18T03:36:51+00:00
https://www.tulasihealthcare.com/tag/female-sexual-disorders/,/tag/female-sexual-disorders/,tag-archive,post_tag-sitemap,200,,female sexual disorders Archives - Tulasi Healthcare,52,,0,https://www.tulasihealthcare.com/tag/female-sexual-disorders/,true,"index, follow, max-image-preview:large, max-snippet:-1, max-video-preview:-1",0,,14,458,,5,5,223,5,CollectionPage ImageObject BreadcrumbList WebSite Organization,2026-09-18T03:36:51+00:00
https://www.tulasihealthcare.com/tag/first-psychiatry-visit/,/tag/first-psychiatry-visit/,tag-archive,post_tag-sitemap,200,,first psychiatry visit Archives - Tulasi Healthcare,51,,0,https://www.tulasihealthcare.com/tag/first-psychiatry-visit/,true,"index, follow, max-image-preview:large, max-snippet:-1, max-video-preview:-1",0,,14,457,,5,5,223,5,CollectionPage ImageObject BreadcrumbList WebSite Organization,2026-09-18T03:36:47+00:00
https://www.tulasihealthcare.com/tag/functional-anxiety/,/tag/functional-anxiety/,tag-archive,post_tag-sitemap,200,,functional anxiety Archives - Tulasi Healthcare,47,,0,https://www.tulasihealthcare.com/tag/functional-anxiety/,true,"index, follow, max-image-preview:large, max-snippet:-1, max-video-preview:-1",0,,14,452,,5,5,223,5,CollectionPage BreadcrumbList WebSite Organization,2026-09-18T03:36:47+00:00
https://www.tulasihealthcare.com/tag/geriatric-therapy/,/tag/geriatric-therapy/,tag-archive,post_tag-sitemap,200,,geriatric therapy Archives - Tulasi Healthcare,46,,0,https://www.tulasihealthcare.com/tag/geriatric-therapy/,true,"index, follow, max-image-preview:large, max-snippet:-1, max-video-preview:-1",0,,14,458,,5,5,223,5,CollectionPage ImageObject BreadcrumbList WebSite Organization,2026-09-18T03:36:51+00:00
https://www.tulasihealthcare.com/tag/group-therapy/,/tag/group-therapy/,tag-archive,post_tag-sitemap,200,,group therapy Archives - Tulasi Healthcare,42,,0,https://www.tulasihealthcare.com/tag/group-therapy/,true,"index, follow, max-image-preview:large, max-snippet:-1, max-video-preview:-1",0,,15,492,,5,5,224,5,CollectionPage ImageObject BreadcrumbList WebSite Organization,2026-10-03T06:24:41+00:00
https://www.tulasihealthcare.com/tag/healing-journey/,/tag/healing-journey/,tag-archive,post_tag-sitemap,200,,healing journey Archives - Tulasi Healthcare,44,,0,https://www.tulasihealthcare.com/tag/healing-journey/,true,"index, follow, max-image-preview:large, max-snippet:-1, max-video-preview:-1",0,,14,456,,5,5,223,5,CollectionPage ImageObject BreadcrumbList WebSite Organization,2026-09-18T03:36:49+00:00
https://www.tulasihealthcare.com/tag/healthy-eating/,/tag/healthy-eating/,tag-archive,post_tag-sitemap,200,,healthy eating Archives - Tulasi Healthcare,43,,0,https://www.tulasihealthcare.com/tag/healthy-eating/,true,"index, follow, max-image-preview:large, max-snippet:-1, max-video-preview:-1",0,,14,455,,5,5,223,5,CollectionPage ImageObject BreadcrumbList WebSite Organization,2026-09-18T03:36:49+00:00
https://www.tulasihealthcare.com/tag/healthy-habits/,/tag/healthy-habits/,tag-archive,post_tag-sitemap,200,,healthy habits Archives - Tulasi Healthcare,43,,0,https://www.tulasihealthcare.com/tag/healthy-habits/,true,"index, follow, max-image-preview:large, max-snippet:-1, max-video-preview:-1",0,,14,451,,5,5,223,5,CollectionPage ImageObject BreadcrumbList WebSite Organization,2026-09-18T03:36:46+00:00
https://www.tulasihealthcare.com/tag/healthy-mind/,/tag/healthy-mind/,tag-archive,post_tag-sitemap,200,,healthy mind Archives - Tulasi Healthcare,41,,0,https://www.tulasihealthcare.com/tag/healthy-mind/,true,"index, follow, max-image-preview:large, max-snippet:-1, max-video-preview:-1",0,,14,456,,5,5,223,5,CollectionPage ImageObject BreadcrumbList WebSite Organization,2026-09-18T03:36:47+00:00
https://www.tulasihealthcare.com/tag/healthy-therapy/,/tag/healthy-therapy/,tag-archive,post_tag-sitemap,200,,healthy therapy Archives - Tulasi Healthcare,44,,0,https://www.tulasihealthcare.com/tag/healthy-therapy/,true,"index, follow, max-image-preview:large, max-snippet:-1, max-video-preview:-1",0,,14,454,,5,5,223,5,CollectionPage ImageObject BreadcrumbList WebSite Organization,2026-09-18T03:36:46+00:00
https://www.tulasihealthcare.com/tag/histrionic-personality-disorder/,/tag/histrionic-personality-disorder/,tag-archive,post_tag-sitemap,200,,histrionic personality disorder Archives - Tulasi Healthcare,60,,0,https://www.tulasihealthcare.com/tag/histrionic-personality-disorder/,true,"index, follow, max-image-preview:large, max-snippet:-1, max-video-preview:-1",0,,14,453,,5,5,223,5,CollectionPage ImageObject BreadcrumbList WebSite Organization,2026-09-18T03:36:49+00:00
https://www.tulasihealthcare.com/tag/hormonal-imbalance/,/tag/hormonal-imbalance/,tag-archive,post_tag-sitemap,200,,hormonal imbalance Archives - Tulasi Healthcare,47,,0,https://www.tulasihealthcare.com/tag/hormonal-imbalance/,true,"index, follow, max-image-preview:large, max-snippet:-1, max-video-preview:-1",0,,14,453,,5,5,223,5,CollectionPage ImageObject BreadcrumbList WebSite Organization,2026-09-18T03:36:46+00:00
https://www.tulasihealthcare.com/tag/hustle-culture/,/tag/hustle-culture/,tag-archive,post_tag-sitemap,200,,hustle culture Archives - Tulasi Healthcare,43,,0,https://www.tulasihealthcare.com/tag/hustle-culture/,true,"index, follow, max-image-preview:large, max-snippet:-1, max-video-preview:-1",0,,14,460,,5,5,223,5,CollectionPage ImageObject BreadcrumbList WebSite Organization,2026-09-18T03:36:44+00:00
https://www.tulasihealthcare.com/tag/know-the-signs/,/tag/know-the-signs/,tag-archive,post_tag-sitemap,200,,know the signs Archives - Tulasi Healthcare,43,,0,https://www.tulasihealthcare.com/tag/know-the-signs/,true,"index, follow, max-image-preview:large, max-snippet:-1, max-video-preview:-1",0,,14,456,,5,5,223,5,CollectionPage ImageObject BreadcrumbList WebSite Organization,2026-09-18T03:36:49+00:00
https://www.tulasihealthcare.com/tag/loneliness/,/tag/loneliness/,tag-archive,post_tag-sitemap,200,,loneliness Archives - Tulasi Healthcare,39,,0,https://www.tulasihealthcare.com/tag/loneliness/,true,"index, follow, max-image-preview:large, max-snippet:-1, max-video-preview:-1",0,,14,453,,5,5,223,5,CollectionPage ImageObject BreadcrumbList WebSite Organization,2026-09-18T03:36:43+00:00
https://www.tulasihealthcare.com/tag/mania/,/tag/mania/,tag-archive,post_tag-sitemap,200,,mania Archives - Tulasi Healthcare,34,,0,https://www.tulasihealthcare.com/tag/mania/,true,"index, follow, max-image-preview:large, max-snippet:-1, max-video-preview:-1",0,,14,454,,5,5,223,5,CollectionPage ImageObject BreadcrumbList WebSite Organization,2026-09-18T03:38:17+00:00
https://www.tulasihealthcare.com/tag/marriage-counselling/,/tag/marriage-counselling/,tag-archive,post_tag-sitemap,200,,marriage counselling Archives - Tulasi Healthcare,49,,0,https://www.tulasihealthcare.com/tag/marriage-counselling/,true,"index, follow, max-image-preview:large, max-snippet:-1, max-video-preview:-1",0,,14,452,,5,5,223,5,CollectionPage ImageObject BreadcrumbList WebSite Organization,2026-09-18T03:36:43+00:00
https://www.tulasihealthcare.com/tag/meditation-for-anxiety/,/tag/meditation-for-anxiety/,tag-archive,post_tag-sitemap,200,,meditation for anxiety Archives - Tulasi Healthcare,51,,0,https://www.tulasihealthcare.com/tag/meditation-for-anxiety/,true,"index, follow, max-image-preview:large, max-snippet:-1, max-video-preview:-1",0,,14,454,,5,5,223,5,CollectionPage ImageObject BreadcrumbList WebSite Organization,2026-09-18T03:36:47+00:00
https://www.tulasihealthcare.com/tag/mental-breakdown/,/tag/mental-breakdown/,tag-archive,post_tag-sitemap,200,,mental breakdown Archives - Tulasi Healthcare,45,,0,https://www.tulasihealthcare.com/tag/mental-breakdown/,true,"index, follow, max-image-preview:large, max-snippet:-1, max-video-preview:-1",0,,14,455,,5,5,223,5,CollectionPage ImageObject BreadcrumbList WebSite Organization,2026-09-18T03:36:47+00:00
https://www.tulasihealthcare.com/tag/mental-health/,/tag/mental-health/,tag-archive,post_tag-sitemap,200,,mental health Archives - Tulasi Healthcare,42,,0,https://www.tulasihealthcare.com/tag/mental-health/,true,"index, follow, max-image-preview:large, max-snippet:-1, max-video-preview:-1",0,,23,770,,5,5,233,5,CollectionPage ImageObject BreadcrumbList WebSite Organization,2026-10-03T04:30:52+00:00
https://www.tulasihealthcare.com/tag/mental-health-awareness/,/tag/mental-health-awareness/,tag-archive,post_tag-sitemap,200,,mental health awareness Archives - Tulasi Healthcare,52,,0,https://www.tulasihealthcare.com/tag/mental-health-awareness/,true,"index, follow, max-image-preview:large, max-snippet:-1, max-video-preview:-1",0,,23,753,,5,5,233,5,CollectionPage ImageObject BreadcrumbList WebSite Organization,2026-10-03T06:24:41+00:00
https://www.tulasihealthcare.com/tag/mental-health-check/,/tag/mental-health-check/,tag-archive,post_tag-sitemap,200,,mental health check Archives - Tulasi Healthcare,48,,0,https://www.tulasihealthcare.com/tag/mental-health-check/,true,"index, follow, max-image-preview:large, max-snippet:-1, max-video-preview:-1",0,,14,455,,5,5,223,5,CollectionPage ImageObject BreadcrumbList WebSite Organization,2026-09-18T03:36:46+00:00
https://www.tulasihealthcare.com/tag/mental-health-counsellor/,/tag/mental-health-counsellor/,tag-archive,post_tag-sitemap,200,,mental health counsellor Archives - Tulasi Healthcare,53,,0,https://www.tulasihealthcare.com/tag/mental-health-counsellor/,true,"index, follow, max-image-preview:large, max-snippet:-1, max-video-preview:-1",0,,14,460,,5,5,222,5,CollectionPage ImageObject BreadcrumbList WebSite Organization,2026-10-03T04:31:06+00:00
https://www.tulasihealthcare.com/tag/mental-health-matters/,/tag/mental-health-matters/,tag-archive,post_tag-sitemap,200,,mental health matters Archives - Tulasi Healthcare,50,,0,https://www.tulasihealthcare.com/tag/mental-health-matters/,true,"index, follow, max-image-preview:large, max-snippet:-1, max-video-preview:-1",0,,19,614,,5,5,228,5,CollectionPage ImageObject BreadcrumbList WebSite Organization,2026-09-18T03:36:50+00:00
https://www.tulasihealthcare.com/tag/mental-health-recovery/,/tag/mental-health-recovery/,tag-archive,post_tag-sitemap,200,,mental health recovery Archives - Tulasi Healthcare,51,,0,https://www.tulasihealthcare.com/tag/mental-health-recovery/,true,"index, follow, max-image-preview:large, max-snippet:-1, max-video-preview:-1",0,,16,522,,5,5,226,5,CollectionPage ImageObject BreadcrumbList WebSite Organization,2026-10-03T04:30:52+00:00
https://www.tulasihealthcare.com/tag/mental-health-stigma/,/tag/mental-health-stigma/,tag-archive,post_tag-sitemap,200,,mental health stigma Archives - Tulasi Healthcare,49,,0,https://www.tulasihealthcare.com/tag/mental-health-stigma/,true,"index, follow, max-image-preview:large, max-snippet:-1, max-video-preview:-1",0,,15,486,,5,5,224,5,CollectionPage ImageObject BreadcrumbList WebSite Organization,2026-09-18T03:36:50+00:00
https://www.tulasihealthcare.com/tag/mental-health-support/,/tag/mental-health-support/,tag-archive,post_tag-sitemap,200,,mental health support Archives - Tulasi Healthcare,50,,0,https://www.tulasihealthcare.com/tag/mental-health-support/,true,"index, follow, max-image-preview:large, max-snippet:-1, max-video-preview:-1",0,,23,748,,5,5,233,5,CollectionPage ImageObject BreadcrumbList WebSite Organization,2026-09-18T03:36:49+00:00
https://www.tulasihealthcare.com/tag/mental-health-treatment/,/tag/mental-health-treatment/,tag-archive,post_tag-sitemap,200,,mental health treatment Archives - Tulasi Healthcare,52,,0,https://www.tulasihealthcare.com/tag/mental-health-treatment/,true,"index, follow, max-image-preview:large, max-snippet:-1, max-video-preview:-1",0,,15,485,,5,5,225,5,CollectionPage ImageObject BreadcrumbList WebSite Organization,2026-09-18T03:36:46+00:00
https://www.tulasihealthcare.com/tag/mental-healthcare/,/tag/mental-healthcare/,tag-archive,post_tag-sitemap,200,,mental healthcare Archives - Tulasi Healthcare,46,,0,https://www.tulasihealthcare.com/tag/mental-healthcare/,true,"index, follow, max-image-preview:large, max-snippet:-1, max-video-preview:-1",0,,19,628,,5,5,229,5,CollectionPage ImageObject BreadcrumbList WebSite Organization,2026-09-18T03:36:46+00:00
https://www.tulasihealthcare.com/tag/mental-hospital/,/tag/mental-hospital/,tag-archive,post_tag-sitemap,200,,mental hospital Archives - Tulasi Healthcare,44,,0,https://www.tulasihealthcare.com/tag/mental-hospital/,true,"index, follow, max-image-preview:large, max-snippet:-1, max-video-preview:-1",0,,14,451,,5,5,223,5,CollectionPage ImageObject BreadcrumbList WebSite Organization,2026-09-18T03:38:15+00:00
https://www.tulasihealthcare.com/tag/mental-hospital-in-gurgaon/,/tag/mental-hospital-in-gurgaon/,tag-archive,post_tag-sitemap,200,,mental hospital in gurgaon Archives - Tulasi Healthcare,55,,0,https://www.tulasihealthcare.com/tag/mental-hospital-in-gurgaon/,true,"index, follow, max-image-preview:large, max-snippet:-1, max-video-preview:-1",0,,14,455,,5,5,223,5,CollectionPage ImageObject BreadcrumbList WebSite Organization,2026-09-18T03:36:50+00:00
https://www.tulasihealthcare.com/tag/mental-hospital-in-india/,/tag/mental-hospital-in-india/,tag-archive,post_tag-sitemap,200,,mental hospital in india Archives - Tulasi Healthcare,53,,0,https://www.tulasihealthcare.com/tag/mental-hospital-in-india/,true,"index, follow, max-image-preview:large, max-snippet:-1, max-video-preview:-1",0,,14,457,,5,5,223,5,CollectionPage ImageObject BreadcrumbList WebSite Organization,2026-09-18T03:36:46+00:00
https://www.tulasihealthcare.com/tag/mental-wellbeing/,/tag/mental-wellbeing/,tag-archive,post_tag-sitemap,200,,mental wellbeing Archives - Tulasi Healthcare,45,,0,https://www.tulasihealthcare.com/tag/mental-wellbeing/,true,"index, follow, max-image-preview:large, max-snippet:-1, max-video-preview:-1",0,,18,586,,5,5,227,5,CollectionPage ImageObject BreadcrumbList WebSite Organization,2026-09-18T03:36:48+00:00
https://www.tulasihealthcare.com/tag/mental-wellness/,/tag/mental-wellness/,tag-archive,post_tag-sitemap,200,,mental wellness Archives - Tulasi Healthcare,44,,0,https://www.tulasihealthcare.com/tag/mental-wellness/,true,"index, follow, max-image-preview:large, max-snippet:-1, max-video-preview:-1",0,,23,756,,5,5,233,5,CollectionPage ImageObject BreadcrumbList WebSite Organization,2026-10-03T06:24:41+00:00
https://www.tulasihealthcare.com/tag/mentalhealth/,/tag/mentalhealth/,tag-archive,post_tag-sitemap,200,,mentalhealth Archives - Tulasi Healthcare,41,,0,https://www.tulasihealthcare.com/tag/mentalhealth/,true,"index, follow, max-image-preview:large, max-snippet:-1, max-video-preview:-1",0,,15,492,,5,5,225,5,CollectionPage ImageObject BreadcrumbList WebSite Organization,2026-10-03T04:30:44+00:00
https://www.tulasihealthcare.com/tag/mentalhealthawareness/,/tag/mentalhealthawareness/,tag-archive,post_tag-sitemap,200,,mentalhealthawareness Archives - Tulasi Healthcare,50,,0,https://www.tulasihealthcare.com/tag/mentalhealthawareness/,true,"index, follow, max-image-preview:large, max-snippet:-1, max-video-preview:-1",0,,23,753,,5,5,233,5,CollectionPage ImageObject BreadcrumbList WebSite Organization,2026-10-03T04:30:44+00:00
https://www.tulasihealthcare.com/tag/mentalhealthmatters/,/tag/mentalhealthmatters/,tag-archive,post_tag-sitemap,200,,mentalhealthmatters Archives - Tulasi Healthcare,48,,0,https://www.tulasihealthcare.com/tag/mentalhealthmatters/,true,"index, follow, max-image-preview:large, max-snippet:-1, max-video-preview:-1",0,,23,742,,5,5,233,5,CollectionPage ImageObject BreadcrumbList WebSite Organization,2026-09-18T03:36:49+00:00
https://www.tulasihealthcare.com/tag/mentalwellness/,/tag/mentalwellness/,tag-archive,post_tag-sitemap,200,,mentalwellness Archives - Tulasi Healthcare,43,,0,https://www.tulasihealthcare.com/tag/mentalwellness/,true,"index, follow, max-image-preview:large, max-snippet:-1, max-video-preview:-1",0,,19,618,,5,5,228,5,CollectionPage ImageObject BreadcrumbList WebSite Organization,2026-09-18T03:36:50+00:00
https://www.tulasihealthcare.com/tag/mind-health/,/tag/mind-health/,tag-archive,post_tag-sitemap,200,,mind health Archives - Tulasi Healthcare,40,,0,https://www.tulasihealthcare.com/tag/mind-health/,true,"index, follow, max-image-preview:large, max-snippet:-1, max-video-preview:-1",0,,14,455,,5,5,223,5,CollectionPage ImageObject BreadcrumbList WebSite Organization,2026-09-18T03:36:49+00:00
https://www.tulasihealthcare.com/tag/mind-health-matters/,/tag/mind-health-matters/,tag-archive,post_tag-sitemap,200,,mind health matters Archives - Tulasi Healthcare,48,,0,https://www.tulasihealthcare.com/tag/mind-health-matters/,true,"index, follow, max-image-preview:large, max-snippet:-1, max-video-preview:-1",0,,14,455,,5,5,223,5,CollectionPage ImageObject BreadcrumbList WebSite Organization,2026-09-18T03:36:48+00:00
https://www.tulasihealthcare.com/tag/mindfulness/,/tag/mindfulness/,tag-archive,post_tag-sitemap,200,,mindfulness Archives - Tulasi Healthcare,40,,0,https://www.tulasihealthcare.com/tag/mindfulness/,true,"index, follow, max-image-preview:large, max-snippet:-1, max-video-preview:-1",0,,15,484,,5,5,225,5,CollectionPage ImageObject BreadcrumbList WebSite Organization,2026-09-18T03:38:16+00:00
https://www.tulasihealthcare.com/tag/mindfulness-practice/,/tag/mindfulness-practice/,tag-archive,post_tag-sitemap,200,,mindfulness practice Archives - Tulasi Healthcare,49,,0,https://www.tulasihealthcare.com/tag/mindfulness-practice/,true,"index, follow, max-image-preview:large, max-snippet:-1, max-video-preview:-1",0,,14,453,,5,5,223,5,CollectionPage ImageObject BreadcrumbList WebSite Organization,2026-09-18T03:36:47+00:00
https://www.tulasihealthcare.com/tag/modern-therapies/,/tag/modern-therapies/,tag-archive,post_tag-sitemap,200,,modern therapies Archives - Tulasi Healthcare,45,,0,https://www.tulasihealthcare.com/tag/modern-therapies/,true,"index, follow, max-image-preview:large, max-snippet:-1, max-video-preview:-1",0,,14,450,,5,5,223,5,CollectionPage ImageObject BreadcrumbList WebSite Organization,2026-09-18T03:36:50+00:00
https://www.tulasihealthcare.com/tag/mood-stabilizer/,/tag/mood-stabilizer/,tag-archive,post_tag-sitemap,200,,mood stabilizer Archives - Tulasi Healthcare,44,,0,https://www.tulasihealthcare.com/tag/mood-stabilizer/,true,"index, follow, max-image-preview:large, max-snippet:-1, max-video-preview:-1",0,,14,449,,5,5,223,5,CollectionPage ImageObject BreadcrumbList WebSite Organization,2026-09-18T03:38:16+00:00
https://www.tulasihealthcare.com/tag/narcissism/,/tag/narcissism/,tag-archive,post_tag-sitemap,200,,narcissism Archives - Tulasi Healthcare,39,,0,https://www.tulasihealthcare.com/tag/narcissism/,true,"index, follow, max-image-preview:large, max-snippet:-1, max-video-preview:-1",0,,14,454,,5,5,223,5,CollectionPage ImageObject BreadcrumbList WebSite Organization,2026-09-18T03:36:49+00:00
https://www.tulasihealthcare.com/tag/narcissist/,/tag/narcissist/,tag-archive,post_tag-sitemap,200,,narcissist Archives - Tulasi Healthcare,39,,0,https://www.tulasihealthcare.com/tag/narcissist/,true,"index, follow, max-image-preview:large, max-snippet:-1, max-video-preview:-1",0,,14,454,,5,5,223,5,CollectionPage ImageObject BreadcrumbList WebSite Organization,2026-09-18T03:36:49+00:00
https://www.tulasihealthcare.com/tag/obsessive-compulsive-disorder/,/tag/obsessive-compulsive-disorder/,tag-archive,post_tag-sitemap,200,,obsessive compulsive disorder Archives - Tulasi Healthcare,58,,0,https://www.tulasihealthcare.com/tag/obsessive-compulsive-disorder/,true,"index, follow, max-image-preview:large, max-snippet:-1, max-video-preview:-1",0,,16,523,,5,5,226,5,CollectionPage ImageObject BreadcrumbList WebSite Organization,2026-09-18T03:38:15+00:00
https://www.tulasihealthcare.com/tag/obsessive-compulsive-disorder-treatment/,/tag/obsessive-compulsive-disorder-treatment/,tag-archive,post_tag-sitemap,200,,obsessive compulsive disorder treatment Archives - Tulasi Healthcare,68,,0,https://www.tulasihealthcare.com/tag/obsessive-compulsive-disorder-treatment/,true,"index, follow, max-image-preview:large, max-snippet:-1, max-video-preview:-1",0,,14,461,,5,5,223,5,CollectionPage ImageObject BreadcrumbList WebSite Organization,2026-09-18T03:38:15+00:00
https://www.tulasihealthcare.com/tag/ocd/,/tag/ocd/,tag-archive,post_tag-sitemap,200,,ocd Archives - Tulasi Healthcare,32,,0,https://www.tulasihealthcare.com/tag/ocd/,true,"index, follow, max-image-preview:large, max-snippet:-1, max-video-preview:-1",0,,17,549,,5,5,228,5,CollectionPage ImageObject BreadcrumbList WebSite Organization,2026-09-18T03:38:17+00:00
https://www.tulasihealthcare.com/tag/ocd-new-treatment/,/tag/ocd-new-treatment/,tag-archive,post_tag-sitemap,200,,ocd new treatment Archives - Tulasi Healthcare,46,,0,https://www.tulasihealthcare.com/tag/ocd-new-treatment/,true,"index, follow, max-image-preview:large, max-snippet:-1, max-video-preview:-1",0,,14,455,,5,5,223,5,CollectionPage ImageObject BreadcrumbList WebSite Organization,2026-09-18T03:38:15+00:00
https://www.tulasihealthcare.com/tag/ocd-patient/,/tag/ocd-patient/,tag-archive,post_tag-sitemap,200,,OCD patient Archives - Tulasi Healthcare,40,,0,https://www.tulasihealthcare.com/tag/ocd-patient/,true,"index, follow, max-image-preview:large, max-snippet:-1, max-video-preview:-1",0,,15,490,,5,5,224,5,CollectionPage ImageObject BreadcrumbList WebSite Organization,2026-09-18T03:38:15+00:00
https://www.tulasihealthcare.com/tag/ocd-recovery/,/tag/ocd-recovery/,tag-archive,post_tag-sitemap,200,,ocd recovery Archives - Tulasi Healthcare,41,,0,https://www.tulasihealthcare.com/tag/ocd-recovery/,true,"index, follow, max-image-preview:large, max-snippet:-1, max-video-preview:-1",0,,15,489,,5,5,224,5,CollectionPage ImageObject BreadcrumbList WebSite Organization,2026-09-18T03:36:49+00:00
https://www.tulasihealthcare.com/tag/ocd-treatment/,/tag/ocd-treatment/,tag-archive,post_tag-sitemap,200,,ocd treatment Archives - Tulasi Healthcare,42,,0,https://www.tulasihealthcare.com/tag/ocd-treatment/,true,"index, follow, max-image-preview:large, max-snippet:-1, max-video-preview:-1",0,,16,517,,5,5,225,5,CollectionPage ImageObject BreadcrumbList WebSite Organization,2026-09-18T03:36:51+00:00
https://www.tulasihealthcare.com/tag/ocd-treatment-in-delhi/,/tag/ocd-treatment-in-delhi/,tag-archive,post_tag-sitemap,200,,ocd treatment in delhi Archives - Tulasi Healthcare,51,,0,https://www.tulasihealthcare.com/tag/ocd-treatment-in-delhi/,true,"index, follow, max-image-preview:large, max-snippet:-1, max-video-preview:-1",0,,14,455,,5,5,223,5,CollectionPage ImageObject BreadcrumbList WebSite Organization,2026-09-18T03:36:51+00:00
https://www.tulasihealthcare.com/tag/online-therapy/,/tag/online-therapy/,tag-archive,post_tag-sitemap,200,,online therapy Archives - Tulasi Healthcare,43,,0,https://www.tulasihealthcare.com/tag/online-therapy/,true,"index, follow, max-image-preview:large, max-snippet:-1, max-video-preview:-1",0,,14,454,,5,5,223,5,CollectionPage ImageObject BreadcrumbList WebSite Organization,2026-09-18T03:36:46+00:00
https://www.tulasihealthcare.com/tag/overcome-fear/,/tag/overcome-fear/,tag-archive,post_tag-sitemap,200,,overcome fear Archives - Tulasi Healthcare,42,,0,https://www.tulasihealthcare.com/tag/overcome-fear/,true,"index, follow, max-image-preview:large, max-snippet:-1, max-video-preview:-1",0,,14,452,,5,5,223,5,CollectionPage ImageObject BreadcrumbList WebSite Organization,2026-09-18T03:36:49+00:00
https://www.tulasihealthcare.com/tag/overthinking/,/tag/overthinking/,tag-archive,post_tag-sitemap,200,,overthinking Archives - Tulasi Healthcare,41,,0,https://www.tulasihealthcare.com/tag/overthinking/,true,"index, follow, max-image-preview:large, max-snippet:-1, max-video-preview:-1",0,,14,452,,5,5,223,5,CollectionPage ImageObject BreadcrumbList WebSite Organization,2026-09-18T03:36:46+00:00
https://www.tulasihealthcare.com/tag/parenting-tips/,/tag/parenting-tips/,tag-archive,post_tag-sitemap,200,,parenting tips Archives - Tulasi Healthcare,43,,0,https://www.tulasihealthcare.com/tag/parenting-tips/,true,"index, follow, max-image-preview:large, max-snippet:-1, max-video-preview:-1",0,,14,456,,5,5,223,5,CollectionPage BreadcrumbList WebSite Organization,2026-09-18T03:36:50+00:00
https://www.tulasihealthcare.com/tag/personality-disorder/,/tag/personality-disorder/,tag-archive,post_tag-sitemap,200,,Personality Disorder Archives - Tulasi Healthcare,49,,0,https://www.tulasihealthcare.com/tag/personality-disorder/,true,"index, follow, max-image-preview:large, max-snippet:-1, max-video-preview:-1",0,,18,585,,5,5,227,5,CollectionPage ImageObject BreadcrumbList WebSite Organization,2026-09-18T03:38:14+00:00
https://www.tulasihealthcare.com/tag/personality-disorder-treatment/,/tag/personality-disorder-treatment/,tag-archive,post_tag-sitemap,200,,Personality disorder treatment Archives - Tulasi Healthcare,59,,0,https://www.tulasihealthcare.com/tag/personality-disorder-treatment/,true,"index, follow, max-image-preview:large, max-snippet:-1, max-video-preview:-1",0,,15,491,,5,5,225,5,CollectionPage ImageObject BreadcrumbList WebSite Organization,2026-09-18T03:38:14+00:00
https://www.tulasihealthcare.com/tag/psychiatric-help/,/tag/psychiatric-help/,tag-archive,post_tag-sitemap,200,,psychiatric help Archives - Tulasi Healthcare,45,,0,https://www.tulasihealthcare.com/tag/psychiatric-help/,true,"index, follow, max-image-preview:large, max-snippet:-1, max-video-preview:-1",0,,15,490,,5,5,224,5,CollectionPage ImageObject BreadcrumbList WebSite Organization,2026-09-18T03:36:46+00:00
https://www.tulasihealthcare.com/tag/psychiatrist/,/tag/psychiatrist/,tag-archive,post_tag-sitemap,200,,psychiatrist Archives - Tulasi Healthcare,41,,0,https://www.tulasihealthcare.com/tag/psychiatrist/,true,"index, follow, max-image-preview:large, max-snippet:-1, max-video-preview:-1",0,,23,726,,5,5,232,5,CollectionPage BreadcrumbList WebSite Organization,2026-09-18T03:36:51+00:00
https://www.tulasihealthcare.com/tag/psychiatrist-for-depression-in-delhi/,/tag/psychiatrist-for-depression-in-delhi/,tag-archive,post_tag-sitemap,200,,psychiatrist for depression in Delhi Archives - Tulasi Healthcare,65,,0,https://www.tulasihealthcare.com/tag/psychiatrist-for-depression-in-delhi/,true,"index, follow, max-image-preview:large, max-snippet:-1, max-video-preview:-1",0,,14,457,,5,5,223,5,CollectionPage ImageObject BreadcrumbList WebSite Organization,2026-09-18T03:36:45+00:00
https://www.tulasihealthcare.com/tag/psychiatrist-in-bangalore/,/tag/psychiatrist-in-bangalore/,tag-archive,post_tag-sitemap,200,,psychiatrist in bangalore Archives - Tulasi Healthcare,54,,0,https://www.tulasihealthcare.com/tag/psychiatrist-in-bangalore/,true,"index, follow, max-image-preview:large, max-snippet:-1, max-video-preview:-1",0,,23,729,,5,5,233,5,CollectionPage ImageObject BreadcrumbList WebSite Organization,2026-09-18T03:36:48+00:00
https://www.tulasihealthcare.com/tag/psychiatrist-in-chandigarh/,/tag/psychiatrist-in-chandigarh/,tag-archive,post_tag-sitemap,200,,psychiatrist in chandigarh Archives - Tulasi Healthcare,55,,0,https://www.tulasihealthcare.com/tag/psychiatrist-in-chandigarh/,true,"index, follow, max-image-preview:large, max-snippet:-1, max-video-preview:-1",0,,15,486,,5,5,224,5,CollectionPage ImageObject BreadcrumbList WebSite Organization,2026-09-18T03:36:48+00:00
https://www.tulasihealthcare.com/tag/psychiatrist-in-delhi/,/tag/psychiatrist-in-delhi/,tag-archive,post_tag-sitemap,200,,psychiatrist in delhi Archives - Tulasi Healthcare,50,,0,https://www.tulasihealthcare.com/tag/psychiatrist-in-delhi/,true,"index, follow, max-image-preview:large, max-snippet:-1, max-video-preview:-1",0,,23,745,,5,5,233,5,CollectionPage ImageObject BreadcrumbList WebSite Organization,2026-10-03T04:30:44+00:00
https://www.tulasihealthcare.com/tag/psychiatrist-in-gurgaon/,/tag/psychiatrist-in-gurgaon/,tag-archive,post_tag-sitemap,200,,psychiatrist in gurgaon Archives - Tulasi Healthcare,52,,0,https://www.tulasihealthcare.com/tag/psychiatrist-in-gurgaon/,true,"index, follow, max-image-preview:large, max-snippet:-1, max-video-preview:-1",0,,22,698,,5,5,231,5,CollectionPage ImageObject BreadcrumbList WebSite Organization,2026-09-18T03:36:50+00:00
https://www.tulasihealthcare.com/tag/psychiatrist-in-india/,/tag/psychiatrist-in-india/,tag-archive,post_tag-sitemap,200,,psychiatrist in india Archives - Tulasi Healthcare,50,,0,https://www.tulasihealthcare.com/tag/psychiatrist-in-india/,true,"index, follow, max-image-preview:large, max-snippet:-1, max-video-preview:-1",0,,23,735,,5,5,233,5,CollectionPage ImageObject BreadcrumbList WebSite Organization,2026-09-18T03:38:17+00:00
https://www.tulasihealthcare.com/tag/psychiatrist-in-mumbai/,/tag/psychiatrist-in-mumbai/,tag-archive,post_tag-sitemap,200,,psychiatrist in mumbai Archives - Tulasi Healthcare,51,,0,https://www.tulasihealthcare.com/tag/psychiatrist-in-mumbai/,true,"index, follow, max-image-preview:large, max-snippet:-1, max-video-preview:-1",0,,23,750,,5,5,233,5,CollectionPage ImageObject BreadcrumbList WebSite Organization,2026-09-18T03:36:48+00:00
https://www.tulasihealthcare.com/tag/psychiatrist-in-noida/,/tag/psychiatrist-in-noida/,tag-archive,post_tag-sitemap,200,,psychiatrist in noida Archives - Tulasi Healthcare,50,,0,https://www.tulasihealthcare.com/tag/psychiatrist-in-noida/,true,"index, follow, max-image-preview:large, max-snippet:-1, max-video-preview:-1",0,,23,750,,5,5,233,5,CollectionPage ImageObject BreadcrumbList WebSite Organization,2026-09-18T03:36:48+00:00
https://www.tulasihealthcare.com/tag/psychiatrist-near-me/,/tag/psychiatrist-near-me/,tag-archive,post_tag-sitemap,200,,psychiatrist near me Archives - Tulasi Healthcare,49,,0,https://www.tulasihealthcare.com/tag/psychiatrist-near-me/,true,"index, follow, max-image-preview:large, max-snippet:-1, max-video-preview:-1",0,,14,455,,5,5,223,5,CollectionPage BreadcrumbList WebSite Organization,2026-09-18T03:36:47+00:00
https://www.tulasihealthcare.com/tag/psycho-therapy/,/tag/psycho-therapy/,tag-archive,post_tag-sitemap,200,,psycho therapy Archives - Tulasi Healthcare,43,,0,https://www.tulasihealthcare.com/tag/psycho-therapy/,true,"index, follow, max-image-preview:large, max-snippet:-1, max-video-preview:-1",0,,14,456,,5,5,223,5,CollectionPage ImageObject BreadcrumbList WebSite Organization,2026-09-18T03:36:43+00:00
https://www.tulasihealthcare.com/tag/psychodynamic-therapy/,/tag/psychodynamic-therapy/,tag-archive,post_tag-sitemap,200,,psychodynamic therapy Archives - Tulasi Healthcare,50,,0,https://www.tulasihealthcare.com/tag/psychodynamic-therapy/,true,"index, follow, max-image-preview:large, max-snippet:-1, max-video-preview:-1",0,,14,456,,5,5,223,5,CollectionPage ImageObject BreadcrumbList WebSite Organization,2026-09-18T03:36:43+00:00
https://www.tulasihealthcare.com/tag/psychological-terms/,/tag/psychological-terms/,tag-archive,post_tag-sitemap,200,,psychological terms Archives - Tulasi Healthcare,48,,0,https://www.tulasihealthcare.com/tag/psychological-terms/,true,"index, follow, max-image-preview:large, max-snippet:-1, max-video-preview:-1",0,,14,457,,5,5,223,5,CollectionPage ImageObject BreadcrumbList WebSite Organization,2026-09-18T03:36:43+00:00
https://www.tulasihealthcare.com/tag/psychologist-in-delhi/,/tag/psychologist-in-delhi/,tag-archive,post_tag-sitemap,200,,psychologist in delhi Archives - Tulasi Healthcare,50,,0,https://www.tulasihealthcare.com/tag/psychologist-in-delhi/,true,"index, follow, max-image-preview:large, max-snippet:-1, max-video-preview:-1",0,,20,653,,5,5,230,5,CollectionPage ImageObject BreadcrumbList WebSite Organization,2026-09-18T03:36:49+00:00
https://www.tulasihealthcare.com/tag/psychologist-in-delhi-for-depression/,/tag/psychologist-in-delhi-for-depression/,tag-archive,post_tag-sitemap,200,,psychologist in Delhi for depression Archives - Tulasi Healthcare,65,,0,https://www.tulasihealthcare.com/tag/psychologist-in-delhi-for-depression/,true,"index, follow, max-image-preview:large, max-snippet:-1, max-video-preview:-1",0,,14,455,,5,5,223,5,CollectionPage ImageObject BreadcrumbList WebSite Organization,2026-09-18T03:36:43+00:00
https://www.tulasihealthcare.com/tag/psychologist-in-gurgaon/,/tag/psychologist-in-gurgaon/,tag-archive,post_tag-sitemap,200,,psychologist in gurgaon Archives - Tulasi Healthcare,52,,0,https://www.tulasihealthcare.com/tag/psychologist-in-gurgaon/,true,"index, follow, max-image-preview:large, max-snippet:-1, max-video-preview:-1",0,,18,597,,5,5,227,5,CollectionPage ImageObject BreadcrumbList WebSite Organization,2026-10-03T06:24:41+00:00
https://www.tulasihealthcare.com/tag/psychologist-near-me/,/tag/psychologist-near-me/,tag-archive,post_tag-sitemap,200,,psychologist near me Archives - Tulasi Healthcare,49,,0,https://www.tulasihealthcare.com/tag/psychologist-near-me/,true,"index, follow, max-image-preview:large, max-snippet:-1, max-video-preview:-1",0,,17,549,,5,5,226,5,CollectionPage ImageObject BreadcrumbList WebSite Organization,2026-09-18T03:36:45+00:00
https://www.tulasihealthcare.com/tag/psychosis-treatment/,/tag/psychosis-treatment/,tag-archive,post_tag-sitemap,200,,psychosis treatment Archives - Tulasi Healthcare,48,,0,https://www.tulasihealthcare.com/tag/psychosis-treatment/,true,"index, follow, max-image-preview:large, max-snippet:-1, max-video-preview:-1",0,,14,459,,5,5,223,5,CollectionPage ImageObject BreadcrumbList WebSite Organization,2026-09-18T03:36:43+00:00
https://www.tulasihealthcare.com/tag/psychosis-treatment-in-delhi/,/tag/psychosis-treatment-in-delhi/,tag-archive,post_tag-sitemap,200,,psychosis treatment in Delhi Archives - Tulasi Healthcare,57,,0,https://www.tulasihealthcare.com/tag/psychosis-treatment-in-delhi/,true,"index, follow, max-image-preview:large, max-snippet:-1, max-video-preview:-1",0,,14,461,,5,5,223,5,CollectionPage ImageObject BreadcrumbList WebSite Organization,2026-09-18T03:36:43+00:00
https://www.tulasihealthcare.com/tag/psychotherapy/,/tag/psychotherapy/,tag-archive,post_tag-sitemap,200,,psychotherapy Archives - Tulasi Healthcare,42,,0,https://www.tulasihealthcare.com/tag/psychotherapy/,true,"index, follow, max-image-preview:large, max-snippet:-1, max-video-preview:-1",0,,14,454,,5,5,223,5,CollectionPage ImageObject BreadcrumbList WebSite Organization,2026-09-18T03:36:49+00:00
https://www.tulasihealthcare.com/tag/rebt/,/tag/rebt/,tag-archive,post_tag-sitemap,200,,REBT Archives - Tulasi Healthcare,33,,0,https://www.tulasihealthcare.com/tag/rebt/,true,"index, follow, max-image-preview:large, max-snippet:-1, max-video-preview:-1",0,,14,453,,5,5,223,5,CollectionPage ImageObject BreadcrumbList WebSite Organization,2026-09-18T03:36:49+00:00
https://www.tulasihealthcare.com/tag/recovery-is-possible/,/tag/recovery-is-possible/,tag-archive,post_tag-sitemap,200,,recovery is possible Archives - Tulasi Healthcare,49,,0,https://www.tulasihealthcare.com/tag/recovery-is-possible/,true,"index, follow, max-image-preview:large, max-snippet:-1, max-video-preview:-1",0,,15,487,,5,5,224,5,CollectionPage ImageObject BreadcrumbList WebSite Organization,2026-09-18T03:36:48+00:00
https://www.tulasihealthcare.com/tag/red-flags-in-therapy/,/tag/red-flags-in-therapy/,tag-archive,post_tag-sitemap,200,,red flags in therapy Archives - Tulasi Healthcare,49,,0,https://www.tulasihealthcare.com/tag/red-flags-in-therapy/,true,"index, follow, max-image-preview:large, max-snippet:-1, max-video-preview:-1",0,,14,456,,5,5,223,5,CollectionPage ImageObject BreadcrumbList WebSite Organization,2026-09-18T03:36:46+00:00
https://www.tulasihealthcare.com/tag/rehab-centre/,/tag/rehab-centre/,tag-archive,post_tag-sitemap,200,,rehab centre Archives - Tulasi Healthcare,41,,0,https://www.tulasihealthcare.com/tag/rehab-centre/,true,"index, follow, max-image-preview:large, max-snippet:-1, max-video-preview:-1",0,,20,649,,5,5,231,5,CollectionPage ImageObject BreadcrumbList WebSite Organization,2026-09-18T03:38:15+00:00
https://www.tulasihealthcare.com/tag/rehabilitation-center/,/tag/rehabilitation-center/,tag-archive,post_tag-sitemap,200,,rehabilitation center Archives - Tulasi Healthcare,50,,0,https://www.tulasihealthcare.com/tag/rehabilitation-center/,true,"index, follow, max-image-preview:large, max-snippet:-1, max-video-preview:-1",0,,15,491,,5,5,224,5,CollectionPage ImageObject BreadcrumbList WebSite Organization,2026-09-18T03:36:51+00:00
https://www.tulasihealthcare.com/tag/rehabilitation-centre/,/tag/rehabilitation-centre/,tag-archive,post_tag-sitemap,200,,rehabilitation centre Archives - Tulasi Healthcare,50,,0,https://www.tulasihealthcare.com/tag/rehabilitation-centre/,true,"index, follow, max-image-preview:large, max-snippet:-1, max-video-preview:-1",0,,21,674,,5,5,232,5,CollectionPage BreadcrumbList WebSite Organization,2026-09-18T03:38:17+00:00
https://www.tulasihealthcare.com/tag/relapse/,/tag/relapse/,tag-archive,post_tag-sitemap,200,,relapse Archives - Tulasi Healthcare,36,,0,https://www.tulasihealthcare.com/tag/relapse/,true,"index, follow, max-image-preview:large, max-snippet:-1, max-video-preview:-1",0,,14,453,,5,5,223,5,CollectionPage BreadcrumbList WebSite Organization,2026-09-18T03:36:51+00:00
https://www.tulasihealthcare.com/tag/relationship-therapy/,/tag/relationship-therapy/,tag-archive,post_tag-sitemap,200,,relationship therapy Archives - Tulasi Healthcare,49,,0,https://www.tulasihealthcare.com/tag/relationship-therapy/,true,"index, follow, max-image-preview:large, max-snippet:-1, max-video-preview:-1",0,,14,452,,5,5,223,5,CollectionPage ImageObject BreadcrumbList WebSite Organization,2026-09-18T03:36:43+00:00
https://www.tulasihealthcare.com/tag/schizophrenia/,/tag/schizophrenia/,tag-archive,post_tag-sitemap,200,,schizophrenia Archives - Tulasi Healthcare,42,,0,https://www.tulasihealthcare.com/tag/schizophrenia/,true,"index, follow, max-image-preview:large, max-snippet:-1, max-video-preview:-1",0,,17,549,,5,5,227,5,CollectionPage ImageObject BreadcrumbList WebSite Organization,2026-09-18T03:38:17+00:00
https://www.tulasihealthcare.com/tag/schizophrenia-awareness/,/tag/schizophrenia-awareness/,tag-archive,post_tag-sitemap,200,,schizophrenia awareness Archives - Tulasi Healthcare,52,,0,https://www.tulasihealthcare.com/tag/schizophrenia-awareness/,true,"index, follow, max-image-preview:large, max-snippet:-1, max-video-preview:-1",0,,15,484,,5,5,224,5,CollectionPage ImageObject BreadcrumbList WebSite Organization,2026-09-18T03:36:49+00:00
https://www.tulasihealthcare.com/tag/schizophrenia-recovery/,/tag/schizophrenia-recovery/,tag-archive,post_tag-sitemap,200,,schizophrenia recovery Archives - Tulasi Healthcare,51,,0,https://www.tulasihealthcare.com/tag/schizophrenia-recovery/,true,"index, follow, max-image-preview:large, max-snippet:-1, max-video-preview:-1",0,,14,454,,5,5,223,5,CollectionPage ImageObject BreadcrumbList WebSite Organization,2026-09-18T03:36:45+00:00
https://www.tulasihealthcare.com/tag/schizophrenia-support/,/tag/schizophrenia-support/,tag-archive,post_tag-sitemap,200,,schizophrenia support Archives - Tulasi Healthcare,50,,0,https://www.tulasihealthcare.com/tag/schizophrenia-support/,true,"index, follow, max-image-preview:large, max-snippet:-1, max-video-preview:-1",0,,14,456,,5,5,223,5,CollectionPage ImageObject BreadcrumbList WebSite Organization,2026-09-18T03:36:47+00:00
https://www.tulasihealthcare.com/tag/schizophrenia-treatment/,/tag/schizophrenia-treatment/,tag-archive,post_tag-sitemap,200,,schizophrenia treatment Archives - Tulasi Healthcare,52,,0,https://www.tulasihealthcare.com/tag/schizophrenia-treatment/,true,"index, follow, max-image-preview:large, max-snippet:-1, max-video-preview:-1",0,,15,482,,5,5,224,5,CollectionPage ImageObject BreadcrumbList WebSite Organization,2026-09-18T03:36:49+00:00
https://www.tulasihealthcare.com/tag/schizophrenia-types/,/tag/schizophrenia-types/,tag-archive,post_tag-sitemap,200,,schizophrenia types Archives - Tulasi Healthcare,48,,0,https://www.tulasihealthcare.com/tag/schizophrenia-types/,true,"index, follow, max-image-preview:large, max-snippet:-1, max-video-preview:-1",0,,15,486,,5,5,224,5,CollectionPage ImageObject BreadcrumbList WebSite Organization,2026-09-18T03:38:17+00:00
https://www.tulasihealthcare.com/tag/seek-help/,/tag/seek-help/,tag-archive,post_tag-sitemap,200,,seek help Archives - Tulasi Healthcare,38,,0,https://www.tulasihealthcare.com/tag/seek-help/,true,"index, follow, max-image-preview:large, max-snippet:-1, max-video-preview:-1",0,,15,483,,5,5,224,5,CollectionPage BreadcrumbList WebSite Organization,2026-09-18T03:36:50+00:00
https://www.tulasihealthcare.com/tag/self-care/,/tag/self-care/,tag-archive,post_tag-sitemap,200,,self care Archives - Tulasi Healthcare,38,,0,https://www.tulasihealthcare.com/tag/self-care/,true,"index, follow, max-image-preview:large, max-snippet:-1, max-video-preview:-1",0,,19,625,,5,5,228,5,CollectionPage ImageObject BreadcrumbList WebSite Organization,2026-09-18T03:36:50+00:00
https://www.tulasihealthcare.com/tag/self-diagnosis/,/tag/self-diagnosis/,tag-archive,post_tag-sitemap,200,,self diagnosis Archives - Tulasi Healthcare,43,,0,https://www.tulasihealthcare.com/tag/self-diagnosis/,true,"index, follow, max-image-preview:large, max-snippet:-1, max-video-preview:-1",0,,14,457,,5,5,223,5,CollectionPage ImageObject BreadcrumbList WebSite Organization,2026-09-18T03:36:43+00:00
https://www.tulasihealthcare.com/tag/self-improvement/,/tag/self-improvement/,tag-archive,post_tag-sitemap,200,,self improvement Archives - Tulasi Healthcare,45,,0,https://www.tulasihealthcare.com/tag/self-improvement/,true,"index, follow, max-image-preview:large, max-snippet:-1, max-video-preview:-1",0,,15,486,,5,5,224,5,CollectionPage ImageObject BreadcrumbList WebSite Organization,2026-09-18T03:36:49+00:00
https://www.tulasihealthcare.com/tag/selfcare/,/tag/selfcare/,tag-archive,post_tag-sitemap,200,,selfcare Archives - Tulasi Healthcare,37,,0,https://www.tulasihealthcare.com/tag/selfcare/,true,"index, follow, max-image-preview:large, max-snippet:-1, max-video-preview:-1",0,,18,584,,5,5,227,5,CollectionPage ImageObject BreadcrumbList WebSite Organization,2026-09-18T03:36:49+00:00
https://www.tulasihealthcare.com/tag/sexologist/,/tag/sexologist/,tag-archive,post_tag-sitemap,200,,sexologist Archives - Tulasi Healthcare,39,,0,https://www.tulasihealthcare.com/tag/sexologist/,true,"index, follow, max-image-preview:large, max-snippet:-1, max-video-preview:-1",0,,15,486,,5,5,225,5,CollectionPage ImageObject BreadcrumbList WebSite Organization,2026-09-18T03:36:51+00:00
https://www.tulasihealthcare.com/tag/sober-living/,/tag/sober-living/,tag-archive,post_tag-sitemap,200,,sober living Archives - Tulasi Healthcare,41,,0,https://www.tulasihealthcare.com/tag/sober-living/,true,"index, follow, max-image-preview:large, max-snippet:-1, max-video-preview:-1",0,,14,456,,5,5,223,5,CollectionPage ImageObject BreadcrumbList WebSite Organization,2026-09-18T03:36:45+00:00
https://www.tulasihealthcare.com/tag/sobriety/,/tag/sobriety/,tag-archive,post_tag-sitemap,200,,sobriety Archives - Tulasi Healthcare,37,,0,https://www.tulasihealthcare.com/tag/sobriety/,true,"index, follow, max-image-preview:large, max-snippet:-1, max-video-preview:-1",0,,14,455,,5,5,223,5,CollectionPage ImageObject BreadcrumbList WebSite Organization,2026-09-18T03:36:45+00:00
https://www.tulasihealthcare.com/tag/stress-management/,/tag/stress-management/,tag-archive,post_tag-sitemap,200,,stress management Archives - Tulasi Healthcare,46,,0,https://www.tulasihealthcare.com/tag/stress-management/,true,"index, follow, max-image-preview:large, max-snippet:-1, max-video-preview:-1",0,,17,549,,5,5,226,5,CollectionPage ImageObject BreadcrumbList WebSite Organization,2026-09-18T03:36:46+00:00
https://www.tulasihealthcare.com/tag/stress-relief/,/tag/stress-relief/,tag-archive,post_tag-sitemap,200,,stress relief Archives - Tulasi Healthcare,42,,0,https://www.tulasihealthcare.com/tag/stress-relief/,true,"index, follow, max-image-preview:large, max-snippet:-1, max-video-preview:-1",0,,15,500,,5,5,223,5,CollectionPage ImageObject BreadcrumbList WebSite Organization,2026-10-03T04:31:31+00:00
https://www.tulasihealthcare.com/tag/stress-vs-anxiety/,/tag/stress-vs-anxiety/,tag-archive,post_tag-sitemap,200,,stress vs anxiety Archives - Tulasi Healthcare,46,,0,https://www.tulasihealthcare.com/tag/stress-vs-anxiety/,true,"index, follow, max-image-preview:large, max-snippet:-1, max-video-preview:-1",0,,14,456,,5,5,223,5,CollectionPage ImageObject BreadcrumbList WebSite Organization,2026-09-18T03:36:45+00:00
https://www.tulasihealthcare.com/tag/substance-abuse/,/tag/substance-abuse/,tag-archive,post_tag-sitemap,200,,substance abuse Archives - Tulasi Healthcare,44,,0,https://www.tulasihealthcare.com/tag/substance-abuse/,true,"index, follow, max-image-preview:large, max-snippet:-1, max-video-preview:-1",0,,15,487,,5,5,225,5,CollectionPage ImageObject BreadcrumbList WebSite Organization,2026-09-18T03:38:17+00:00
https://www.tulasihealthcare.com/tag/suicidal/,/tag/suicidal/,tag-archive,post_tag-sitemap,200,,suicidal Archives - Tulasi Healthcare,37,,0,https://www.tulasihealthcare.com/tag/suicidal/,true,"index, follow, max-image-preview:large, max-snippet:-1, max-video-preview:-1",0,,14,453,,5,5,223,5,CollectionPage ImageObject BreadcrumbList WebSite Organization,2026-09-18T03:38:17+00:00
https://www.tulasihealthcare.com/tag/therapies/,/tag/therapies/,tag-archive,post_tag-sitemap,200,,therapies Archives - Tulasi Healthcare,38,,0,https://www.tulasihealthcare.com/tag/therapies/,true,"index, follow, max-image-preview:large, max-snippet:-1, max-video-preview:-1",0,,14,451,,5,5,223,5,CollectionPage ImageObject BreadcrumbList WebSite Organization,2026-09-18T03:38:17+00:00
https://www.tulasihealthcare.com/tag/therapist-near-me/,/tag/therapist-near-me/,tag-archive,post_tag-sitemap,200,,therapist near me Archives - Tulasi Healthcare,46,,0,https://www.tulasihealthcare.com/tag/therapist-near-me/,true,"index, follow, max-image-preview:large, max-snippet:-1, max-video-preview:-1",0,,19,625,,5,5,227,5,CollectionPage ImageObject BreadcrumbList WebSite Organization,2026-10-03T04:31:31+00:00
https://www.tulasihealthcare.com/tag/therapy-and-counseling/,/tag/therapy-and-counseling/,tag-archive,post_tag-sitemap,200,,therapy and counseling Archives - Tulasi Healthcare,51,,0,https://www.tulasihealthcare.com/tag/therapy-and-counseling/,true,"index, follow, max-image-preview:large, max-snippet:-1, max-video-preview:-1",0,,15,493,,5,5,223,5,CollectionPage ImageObject BreadcrumbList WebSite Organization,2026-10-03T04:31:06+00:00
https://www.tulasihealthcare.com/tag/therapy-duration/,/tag/therapy-duration/,tag-archive,post_tag-sitemap,200,,therapy duration Archives - Tulasi Healthcare,45,,0,https://www.tulasihealthcare.com/tag/therapy-duration/,true,"index, follow, max-image-preview:large, max-snippet:-1, max-video-preview:-1",0,,14,455,,5,5,223,5,CollectionPage ImageObject BreadcrumbList WebSite Organization,2026-09-18T03:36:45+00:00
https://www.tulasihealthcare.com/tag/therapy-healing/,/tag/therapy-healing/,tag-archive,post_tag-sitemap,200,,therapy healing Archives - Tulasi Healthcare,44,,0,https://www.tulasihealthcare.com/tag/therapy-healing/,true,"index, follow, max-image-preview:large, max-snippet:-1, max-video-preview:-1",0,,14,457,,5,5,223,5,CollectionPage ImageObject BreadcrumbList WebSite Organization,2026-09-18T03:36:46+00:00
https://www.tulasihealthcare.com/tag/therapy-helps/,/tag/therapy-helps/,tag-archive,post_tag-sitemap,200,,therapy helps Archives - Tulasi Healthcare,42,,0,https://www.tulasihealthcare.com/tag/therapy-helps/,true,"index, follow, max-image-preview:large, max-snippet:-1, max-video-preview:-1",0,,14,455,,5,5,223,5,CollectionPage ImageObject BreadcrumbList WebSite Organization,2026-09-18T03:36:45+00:00
https://www.tulasihealthcare.com/tag/therapy-journey/,/tag/therapy-journey/,tag-archive,post_tag-sitemap,200,,therapy journey Archives - Tulasi Healthcare,44,,0,https://www.tulasihealthcare.com/tag/therapy-journey/,true,"index, follow, max-image-preview:large, max-snippet:-1, max-video-preview:-1",0,,15,487,,5,5,224,5,CollectionPage ImageObject BreadcrumbList WebSite Organization,2026-09-18T03:36:49+00:00
https://www.tulasihealthcare.com/tag/therapy-matters/,/tag/therapy-matters/,tag-archive,post_tag-sitemap,200,,therapy matters Archives - Tulasi Healthcare,44,,0,https://www.tulasihealthcare.com/tag/therapy-matters/,true,"index, follow, max-image-preview:large, max-snippet:-1, max-video-preview:-1",0,,14,458,,5,5,223,5,CollectionPage ImageObject BreadcrumbList WebSite Organization,2026-09-18T03:36:44+00:00
https://www.tulasihealthcare.com/tag/therapy-myths/,/tag/therapy-myths/,tag-archive,post_tag-sitemap,200,,therapy myths Archives - Tulasi Healthcare,42,,0,https://www.tulasihealthcare.com/tag/therapy-myths/,true,"index, follow, max-image-preview:large, max-snippet:-1, max-video-preview:-1",0,,14,455,,5,5,223,5,CollectionPage ImageObject BreadcrumbList WebSite Organization,2026-09-18T03:36:45+00:00
https://www.tulasihealthcare.com/tag/therapy-support/,/tag/therapy-support/,tag-archive,post_tag-sitemap,200,,therapy support Archives - Tulasi Healthcare,44,,0,https://www.tulasihealthcare.com/tag/therapy-support/,true,"index, follow, max-image-preview:large, max-snippet:-1, max-video-preview:-1",0,,17,553,,5,5,227,5,CollectionPage ImageObject BreadcrumbList WebSite Organization,2026-09-18T03:36:46+00:00
https://www.tulasihealthcare.com/tag/therapy-tips/,/tag/therapy-tips/,tag-archive,post_tag-sitemap,200,,therapy tips Archives - Tulasi Healthcare,41,,0,https://www.tulasihealthcare.com/tag/therapy-tips/,true,"index, follow, max-image-preview:large, max-snippet:-1, max-video-preview:-1",0,,15,490,,5,5,224,5,CollectionPage ImageObject BreadcrumbList WebSite Organization,2026-09-18T03:36:46+00:00
https://www.tulasihealthcare.com/tag/therapy-works/,/tag/therapy-works/,tag-archive,post_tag-sitemap,200,,therapy works Archives - Tulasi Healthcare,42,,0,https://www.tulasihealthcare.com/tag/therapy-works/,true,"index, follow, max-image-preview:large, max-snippet:-1, max-video-preview:-1",0,,21,677,,5,5,231,5,CollectionPage ImageObject BreadcrumbList WebSite Organization,2026-09-18T03:36:49+00:00
https://www.tulasihealthcare.com/tag/top-3-psychiatrist-in-india/,/tag/top-3-psychiatrist-in-india/,tag-archive,post_tag-sitemap,200,,Top 3 psychiatrist in india Archives - Tulasi Healthcare,56,,0,https://www.tulasihealthcare.com/tag/top-3-psychiatrist-in-india/,true,"index, follow, max-image-preview:large, max-snippet:-1, max-video-preview:-1",0,,14,457,,5,5,223,5,CollectionPage ImageObject BreadcrumbList WebSite Organization,2026-09-18T03:38:15+00:00
https://www.tulasihealthcare.com/tag/top-rehabilitation-centre/,/tag/top-rehabilitation-centre/,tag-archive,post_tag-sitemap,200,,top rehabilitation centre Archives - Tulasi Healthcare,54,,0,https://www.tulasihealthcare.com/tag/top-rehabilitation-centre/,true,"index, follow, max-image-preview:large, max-snippet:-1, max-video-preview:-1",0,,14,454,,5,5,223,5,CollectionPage BreadcrumbList WebSite Organization,2026-09-18T03:38:14+00:00
https://www.tulasihealthcare.com/tag/tulasi-healthcare/,/tag/tulasi-healthcare/,tag-archive,post_tag-sitemap,200,,tulasi healthcare Archives - Tulasi Healthcare,46,,0,https://www.tulasihealthcare.com/tag/tulasi-healthcare/,true,"index, follow, max-image-preview:large, max-snippet:-1, max-video-preview:-1",0,,15,491,,5,5,224,5,CollectionPage ImageObject BreadcrumbList WebSite Organization,2026-09-18T03:38:15+00:00
https://www.tulasihealthcare.com/tag/wellness/,/tag/wellness/,tag-archive,post_tag-sitemap,200,,wellness Archives - Tulasi Healthcare,37,,0,https://www.tulasihealthcare.com/tag/wellness/,true,"index, follow, max-image-preview:large, max-snippet:-1, max-video-preview:-1",0,,14,451,,5,5,223,5,CollectionPage BreadcrumbList WebSite Organization,2026-09-18T03:36:50+00:00
https://www.tulasihealthcare.com/tag/work-stress/,/tag/work-stress/,tag-archive,post_tag-sitemap,200,,work stress Archives - Tulasi Healthcare,40,,0,https://www.tulasihealthcare.com/tag/work-stress/,true,"index, follow, max-image-preview:large, max-snippet:-1, max-video-preview:-1",0,,14,455,,5,5,223,5,CollectionPage ImageObject BreadcrumbList WebSite Organization,2026-09-18T03:36:45+00:00
https://www.tulasihealthcare.com/tag/workplace-stress/,/tag/workplace-stress/,tag-archive,post_tag-sitemap,200,,workplace stress Archives - Tulasi Healthcare,45,,0,https://www.tulasihealthcare.com/tag/workplace-stress/,true,"index, follow, max-image-preview:large, max-snippet:-1, max-video-preview:-1",0,,14,460,,5,5,223,5,CollectionPage ImageObject BreadcrumbList WebSite Organization,2026-09-18T03:36:44+00:00
https://www.tulasihealthcare.com/author/tulasihe_new/,/author/tulasihe_new/,author-archive,author-sitemap,200,,"admin, Author at Tulasi Healthcare",34,,0,https://www.tulasihealthcare.com/author/tulasihe_new/,true,"index, follow, max-image-preview:large, max-snippet:-1, max-video-preview:-1",0,,22,707,,5,5,231,5,ProfilePage ImageObject BreadcrumbList WebSite Organization Person,2026-04-07T11:06:09+00:00
https://www.tulasihealthcare.com/author/dr-ratnarakshit-ingole/,/author/dr-ratnarakshit-ingole/,author-archive,author-sitemap,200,,"Dr. Ratnarakshit Ingole, Author at Tulasi Healthcare",52,,0,https://www.tulasihealthcare.com/author/dr-ratnarakshit-ingole/,true,"index, follow, max-image-preview:large, max-snippet:-1, max-video-preview:-1",0,,22,731,,5,5,231,5,ProfilePage ImageObject BreadcrumbList WebSite Organization Person,2025-04-18T06:58:14+00:00
https://www.tulasihealthcare.com/author/dr-gorav-gupta/,/author/dr-gorav-gupta/,author-archive,author-sitemap,200,,"Dr. Gorav Gupta, Author at Tulasi Healthcare",44,,0,https://www.tulasihealthcare.com/author/dr-gorav-gupta/,true,"index, follow, max-image-preview:large, max-snippet:-1, max-video-preview:-1",0,,22,728,,5,5,229,5,ProfilePage ImageObject BreadcrumbList WebSite Organization Person,2025-04-18T06:17:27+00:00
https://www.tulasihealthcare.com/blog/can-a-person-with-ocd-live-a-happy-life/,/blog/can-a-person-with-ocd-live-a-happy-life/,blog-post,rest-post-not-in-sitemap,200,,Can a Person with OCD Live a Happy Life? - Tulasi Healthcare,60,"People with OCD can live fulfilling lives. Learn how therapy, medication, and support can help manage symptoms and improve overall well-being.",142,https://www.tulasihealthcare.com/blog/can-a-person-with-ocd-live-a-happy-life/,true,"index, follow, max-image-preview:large, max-snippet:-1, max-video-preview:-1",1,Living with OCD: Is a Happy Life Possible?,20,841,393,7,6,226,5,Article WebPage ImageObject BreadcrumbList WebSite Organization Person,2026-09-18T03:36:49
https://www.tulasihealthcare.com/blog/what-are-the-4-stages-of-group-therapy/,/blog/what-are-the-4-stages-of-group-therapy/,blog-post,rest-post-not-in-sitemap,200,,What are the 4 Stages of Group Therapy? - Tulasi Healthcare,59,"Discover the 4 key stages of group therapy and how they support healing, trust-building, and personal growth through shared experiences.",136,https://www.tulasihealthcare.com/blog/what-are-the-4-stages-of-group-therapy/,true,"index, follow, max-image-preview:large, max-snippet:-1, max-video-preview:-1",1,How Group Therapy Works: The 4 Stages Explained,22,894,449,7,6,224,6,Article WebPage ImageObject BreadcrumbList WebSite Organization Person,2026-09-18T03:36:49
https://www.tulasihealthcare.com/blog/what-does-exposure-therapy-do/,/blog/what-does-exposure-therapy-do/,blog-post,rest-post-not-in-sitemap,200,,What does Exposure Therapy Do? - Tulasi Healthcare,50,"Learn how exposure therapy helps overcome phobias and anxiety. Consult a psychologist in Gurgaon for safe, effective mental health treatment.",141,https://www.tulasihealthcare.com/blog/what-does-exposure-therapy-do/,true,"index, follow, max-image-preview:large, max-snippet:-1, max-video-preview:-1",1,How Exposure Therapy Works?,20,831,390,7,6,225,5,Article WebPage ImageObject BreadcrumbList WebSite Organization Person,2026-09-18T03:36:49
https://www.tulasihealthcare.com/blog/what-is-the-rebt-approach-to-therapy/,/blog/what-is-the-rebt-approach-to-therapy/,blog-post,rest-post-not-in-sitemap,200,,What is the REBT Approach to Therapy? - Tulasi Healthcare,57,Discover how REBT therapy helps transform negative thoughts. Consult top psychologists in Delhi for effective mental health support today.,138,https://www.tulasihealthcare.com/blog/what-is-the-rebt-approach-to-therapy/,true,"index, follow, max-image-preview:large, max-snippet:-1, max-video-preview:-1",0,,20,809,368,7,6,226,5,Article WebPage ImageObject BreadcrumbList WebSite Organization Person,2026-09-18T03:36:49